{
"type": "FeatureCollection",
"name": "phl_admin4",
"xy_coordinate_resolution": 1e-07,
"bbox": [ 120.9244946, 14.3539431, 121.0116283, 14.4755000 ],                                                                      
"features": [
{ "type": "Feature", "properties": { "adm4_name": "Alima", "adm4_ref_name": "Alima", "adm4_pcode": "PH0402103001", "adm3_name": "Bacoor City", "adm3_pcode": "PH0402103", "adm2_name": "Cavite", "adm2_pcode": "PH04021", "adm1_name": "Region IV-A (Calabarzon)", "adm1_pcode": "PH04", "adm0_name": "Philippines", "adm0_pcode": "PH", "valid_on": "2025-02-13", "valid_to": null, "area_sqkm": 0.5400801, "version": "v03", "lang": "en", "center_lat": 14.45919171, "center_lon": 120.93502583 }, "bbox": [ 120.9318303, 14.4542507, 120.9385313, 14.4640203 ], "geometry": { "type": "Polygon", "coordinates": [ [ [ 120.9369205, 14.4626988 ], [ 120.9365572, 14.4640203 ], [ 120.9351886, 14.4636229 ], [ 120.9351797, 14.4636229 ], [ 120.9351656, 14.4636263 ], [ 120.9351568, 14.4636366 ], [ 120.9351479, 14.463652 ], [ 120.9351267, 14.4636709 ], [ 120.9350667, 14.4637017 ], [ 120.9350384, 14.463712 ], [ 120.9350154, 14.4637154 ], [ 120.9349925, 14.4637154 ], [ 120.9349518, 14.4637103 ], [ 120.9349023, 14.4637018 ], [ 120.9348422, 14.4636865 ], [ 120.9348086, 14.4636762 ], [ 120.9347768, 14.4636625 ], [ 120.9347291, 14.4636386 ], [ 120.9346372, 14.4636027 ], [ 120.934623, 14.4635959 ], [ 120.9345735, 14.4635822 ], [ 120.9344851, 14.4635635 ], [ 120.9344569, 14.4635532 ], [ 120.9344321, 14.4635413 ], [ 120.9344162, 14.4635378 ], [ 120.9344127, 14.4635344 ], [ 120.9343721, 14.4635171 ], [ 120.934358, 14.4635154 ], [ 120.9343226, 14.4635069 ], [ 120.9342731, 14.4634898 ], [ 120.9342448, 14.4634761 ], [ 120.9342307, 14.4634659 ], [ 120.9341741, 14.4634385 ], [ 120.9341299, 14.4634197 ], [ 120.9341034, 14.4634129 ], [ 120.9340645, 14.4633993 ], [ 120.9340309, 14.4633924 ], [ 120.9339584, 14.4633685 ], [ 120.9339231, 14.4633548 ], [ 120.9338771, 14.4633343 ], [ 120.9337923, 14.4633139 ], [ 120.9337251, 14.4632934 ], [ 120.9337004, 14.4632831 ], [ 120.9336827, 14.4632797 ], [ 120.933635, 14.4632643 ], [ 120.9335501, 14.4632421 ], [ 120.9335148, 14.4632285 ], [ 120.9334989, 14.4632199 ], [ 120.9334829, 14.4632148 ], [ 120.9334706, 14.463208 ], [ 120.9334158, 14.463184 ], [ 120.933368, 14.4631687 ], [ 120.9333521, 14.4631618 ], [ 120.9332797, 14.4631413 ], [ 120.9332602, 14.4631311 ], [ 120.9331718, 14.4631003 ], [ 120.9331082, 14.4630679 ], [ 120.9330799, 14.4630559 ], [ 120.9330675, 14.4630491 ], [ 120.932942, 14.4630098 ], [ 120.9329137, 14.4629978 ], [ 120.9328678, 14.4629842 ], [ 120.9328183, 14.4629739 ], [ 120.9328094, 14.4629739 ], [ 120.9328006, 14.4629705 ], [ 120.9327511, 14.462962 ], [ 120.9327405, 14.4629586 ], [ 120.9327264, 14.4629569 ], [ 120.932714, 14.4629518 ], [ 120.9326461, 14.4629353 ], [ 120.9325807, 14.4629079 ], [ 120.9325365, 14.4628943 ], [ 120.93251, 14.4628892 ], [ 120.9324958, 14.462884 ], [ 120.9324552, 14.4628755 ], [ 120.9324057, 14.4628618 ], [ 120.932365, 14.4628465 ], [ 120.9323208, 14.4628208 ], [ 120.9322855, 14.4628072 ], [ 120.9322466, 14.4627986 ], [ 120.9321971, 14.4627901 ], [ 120.9321741, 14.4627799 ], [ 120.9321546, 14.4627679 ], [ 120.9321264, 14.4627422 ], [ 120.9321087, 14.4627234 ], [ 120.9320998, 14.4627166 ], [ 120.9320892, 14.4627115 ], [ 120.9320768, 14.4627098 ], [ 120.9320627, 14.4627132 ], [ 120.9320486, 14.46272 ], [ 120.9320362, 14.4627235 ], [ 120.9320238, 14.4627218 ], [ 120.9320026, 14.4627149 ], [ 120.9319973, 14.4627149 ], [ 120.9319461, 14.462703 ], [ 120.9319195, 14.4626893 ], [ 120.9318983, 14.4626722 ], [ 120.9318771, 14.4626603 ], [ 120.9318665, 14.4626568 ], [ 120.9318418, 14.4626432 ], [ 120.9318303, 14.4626378 ], [ 120.9321868, 14.4600767 ], [ 120.9321872, 14.4600732 ], [ 120.932297, 14.4592856 ], [ 120.932343, 14.4590023 ], [ 120.9323522, 14.458937 ], [ 120.9323626, 14.458864 ], [ 120.9323742, 14.4587825 ], [ 120.9323845, 14.4587095 ], [ 120.9324215, 14.4585682 ], [ 120.9322435, 14.458541 ], [ 120.9321249, 14.4585592 ], [ 120.9321806, 14.4585195 ], [ 120.9322123, 14.4584968 ], [ 120.9323442, 14.4582218 ], [ 120.9324183, 14.4580287 ], [ 120.932462, 14.4577946 ], [ 120.9326342, 14.4567095 ], [ 120.9326237, 14.4563102 ], [ 120.932464, 14.4552077 ], [ 120.932787, 14.4550637 ], [ 120.9330119, 14.4550228 ], [ 120.9331919, 14.4550348 ], [ 120.933332, 14.4550792 ], [ 120.9335071, 14.4551727 ], [ 120.9336395, 14.4552816 ], [ 120.9338535, 14.4555269 ], [ 120.9339275, 14.4557838 ], [ 120.9339664, 14.4560134 ], [ 120.9340287, 14.4562041 ], [ 120.9342233, 14.4564143 ], [ 120.9343712, 14.4565389 ], [ 120.9346048, 14.4565856 ], [ 120.9347838, 14.4565778 ], [ 120.9349629, 14.4565116 ], [ 120.9350913, 14.4563793 ], [ 120.9351174, 14.4563116 ], [ 120.9351497, 14.4562275 ], [ 120.9351731, 14.4560056 ], [ 120.9351458, 14.4557721 ], [ 120.9350874, 14.4555269 ], [ 120.9350797, 14.4553517 ], [ 120.9350913, 14.4552544 ], [ 120.9351193, 14.455074 ], [ 120.9351937, 14.4548756 ], [ 120.9353226, 14.4546375 ], [ 120.9354664, 14.4544292 ], [ 120.9356896, 14.4542556 ], [ 120.9359078, 14.4542507 ], [ 120.9361013, 14.4542904 ], [ 120.93626, 14.4543747 ], [ 120.936756, 14.4546375 ], [ 120.9370684, 14.4547665 ], [ 120.9372866, 14.4548111 ], [ 120.9374652, 14.4548111 ], [ 120.9377181, 14.454707 ], [ 120.9378818, 14.4545929 ], [ 120.9380987, 14.4543732 ], [ 120.9383395, 14.4545475 ], [ 120.9384455, 14.4546798 ], [ 120.9385089, 14.4549408 ], [ 120.9385313, 14.4550602 ], [ 120.9385052, 14.4552205 ], [ 120.9384008, 14.4554592 ], [ 120.9381807, 14.4558471 ], [ 120.9381419, 14.4559637 ], [ 120.938104, 14.4560773 ], [ 120.9381282, 14.4562098 ], [ 120.9381734, 14.4563228 ], [ 120.9382413, 14.4563923 ], [ 120.9383349, 14.4564375 ], [ 120.9383084, 14.4566829 ], [ 120.9382049, 14.4571194 ], [ 120.9380918, 14.4575154 ], [ 120.9380729, 14.4576583 ], [ 120.9379819, 14.4581652 ], [ 120.9378006, 14.458708 ], [ 120.9377558, 14.4590978 ], [ 120.9374905, 14.4606249 ], [ 120.9369222, 14.4626913 ], [ 120.9369205, 14.4626988 ] ] ] } },
{ "type": "Feature", "properties": { "adm4_name": "Aniban I", "adm4_ref_name": "Aniban I", "adm4_pcode": "PH0402103002", "adm3_name": "Bacoor City", "adm3_pcode": "PH0402103", "adm2_name": "Cavite", "adm2_pcode": "PH04021", "adm1_name": "Region IV-A (Calabarzon)", "adm1_pcode": "PH04", "adm0_name": "Philippines", "adm0_pcode": "PH", "valid_on": "2025-02-13", "valid_to": null, "area_sqkm": 0.26359148, "version": "v03", "lang": "en", "center_lat": 14.45821225, "center_lon": 120.96322373 }, "bbox": [ 120.9609575, 14.4540771, 120.9659014, 14.4622232 ], "geometry": { "type": "Polygon", "coordinates": [ [ [ 120.9634106, 14.4622226 ], [ 120.9634103, 14.4622232 ], [ 120.9628298, 14.4618434 ], [ 120.9624075, 14.461569 ], [ 120.9623539, 14.4615338 ], [ 120.9623003, 14.4615006 ], [ 120.9618721, 14.461222 ], [ 120.9614948, 14.461002 ], [ 120.9609575, 14.4606484 ], [ 120.9615223, 14.4597855 ], [ 120.9618277, 14.4592497 ], [ 120.9616, 14.4591738 ], [ 120.9615241, 14.4590057 ], [ 120.9615055, 14.4589767 ], [ 120.9613126, 14.4586749 ], [ 120.9615031, 14.4578168 ], [ 120.9615067, 14.4570117 ], [ 120.9618419, 14.4557155 ], [ 120.962057, 14.4549738 ], [ 120.9622472, 14.4543831 ], [ 120.962428, 14.4544109 ], [ 120.9626844, 14.4544705 ], [ 120.962738, 14.4544725 ], [ 120.9628076, 14.4544507 ], [ 120.9629606, 14.4543752 ], [ 120.9631057, 14.4543215 ], [ 120.9632856, 14.4542836 ], [ 120.9637278, 14.4540771 ], [ 120.9638738, 14.4541201 ], [ 120.9638758, 14.4543634 ], [ 120.9639817, 14.4543775 ], [ 120.9646854, 14.4546713 ], [ 120.9644848, 14.4550976 ], [ 120.9642842, 14.4555489 ], [ 120.9647167, 14.4557527 ], [ 120.9647208, 14.4557947 ], [ 120.9647468, 14.4558402 ], [ 120.964802, 14.455884 ], [ 120.9648474, 14.4559002 ], [ 120.964888, 14.4558921 ], [ 120.9649334, 14.455871 ], [ 120.9649724, 14.4558337 ], [ 120.9649984, 14.4557947 ], [ 120.9650105, 14.4557439 ], [ 120.9654753, 14.4559342 ], [ 120.9658475, 14.4561721 ], [ 120.9659014, 14.4562914 ], [ 120.9658937, 14.4564378 ], [ 120.9658051, 14.4568344 ], [ 120.9652947, 14.4578818 ], [ 120.9647696, 14.4585427 ], [ 120.9644231, 14.459115 ], [ 120.9642635, 14.4593786 ], [ 120.9636405, 14.460183 ], [ 120.9635027, 14.4603745 ], [ 120.9634519, 14.4604807 ], [ 120.9631315, 14.4607934 ], [ 120.9632223, 14.460975 ], [ 120.9633735, 14.461125 ], [ 120.9641054, 14.4613866 ], [ 120.9636915, 14.4617074 ], [ 120.9634106, 14.4622226 ] ] ] } },
{ "type": "Feature", "properties": { "adm4_name": "Banalo", "adm4_ref_name": "Banalo", "adm4_pcode": "PH0402103003", "adm3_name": "Bacoor City", "adm3_pcode": "PH0402103", "adm2_name": "Cavite", "adm2_pcode": "PH04021", "adm1_name": "Region IV-A (Calabarzon)", "adm1_pcode": "PH04", "adm0_name": "Philippines", "adm0_pcode": "PH", "valid_on": "2025-02-13", "valid_to": null, "area_sqkm": 0.19494869, "version": "v03", "lang": "en", "center_lat": 14.45573199, "center_lon": 120.93029813 }, "bbox": [ 120.9276081, 14.4533354, 120.9326342, 14.4585592 ], "geometry": { "type": "Polygon", "coordinates": [ [ [ 120.9321806, 14.4585195 ], [ 120.9321249, 14.4585592 ], [ 120.9317415, 14.4584809 ], [ 120.9310701, 14.458317 ], [ 120.9307541, 14.458311 ], [ 120.9304953, 14.4582944 ], [ 120.9302921, 14.4582291 ], [ 120.9299343, 14.4580091 ], [ 120.9298424, 14.4579801 ], [ 120.9297809, 14.4579804 ], [ 120.9297263, 14.4579994 ], [ 120.9291079, 14.458184 ], [ 120.928984, 14.4582001 ], [ 120.9279516, 14.4579324 ], [ 120.9276081, 14.4577358 ], [ 120.9279437, 14.4573062 ], [ 120.9281854, 14.456796 ], [ 120.9281791, 14.456214 ], [ 120.9281343, 14.4559592 ], [ 120.9279784, 14.4555048 ], [ 120.9279462, 14.4554109 ], [ 120.9282013, 14.4549584 ], [ 120.9288054, 14.4537909 ], [ 120.9289622, 14.4535934 ], [ 120.9291186, 14.4534643 ], [ 120.9293108, 14.453361 ], [ 120.9294357, 14.4533354 ], [ 120.9296108, 14.453386 ], [ 120.9297237, 14.4534522 ], [ 120.9298054, 14.4535534 ], [ 120.9298755, 14.453678 ], [ 120.9299962, 14.4539232 ], [ 120.9302453, 14.454655 ], [ 120.9303776, 14.4548846 ], [ 120.9305294, 14.4550403 ], [ 120.9307007, 14.4551727 ], [ 120.9308798, 14.4552466 ], [ 120.9313079, 14.4553517 ], [ 120.9316621, 14.4553673 ], [ 120.9319112, 14.4553712 ], [ 120.9321175, 14.4553167 ], [ 120.932464, 14.4552077 ], [ 120.9326237, 14.4563102 ], [ 120.9326342, 14.4567095 ], [ 120.932462, 14.4577946 ], [ 120.9324183, 14.4580287 ], [ 120.9323442, 14.4582218 ], [ 120.9322123, 14.4584968 ], [ 120.9321806, 14.4585195 ] ] ] } },
{ "type": "Feature", "properties": { "adm4_name": "Bayanan", "adm4_ref_name": "Bayanan", "adm4_pcode": "PH0402103004", "adm3_name": "Bacoor City", "adm3_pcode": "PH0402103", "adm2_name": "Cavite", "adm2_pcode": "PH04021", "adm1_name": "Region IV-A (Calabarzon)", "adm1_pcode": "PH04", "adm0_name": "Philippines", "adm0_pcode": "PH", "valid_on": "2025-02-13", "valid_to": null, "area_sqkm": 2.36987703, "version": "v03", "lang": "en", "center_lat": 14.42436278, "center_lon": 120.96935265 }, "bbox": [ 120.9554122, 14.4122183, 120.9750144, 14.4366634 ], "geometry": { "type": "Polygon", "coordinates": [ [ [ 120.9690379, 14.4363205 ], [ 120.9690749, 14.4366634 ], [ 120.9689398, 14.4366268 ], [ 120.9687437, 14.4365812 ], [ 120.9685232, 14.4365128 ], [ 120.9682991, 14.4364649 ], [ 120.9682064, 14.4364182 ], [ 120.9681222, 14.4363879 ], [ 120.9679827, 14.4363754 ], [ 120.9679123, 14.4363644 ], [ 120.9678708, 14.436374 ], [ 120.9646092, 14.4357438 ], [ 120.9639284, 14.4355062 ], [ 120.9641395, 14.4343795 ], [ 120.9641389, 14.4342725 ], [ 120.9640711, 14.433869 ], [ 120.964045, 14.4335133 ], [ 120.9640748, 14.4331251 ], [ 120.964089, 14.4329411 ], [ 120.9625575, 14.4326846 ], [ 120.9617328, 14.4327991 ], [ 120.9601063, 14.4329595 ], [ 120.9578447, 14.4326052 ], [ 120.9576692, 14.4323068 ], [ 120.9557442, 14.432314 ], [ 120.9554122, 14.4270797 ], [ 120.9569935, 14.427031 ], [ 120.9582077, 14.4269937 ], [ 120.9599542, 14.4269602 ], [ 120.9604967, 14.4271082 ], [ 120.9609996, 14.4274374 ], [ 120.9611792, 14.4272884 ], [ 120.9620965, 14.4265966 ], [ 120.9631437, 14.4258245 ], [ 120.9634954, 14.4255722 ], [ 120.9636024, 14.425492 ], [ 120.9636559, 14.4254155 ], [ 120.9636788, 14.4253238 ], [ 120.9637344, 14.4249082 ], [ 120.9637667, 14.4246702 ], [ 120.9638547, 14.4240319 ], [ 120.964019, 14.4233172 ], [ 120.9640767, 14.4229378 ], [ 120.964282, 14.4221734 ], [ 120.9647055, 14.4204392 ], [ 120.9647685, 14.4202879 ], [ 120.9648148, 14.4201324 ], [ 120.9648946, 14.4197542 ], [ 120.9649955, 14.4193801 ], [ 120.9651006, 14.4189935 ], [ 120.9652561, 14.418464 ], [ 120.9652939, 14.4181403 ], [ 120.9653107, 14.4177495 ], [ 120.9653107, 14.4173503 ], [ 120.9653737, 14.4169678 ], [ 120.9654662, 14.4165854 ], [ 120.9657615, 14.4150612 ], [ 120.9672747, 14.4134375 ], [ 120.967788, 14.4122183 ], [ 120.9681387, 14.412328 ], [ 120.9684215, 14.4124484 ], [ 120.9688099, 14.4125829 ], [ 120.9695628, 14.4128072 ], [ 120.9696285, 14.4128729 ], [ 120.9697062, 14.4129505 ], [ 120.9696219, 14.4130969 ], [ 120.9694575, 14.4136092 ], [ 120.9694285, 14.4139089 ], [ 120.9695059, 14.4141022 ], [ 120.9697112, 14.4144105 ], [ 120.9698054, 14.4146321 ], [ 120.9698276, 14.4147928 ], [ 120.9698276, 14.415128 ], [ 120.9698553, 14.4153829 ], [ 120.9698664, 14.4154687 ], [ 120.9698525, 14.4155934 ], [ 120.969811, 14.4157014 ], [ 120.9696858, 14.4159564 ], [ 120.9695476, 14.4163492 ], [ 120.9694527, 14.4166254 ], [ 120.9694138, 14.4168887 ], [ 120.969444, 14.4171003 ], [ 120.9695341, 14.4173901 ], [ 120.9696297, 14.4176269 ], [ 120.9697246, 14.4178514 ], [ 120.9698455, 14.4180845 ], [ 120.9699559, 14.4182818 ], [ 120.9700324, 14.4183976 ], [ 120.9701308, 14.4185418 ], [ 120.9701548, 14.4186336 ], [ 120.9701592, 14.418732 ], [ 120.9701417, 14.4188194 ], [ 120.9700915, 14.4188719 ], [ 120.9700062, 14.4188981 ], [ 120.9699297, 14.4189243 ], [ 120.9698838, 14.4189942 ], [ 120.9698666, 14.4190502 ], [ 120.9698601, 14.4191086 ], [ 120.969873, 14.4191736 ], [ 120.969899, 14.4192333 ], [ 120.9699523, 14.4193567 ], [ 120.9699625, 14.4194094 ], [ 120.969951, 14.4194515 ], [ 120.9699172, 14.4194931 ], [ 120.9698596, 14.4195033 ], [ 120.9697588, 14.4195398 ], [ 120.9697016, 14.4195593 ], [ 120.9696406, 14.4195593 ], [ 120.969599, 14.419584 ], [ 120.969586, 14.4196074 ], [ 120.9695834, 14.4196463 ], [ 120.9695951, 14.4196879 ], [ 120.9696029, 14.4197619 ], [ 120.9696029, 14.4198464 ], [ 120.9696003, 14.4199503 ], [ 120.9696143, 14.4200726 ], [ 120.9696264, 14.4202543 ], [ 120.9696506, 14.4204662 ], [ 120.9696809, 14.4206479 ], [ 120.9697293, 14.4207872 ], [ 120.969796, 14.4209962 ], [ 120.9698353, 14.4212112 ], [ 120.9699019, 14.4214716 ], [ 120.9699171, 14.4216139 ], [ 120.9698959, 14.4217804 ], [ 120.9698373, 14.4219066 ], [ 120.9697567, 14.422015 ], [ 120.9735079, 14.4223404 ], [ 120.9744119, 14.4223967 ], [ 120.9743942, 14.422746 ], [ 120.9743942, 14.4235817 ], [ 120.974403, 14.4242405 ], [ 120.9746388, 14.4242357 ], [ 120.9748992, 14.4242304 ], [ 120.9748935, 14.4244851 ], [ 120.9748992, 14.4250973 ], [ 120.9748906, 14.425975 ], [ 120.9748879, 14.426201 ], [ 120.974922, 14.4264145 ], [ 120.974966, 14.4267241 ], [ 120.9749946, 14.4272552 ], [ 120.9750144, 14.427818 ], [ 120.975011, 14.4279195 ], [ 120.9750034, 14.4280883 ], [ 120.9732865, 14.4280653 ], [ 120.9727346, 14.4280579 ], [ 120.9700593, 14.4280222 ], [ 120.9700516, 14.4280221 ], [ 120.9688154, 14.4280055 ], [ 120.9688376, 14.4280312 ], [ 120.9688359, 14.4280739 ], [ 120.9688257, 14.42812 ], [ 120.9687642, 14.4283097 ], [ 120.9687505, 14.4283575 ], [ 120.9687437, 14.4283866 ], [ 120.968742, 14.4284224 ], [ 120.9687762, 14.4284505 ], [ 120.9688189, 14.4284634 ], [ 120.9688343, 14.4284698 ], [ 120.9688487, 14.4284965 ], [ 120.9688709, 14.4285176 ], [ 120.9689176, 14.4285287 ], [ 120.9690041, 14.4285275 ], [ 120.9690574, 14.4285309 ], [ 120.9690885, 14.4285497 ], [ 120.969104, 14.4285864 ], [ 120.9691124, 14.4286449 ], [ 120.9691207, 14.4287 ], [ 120.9691124, 14.428762 ], [ 120.9690863, 14.4288351 ], [ 120.9690674, 14.4288638 ], [ 120.9690422, 14.4289274 ], [ 120.9690339, 14.4289632 ], [ 120.9690353, 14.4290197 ], [ 120.9690587, 14.4290652 ], [ 120.9691028, 14.42909 ], [ 120.9691469, 14.4290969 ], [ 120.969191, 14.4290872 ], [ 120.9692213, 14.4290611 ], [ 120.9692585, 14.4290445 ], [ 120.9692985, 14.4290445 ], [ 120.9694638, 14.4290459 ], [ 120.9695534, 14.4290583 ], [ 120.9695859, 14.4290656 ], [ 120.9696075, 14.4290676 ], [ 120.9696264, 14.4290604 ], [ 120.9696401, 14.4290479 ], [ 120.9696463, 14.4290282 ], [ 120.9696468, 14.4290081 ], [ 120.9696402, 14.4289274 ], [ 120.969643, 14.4288502 ], [ 120.9696499, 14.4288103 ], [ 120.9696649, 14.4287856 ], [ 120.9696858, 14.4287778 ], [ 120.9697063, 14.4287786 ], [ 120.9697853, 14.4287935 ], [ 120.9698115, 14.4288033 ], [ 120.9698351, 14.428819 ], [ 120.9698442, 14.4288445 ], [ 120.969851, 14.4288778 ], [ 120.9698538, 14.4289618 ], [ 120.969829, 14.4292223 ], [ 120.9698463, 14.4294512 ], [ 120.969841, 14.4294885 ], [ 120.9698225, 14.4295252 ], [ 120.9697806, 14.4295506 ], [ 120.9697308, 14.4295649 ], [ 120.9696134, 14.429576 ], [ 120.9695816, 14.4295951 ], [ 120.969571, 14.4296359 ], [ 120.9695852, 14.4296821 ], [ 120.969642, 14.429723 ], [ 120.9697184, 14.4297336 ], [ 120.9698165, 14.4297612 ], [ 120.9699102, 14.429794 ], [ 120.9700204, 14.4298686 ], [ 120.9701003, 14.4299272 ], [ 120.9701341, 14.429977 ], [ 120.9701874, 14.4300818 ], [ 120.9701927, 14.4301173 ], [ 120.970172, 14.4301734 ], [ 120.9700196, 14.430263 ], [ 120.9699562, 14.4303211 ], [ 120.9699356, 14.4303922 ], [ 120.9699521, 14.4304694 ], [ 120.9699799, 14.4305333 ], [ 120.9700232, 14.4305766 ], [ 120.9700633, 14.4306054 ], [ 120.9700994, 14.430625 ], [ 120.9701674, 14.4306394 ], [ 120.9702137, 14.430659 ], [ 120.9702312, 14.430695 ], [ 120.9703063, 14.4310286 ], [ 120.9703772, 14.4312698 ], [ 120.9703772, 14.4313478 ], [ 120.970337, 14.4314803 ], [ 120.9704103, 14.4316884 ], [ 120.97046, 14.4320147 ], [ 120.9704647, 14.4321212 ], [ 120.9704505, 14.4321968 ], [ 120.970408, 14.4322725 ], [ 120.9701734, 14.4324687 ], [ 120.9698992, 14.4328161 ], [ 120.9696895, 14.4331324 ], [ 120.9695259, 14.4335697 ], [ 120.9695389, 14.4338651 ], [ 120.9695504, 14.4339193 ], [ 120.9695737, 14.4339802 ], [ 120.9696108, 14.4340225 ], [ 120.9696418, 14.434049 ], [ 120.9696742, 14.434066 ], [ 120.9696919, 14.4340866 ], [ 120.9697081, 14.4341095 ], [ 120.9697162, 14.434122 ], [ 120.969717, 14.4341375 ], [ 120.9697103, 14.4341574 ], [ 120.9696953, 14.4341865 ], [ 120.9696519, 14.43423 ], [ 120.9696226, 14.4342591 ], [ 120.9695737, 14.4342843 ], [ 120.9695356, 14.4342908 ], [ 120.9694868, 14.4343125 ], [ 120.9694434, 14.434356 ], [ 120.9694254, 14.4343955 ], [ 120.9694178, 14.4344297 ], [ 120.9694169, 14.4344809 ], [ 120.9694186, 14.4345398 ], [ 120.9693978, 14.4345883 ], [ 120.9693717, 14.4346226 ], [ 120.9692834, 14.4347016 ], [ 120.9689472, 14.4350415 ], [ 120.9688766, 14.4351198 ], [ 120.9688403, 14.4352077 ], [ 120.968825, 14.4352821 ], [ 120.968825, 14.4353471 ], [ 120.9688479, 14.4354139 ], [ 120.9689186, 14.4355056 ], [ 120.9690294, 14.435582 ], [ 120.9690992, 14.4356297 ], [ 120.9692128, 14.4356893 ], [ 120.9692738, 14.435729 ], [ 120.9693175, 14.4357704 ], [ 120.9693409, 14.4358354 ], [ 120.9693571, 14.4359147 ], [ 120.9693464, 14.4359737 ], [ 120.9693102, 14.4360157 ], [ 120.9692435, 14.4360698 ], [ 120.9691209, 14.4361366 ], [ 120.9690884, 14.4361654 ], [ 120.9690487, 14.4362177 ], [ 120.9690397, 14.4362538 ], [ 120.9690379, 14.4363205 ] ] ] } },
{ "type": "Feature", "properties": { "adm4_name": "Daang Bukid", "adm4_ref_name": "Daang Bukid", "adm4_pcode": "PH0402103005", "adm3_name": "Bacoor City", "adm3_pcode": "PH0402103", "adm2_name": "Cavite", "adm2_pcode": "PH04021", "adm1_name": "Region IV-A (Calabarzon)", "adm1_pcode": "PH04", "adm0_name": "Philippines", "adm0_pcode": "PH", "valid_on": "2025-02-13", "valid_to": null, "area_sqkm": 0.20805242, "version": "v03", "lang": "en", "center_lat": 14.45731584, "center_lon": 120.94174486 }, "bbox": [ 120.938104, 14.4549914, 120.9438506, 14.4597442 ], "geometry": { "type": "Polygon", "coordinates": [ [ [ 120.9424863, 14.4595454 ], [ 120.9424807, 14.4597442 ], [ 120.9414085, 14.4596386 ], [ 120.9414237, 14.4594363 ], [ 120.9409011, 14.459384 ], [ 120.9402693, 14.4593516 ], [ 120.940089, 14.4593305 ], [ 120.9397596, 14.4592884 ], [ 120.9392086, 14.4591514 ], [ 120.939247, 14.4587812 ], [ 120.9395379, 14.4588046 ], [ 120.9395011, 14.4583547 ], [ 120.9395096, 14.4580039 ], [ 120.9395212, 14.457873 ], [ 120.9395395, 14.4575919 ], [ 120.9400996, 14.4576644 ], [ 120.9401054, 14.4576077 ], [ 120.9401468, 14.4571378 ], [ 120.9399211, 14.4570388 ], [ 120.9388647, 14.4565474 ], [ 120.938792, 14.456528 ], [ 120.9386838, 14.4565021 ], [ 120.9385401, 14.4564844 ], [ 120.938427, 14.4564698 ], [ 120.9383349, 14.4564375 ], [ 120.9382413, 14.4563923 ], [ 120.9381734, 14.4563228 ], [ 120.9381282, 14.4562098 ], [ 120.938104, 14.4560773 ], [ 120.9381419, 14.4559637 ], [ 120.9381807, 14.4558471 ], [ 120.9384008, 14.4554592 ], [ 120.9414694, 14.4553169 ], [ 120.9415579, 14.4549914 ], [ 120.9431519, 14.4553164 ], [ 120.9431399, 14.455617 ], [ 120.9438506, 14.4557789 ], [ 120.9437239, 14.4558111 ], [ 120.9436341, 14.455901 ], [ 120.9435834, 14.4560092 ], [ 120.9433992, 14.4567232 ], [ 120.9433347, 14.4569305 ], [ 120.9433656, 14.4570903 ], [ 120.9433551, 14.4571784 ], [ 120.9433621, 14.4574533 ], [ 120.9433727, 14.458225 ], [ 120.943357, 14.4585939 ], [ 120.943232, 14.4586272 ], [ 120.9431705, 14.4591002 ], [ 120.943123, 14.4596109 ], [ 120.9424863, 14.4595454 ] ] ] } },
{ "type": "Feature", "properties": { "adm4_name": "Digman", "adm4_ref_name": "Digman", "adm4_pcode": "PH0402103006", "adm3_name": "Bacoor City", "adm3_pcode": "PH0402103", "adm2_name": "Cavite", "adm2_pcode": "PH04021", "adm1_name": "Region IV-A (Calabarzon)", "adm1_pcode": "PH04", "adm0_name": "Philippines", "adm0_pcode": "PH", "valid_on": "2025-02-13", "valid_to": null, "area_sqkm": 0.15738866, "version": "v03", "lang": "en", "center_lat": 14.4624378, "center_lon": 120.94253525000001 }, "bbox": [ 120.940709, 14.4595454, 120.9439972, 14.4656514 ], "geometry": { "type": "Polygon", "coordinates": [ [ [ 120.9435331, 14.4632275 ], [ 120.9430028, 14.4656514 ], [ 120.9429278, 14.4656416 ], [ 120.942896, 14.4656416 ], [ 120.9428306, 14.4656331 ], [ 120.94282, 14.4656297 ], [ 120.9427794, 14.4656228 ], [ 120.9427652, 14.4656177 ], [ 120.9427493, 14.4656143 ], [ 120.942721, 14.4656041 ], [ 120.9426875, 14.4655904 ], [ 120.9426592, 14.4655682 ], [ 120.9426503, 14.465563 ], [ 120.9426379, 14.4655596 ], [ 120.9426061, 14.4655596 ], [ 120.9425673, 14.4655614 ], [ 120.9425584, 14.4655631 ], [ 120.9425301, 14.4655631 ], [ 120.9424842, 14.4655563 ], [ 120.9423994, 14.4655512 ], [ 120.9423675, 14.4655444 ], [ 120.9423304, 14.4655324 ], [ 120.9422968, 14.4655239 ], [ 120.9422668, 14.4655222 ], [ 120.9422332, 14.4655171 ], [ 120.9421872, 14.4655069 ], [ 120.9420989, 14.4654915 ], [ 120.942037, 14.4654762 ], [ 120.942014, 14.4654728 ], [ 120.9419964, 14.4654676 ], [ 120.9419857, 14.4654676 ], [ 120.941931, 14.465454 ], [ 120.941862, 14.4654438 ], [ 120.9418514, 14.4654386 ], [ 120.9418249, 14.4654318 ], [ 120.9417401, 14.4654165 ], [ 120.9417171, 14.4654096 ], [ 120.9417118, 14.4654062 ], [ 120.9416906, 14.4654011 ], [ 120.9416623, 14.4653994 ], [ 120.9416446, 14.465396 ], [ 120.9415845, 14.4653789 ], [ 120.9415002, 14.4653633 ], [ 120.9414772, 14.4653548 ], [ 120.9414454, 14.4653463 ], [ 120.9414224, 14.4653377 ], [ 120.9414012, 14.4653275 ], [ 120.9413305, 14.465307 ], [ 120.9412739, 14.465295 ], [ 120.9412562, 14.4652933 ], [ 120.9411148, 14.4652626 ], [ 120.9410742, 14.4652558 ], [ 120.9410583, 14.4652507 ], [ 120.9410335, 14.4652456 ], [ 120.9409734, 14.4652268 ], [ 120.9409063, 14.4652114 ], [ 120.9407896, 14.4651927 ], [ 120.9407596, 14.4651859 ], [ 120.9407525, 14.4651859 ], [ 120.9407118, 14.4651756 ], [ 120.940709, 14.4651752 ], [ 120.9407493, 14.465042 ], [ 120.9412764, 14.4628091 ], [ 120.9414517, 14.4620665 ], [ 120.9414937, 14.4618887 ], [ 120.9418052, 14.4619387 ], [ 120.9419135, 14.4613517 ], [ 120.9419599, 14.4609192 ], [ 120.9419662, 14.4606659 ], [ 120.9420011, 14.4603424 ], [ 120.9413438, 14.4602308 ], [ 120.9413878, 14.4598365 ], [ 120.9414085, 14.4596386 ], [ 120.9424807, 14.4597442 ], [ 120.9424863, 14.4595454 ], [ 120.943123, 14.4596109 ], [ 120.943565, 14.4596341 ], [ 120.9439972, 14.4596707 ], [ 120.9438715, 14.461686 ], [ 120.9435617, 14.4630969 ], [ 120.9435331, 14.4632275 ] ] ] } },
{ "type": "Feature", "properties": { "adm4_name": "Dulong Bayan", "adm4_ref_name": "Dulong Bayan", "adm4_pcode": "PH0402103007", "adm3_name": "Bacoor City", "adm3_pcode": "PH0402103", "adm2_name": "Cavite", "adm2_pcode": "PH04021", "adm1_name": "Region IV-A (Calabarzon)", "adm1_pcode": "PH04", "adm0_name": "Philippines", "adm0_pcode": "PH", "valid_on": "2025-02-13", "valid_to": null, "area_sqkm": 0.4514198, "version": "v03", "lang": "en", "center_lat": 14.44802959, "center_lon": 120.93652405 }, "bbox": [ 120.9324317, 14.4439485, 120.9410432, 14.4520419 ], "geometry": { "type": "Polygon", "coordinates": [ [ [ 120.9372153, 14.4519217 ], [ 120.9370477, 14.4520419 ], [ 120.9351107, 14.4509726 ], [ 120.9337671, 14.4502671 ], [ 120.9337256, 14.4502527 ], [ 120.9337387, 14.4498733 ], [ 120.9336006, 14.4498306 ], [ 120.9333815, 14.4497694 ], [ 120.9329447, 14.4496385 ], [ 120.932772, 14.4495766 ], [ 120.9325166, 14.4496264 ], [ 120.9324317, 14.4488714 ], [ 120.9326881, 14.4487059 ], [ 120.9331265, 14.4486398 ], [ 120.9333912, 14.4481683 ], [ 120.9332506, 14.4478539 ], [ 120.9331348, 14.4476802 ], [ 120.9335472, 14.4474752 ], [ 120.93423, 14.4469738 ], [ 120.9348956, 14.4456772 ], [ 120.9331096, 14.4447091 ], [ 120.9333671, 14.4439485 ], [ 120.9354558, 14.4449532 ], [ 120.9367785, 14.4455908 ], [ 120.9371588, 14.4443634 ], [ 120.9389164, 14.445003 ], [ 120.9393428, 14.444421 ], [ 120.9395287, 14.4447011 ], [ 120.9399325, 14.445223 ], [ 120.9403067, 14.445548 ], [ 120.9405332, 14.4455382 ], [ 120.9407204, 14.4456957 ], [ 120.9410432, 14.4458955 ], [ 120.9405422, 14.4461809 ], [ 120.9403984, 14.4464642 ], [ 120.9403738, 14.4467416 ], [ 120.9400804, 14.4470133 ], [ 120.9400043, 14.447122 ], [ 120.9398847, 14.4472959 ], [ 120.9397869, 14.4476492 ], [ 120.9397325, 14.4479263 ], [ 120.9397054, 14.4481328 ], [ 120.9397012, 14.4482213 ], [ 120.9396891, 14.4483937 ], [ 120.9396664, 14.4484491 ], [ 120.9396126, 14.4485345 ], [ 120.9395557, 14.4485724 ], [ 120.9394671, 14.4485787 ], [ 120.9393596, 14.4486009 ], [ 120.9392932, 14.4486388 ], [ 120.9392489, 14.4487179 ], [ 120.9392173, 14.4489836 ], [ 120.9392015, 14.4491195 ], [ 120.9391382, 14.4492113 ], [ 120.9390528, 14.4492682 ], [ 120.9389548, 14.4492808 ], [ 120.9388061, 14.4492998 ], [ 120.9387049, 14.4493567 ], [ 120.9386132, 14.4494421 ], [ 120.9385373, 14.4495402 ], [ 120.9384361, 14.4496572 ], [ 120.9384045, 14.4497616 ], [ 120.9383855, 14.4499165 ], [ 120.9384424, 14.4501443 ], [ 120.9384519, 14.4503277 ], [ 120.9384277, 14.4503842 ], [ 120.938376, 14.4505048 ], [ 120.9380914, 14.4509539 ], [ 120.9378478, 14.4513176 ], [ 120.9376707, 14.451558 ], [ 120.9375221, 14.4517382 ], [ 120.9373703, 14.4518363 ], [ 120.9372153, 14.4519217 ] ] ] } },
{ "type": "Feature", "properties": { "adm4_name": "Habay I", "adm4_ref_name": "Habay I", "adm4_pcode": "PH0402103008", "adm3_name": "Bacoor City", "adm3_pcode": "PH0402103", "adm2_name": "Cavite", "adm2_pcode": "PH04021", "adm1_name": "Region IV-A (Calabarzon)", "adm1_pcode": "PH04", "adm0_name": "Philippines", "adm0_pcode": "PH", "valid_on": "2025-02-13", "valid_to": null, "area_sqkm": 1.63975657, "version": "v03", "lang": "en", "center_lat": 14.4515305, "center_lon": 120.94341091 }, "bbox": [ 120.9329839, 14.4439477, 120.9524136, 14.459092 ], "geometry": { "type": "Polygon", "coordinates": [ [ [ 120.948946, 14.4590881 ], [ 120.9488522, 14.459092 ], [ 120.9487643, 14.4590661 ], [ 120.9486485, 14.4589962 ], [ 120.948355, 14.4587087 ], [ 120.9481932, 14.4585569 ], [ 120.948022, 14.458331 ], [ 120.947711, 14.4578058 ], [ 120.9475751, 14.4576216 ], [ 120.9473909, 14.4574373 ], [ 120.9472895, 14.4573498 ], [ 120.9472227, 14.4573336 ], [ 120.9471214, 14.4573336 ], [ 120.9462668, 14.4575363 ], [ 120.9461793, 14.4575294 ], [ 120.9461148, 14.4574764 ], [ 120.9460849, 14.4573728 ], [ 120.9460756, 14.4571954 ], [ 120.9461378, 14.4566588 ], [ 120.9461586, 14.4563639 ], [ 120.9461424, 14.4562211 ], [ 120.9460872, 14.4561704 ], [ 120.945995, 14.456152 ], [ 120.9458776, 14.4561612 ], [ 120.945615, 14.4562395 ], [ 120.9454215, 14.4563455 ], [ 120.9452395, 14.4564123 ], [ 120.9450898, 14.4564422 ], [ 120.944977, 14.4564515 ], [ 120.9448871, 14.4564261 ], [ 120.944772, 14.4563593 ], [ 120.944689, 14.4562557 ], [ 120.94456, 14.4560875 ], [ 120.9444656, 14.4559862 ], [ 120.9443366, 14.455901 ], [ 120.9442122, 14.4558295 ], [ 120.9441178, 14.4557927 ], [ 120.9439911, 14.4557789 ], [ 120.9438506, 14.4557789 ], [ 120.9431399, 14.455617 ], [ 120.9431519, 14.4553164 ], [ 120.9415579, 14.4549914 ], [ 120.9414694, 14.4553169 ], [ 120.9384008, 14.4554592 ], [ 120.9385052, 14.4552205 ], [ 120.9385313, 14.4550602 ], [ 120.9385089, 14.4549408 ], [ 120.9384455, 14.4546798 ], [ 120.9383395, 14.4545475 ], [ 120.9380987, 14.4543732 ], [ 120.9378818, 14.4545929 ], [ 120.9377181, 14.454707 ], [ 120.9374652, 14.4548111 ], [ 120.9372866, 14.4548111 ], [ 120.9370684, 14.4547665 ], [ 120.936756, 14.4546375 ], [ 120.93626, 14.4543747 ], [ 120.9361013, 14.4542904 ], [ 120.9359078, 14.4542507 ], [ 120.9356896, 14.4542556 ], [ 120.9354664, 14.4544292 ], [ 120.9353226, 14.4546375 ], [ 120.9351937, 14.4548756 ], [ 120.9351193, 14.455074 ], [ 120.9350913, 14.4552544 ], [ 120.9350797, 14.4553517 ], [ 120.9350874, 14.4555269 ], [ 120.9351458, 14.4557721 ], [ 120.9351731, 14.4560056 ], [ 120.9351497, 14.4562275 ], [ 120.9351174, 14.4563116 ], [ 120.9350913, 14.4563793 ], [ 120.9349629, 14.4565116 ], [ 120.9347838, 14.4565778 ], [ 120.9346048, 14.4565856 ], [ 120.9343712, 14.4565389 ], [ 120.9342233, 14.4564143 ], [ 120.9340287, 14.4562041 ], [ 120.9339664, 14.4560134 ], [ 120.9339275, 14.4557838 ], [ 120.9338535, 14.4555269 ], [ 120.9336395, 14.4552816 ], [ 120.9335071, 14.4551727 ], [ 120.933332, 14.4550792 ], [ 120.9331919, 14.4550348 ], [ 120.9330119, 14.4550228 ], [ 120.9329839, 14.4546348 ], [ 120.9329919, 14.4544668 ], [ 120.9330079, 14.4542708 ], [ 120.9330519, 14.4540987 ], [ 120.9333719, 14.4530186 ], [ 120.9334751, 14.4527886 ], [ 120.9335178, 14.4527316 ], [ 120.9335577, 14.4526917 ], [ 120.9336132, 14.4526647 ], [ 120.9336616, 14.452649 ], [ 120.9339194, 14.4526134 ], [ 120.9339792, 14.4526162 ], [ 120.9340233, 14.4526404 ], [ 120.9340646, 14.4526789 ], [ 120.9340903, 14.4527373 ], [ 120.9341273, 14.4530378 ], [ 120.9341615, 14.4531303 ], [ 120.9342028, 14.4531987 ], [ 120.9343183, 14.4534208 ], [ 120.9344827, 14.4536517 ], [ 120.9346883, 14.4538446 ], [ 120.9348433, 14.4539047 ], [ 120.9349413, 14.4539331 ], [ 120.9350773, 14.4539553 ], [ 120.9352386, 14.4539458 ], [ 120.9353588, 14.4538604 ], [ 120.9354157, 14.4537529 ], [ 120.9354505, 14.4535758 ], [ 120.9354379, 14.4534018 ], [ 120.9353841, 14.4530697 ], [ 120.9353651, 14.4528958 ], [ 120.9353873, 14.4527408 ], [ 120.9354442, 14.4526491 ], [ 120.9355359, 14.452608 ], [ 120.9356529, 14.452589 ], [ 120.9361526, 14.452627 ], [ 120.936295, 14.452627 ], [ 120.9363803, 14.4526206 ], [ 120.9365069, 14.4525827 ], [ 120.936684, 14.452472 ], [ 120.9370477, 14.4520419 ], [ 120.9372153, 14.4519217 ], [ 120.9373703, 14.4518363 ], [ 120.9375221, 14.4517382 ], [ 120.9376707, 14.451558 ], [ 120.9378478, 14.4513176 ], [ 120.9380914, 14.4509539 ], [ 120.938376, 14.4505048 ], [ 120.9384277, 14.4503842 ], [ 120.9384519, 14.4503277 ], [ 120.9384424, 14.4501443 ], [ 120.9383855, 14.4499165 ], [ 120.9384045, 14.4497616 ], [ 120.9384361, 14.4496572 ], [ 120.9385373, 14.4495402 ], [ 120.9386132, 14.4494421 ], [ 120.9387049, 14.4493567 ], [ 120.9388061, 14.4492998 ], [ 120.9389548, 14.4492808 ], [ 120.9390528, 14.4492682 ], [ 120.9391382, 14.4492113 ], [ 120.9392015, 14.4491195 ], [ 120.9392173, 14.4489836 ], [ 120.9392489, 14.4487179 ], [ 120.9392932, 14.4486388 ], [ 120.9393596, 14.4486009 ], [ 120.9394671, 14.4485787 ], [ 120.9395557, 14.4485724 ], [ 120.9396126, 14.4485345 ], [ 120.9396664, 14.4484491 ], [ 120.9396891, 14.4483937 ], [ 120.9397012, 14.4482213 ], [ 120.9397054, 14.4481328 ], [ 120.9397325, 14.4479263 ], [ 120.9397869, 14.4476492 ], [ 120.9398847, 14.4472959 ], [ 120.9400043, 14.447122 ], [ 120.9400804, 14.4470133 ], [ 120.9403738, 14.4467416 ], [ 120.9403984, 14.4464642 ], [ 120.9405422, 14.4461809 ], [ 120.9410432, 14.4458955 ], [ 120.9413666, 14.4457645 ], [ 120.9415166, 14.445699 ], [ 120.9416054, 14.4456334 ], [ 120.9416223, 14.4455299 ], [ 120.9415927, 14.4454432 ], [ 120.941504, 14.4454284 ], [ 120.9414552, 14.4454262 ], [ 120.9414091, 14.4454064 ], [ 120.9414113, 14.4453603 ], [ 120.9414486, 14.4453317 ], [ 120.9415211, 14.4453054 ], [ 120.9416397, 14.4452636 ], [ 120.9417386, 14.4451252 ], [ 120.9419891, 14.4447056 ], [ 120.9423844, 14.444285 ], [ 120.9423537, 14.4441937 ], [ 120.9423977, 14.4440641 ], [ 120.94249, 14.4439477 ], [ 120.9426064, 14.4439718 ], [ 120.9426657, 14.4439674 ], [ 120.9441169, 14.4441173 ], [ 120.9440913, 14.4447037 ], [ 120.9440869, 14.4448412 ], [ 120.9440771, 14.4451545 ], [ 120.9441662, 14.4458753 ], [ 120.9442056, 14.4462622 ], [ 120.9442318, 14.4464496 ], [ 120.9442961, 14.4471603 ], [ 120.944566, 14.4471041 ], [ 120.9450949, 14.446988 ], [ 120.945142, 14.44698 ], [ 120.9453809, 14.446928 ], [ 120.9456106, 14.4468735 ], [ 120.9459199, 14.4468123 ], [ 120.946081, 14.4467801 ], [ 120.947273, 14.4465224 ], [ 120.9486519, 14.4462453 ], [ 120.9487582, 14.446226 ], [ 120.9489258, 14.4461841 ], [ 120.9494945, 14.4460756 ], [ 120.9496764, 14.4460391 ], [ 120.9499149, 14.4459831 ], [ 120.9499752, 14.4459774 ], [ 120.9501291, 14.4459398 ], [ 120.9502615, 14.445913 ], [ 120.9505885, 14.4458424 ], [ 120.9506014, 14.4458396 ], [ 120.951007, 14.4457492 ], [ 120.9515418, 14.4456138 ], [ 120.952192, 14.4455026 ], [ 120.9521542, 14.445609 ], [ 120.9521542, 14.4457051 ], [ 120.9521439, 14.4457565 ], [ 120.9521199, 14.4458114 ], [ 120.9518489, 14.446031 ], [ 120.9516821, 14.446214 ], [ 120.9516499, 14.4462575 ], [ 120.9514708, 14.4465771 ], [ 120.9514491, 14.4466313 ], [ 120.95146, 14.4467071 ], [ 120.9514925, 14.4467803 ], [ 120.9517282, 14.4469374 ], [ 120.9518149, 14.4470106 ], [ 120.951842, 14.4470973 ], [ 120.9518149, 14.4474142 ], [ 120.9517607, 14.4477312 ], [ 120.9517588, 14.4477487 ], [ 120.9517309, 14.4480157 ], [ 120.9517397, 14.4482169 ], [ 120.9517526, 14.4483164 ], [ 120.9518059, 14.44848 ], [ 120.9518529, 14.4486124 ], [ 120.9519069, 14.4486995 ], [ 120.9519731, 14.4487535 ], [ 120.9520603, 14.4487797 ], [ 120.9521805, 14.4487762 ], [ 120.9522728, 14.4487588 ], [ 120.9524136, 14.4487008 ], [ 120.9524086, 14.4488546 ], [ 120.952359, 14.4490083 ], [ 120.9522102, 14.4494001 ], [ 120.9521011, 14.449663 ], [ 120.9519176, 14.4498267 ], [ 120.9510596, 14.4502978 ], [ 120.9506975, 14.4505476 ], [ 120.9506043, 14.4506408 ], [ 120.9505785, 14.4507194 ], [ 120.9505757, 14.4508072 ], [ 120.9505919, 14.4509066 ], [ 120.9505919, 14.4509961 ], [ 120.9505894, 14.4510718 ], [ 120.9505488, 14.451141 ], [ 120.9504962, 14.4511849 ], [ 120.9504453, 14.4512073 ], [ 120.9503608, 14.4512346 ], [ 120.9500516, 14.4512989 ], [ 120.9500478, 14.4512997 ], [ 120.9491601, 14.451503 ], [ 120.9490757, 14.4515824 ], [ 120.9490559, 14.4516766 ], [ 120.9490757, 14.4517957 ], [ 120.9491551, 14.4519593 ], [ 120.9491848, 14.4520486 ], [ 120.94917, 14.452128 ], [ 120.9491105, 14.4522024 ], [ 120.9489964, 14.4522024 ], [ 120.9482326, 14.4520536 ], [ 120.9481235, 14.4520684 ], [ 120.9480739, 14.4521478 ], [ 120.9480788, 14.452242 ], [ 120.9481036, 14.4523363 ], [ 120.9483318, 14.452614 ], [ 120.948307, 14.4527281 ], [ 120.9482227, 14.4527975 ], [ 120.9479612, 14.4529445 ], [ 120.948131, 14.4531246 ], [ 120.9482031, 14.4531812 ], [ 120.9486122, 14.453387 ], [ 120.9487074, 14.453423 ], [ 120.9487434, 14.4534591 ], [ 120.9487511, 14.4535002 ], [ 120.9487434, 14.4535697 ], [ 120.9487717, 14.4536263 ], [ 120.9488051, 14.4536649 ], [ 120.9488669, 14.4537035 ], [ 120.9489312, 14.4537189 ], [ 120.9489852, 14.4537164 ], [ 120.9491062, 14.4536598 ], [ 120.9492039, 14.4536495 ], [ 120.9492631, 14.4536572 ], [ 120.9494072, 14.4537112 ], [ 120.950457, 14.4543467 ], [ 120.9506558, 14.4544454 ], [ 120.9507382, 14.454479 ], [ 120.950804, 14.4544872 ], [ 120.9508219, 14.4546659 ], [ 120.9506781, 14.4547809 ], [ 120.9505248, 14.4548096 ], [ 120.950381, 14.4549247 ], [ 120.950266, 14.4548767 ], [ 120.9500839, 14.4548001 ], [ 120.9499306, 14.4549822 ], [ 120.9497964, 14.4551738 ], [ 120.9499497, 14.4552984 ], [ 120.9502372, 14.4554326 ], [ 120.9504481, 14.455538 ], [ 120.9503043, 14.4564197 ], [ 120.9501449, 14.4570275 ], [ 120.9496888, 14.4587666 ], [ 120.949602, 14.4587991 ], [ 120.9493713, 14.4589163 ], [ 120.9490958, 14.4590541 ], [ 120.948946, 14.4590881 ] ] ] } },
{ "type": "Feature", "properties": { "adm4_name": "Kaingin (Pob.)", "adm4_ref_name": "Kaingin (Pob.)", "adm4_pcode": "PH0402103009", "adm3_name": "Bacoor City", "adm3_pcode": "PH0402103", "adm2_name": "Cavite", "adm2_pcode": "PH04021", "adm1_name": "Region IV-A (Calabarzon)", "adm1_pcode": "PH04", "adm0_name": "Philippines", "adm0_pcode": "PH", "valid_on": "2025-02-13", "valid_to": null, "area_sqkm": 0.41914685, "version": "v03", "lang": "en", "center_lat": 14.46115242, "center_lon": 120.9455897 }, "bbox": [ 120.9430028, 14.4557789, 120.9475751, 14.4663401 ], "geometry": { "type": "Polygon", "coordinates": [ [ [ 120.9466984, 14.4661909 ], [ 120.946682, 14.4663401 ], [ 120.946655, 14.4663351 ], [ 120.9466479, 14.4663317 ], [ 120.946625, 14.4663283 ], [ 120.9466144, 14.4663249 ], [ 120.9466002, 14.4663232 ], [ 120.946579, 14.4663181 ], [ 120.9465278, 14.4663113 ], [ 120.9464358, 14.4662925 ], [ 120.9463227, 14.4662738 ], [ 120.946298, 14.4662652 ], [ 120.9462803, 14.4662618 ], [ 120.946252, 14.4662533 ], [ 120.9461742, 14.4662379 ], [ 120.9461495, 14.4662277 ], [ 120.9461088, 14.4662243 ], [ 120.9460912, 14.4662192 ], [ 120.9460735, 14.4662175 ], [ 120.9460434, 14.4662106 ], [ 120.9460116, 14.4662021 ], [ 120.9459551, 14.4661936 ], [ 120.9459462, 14.4661902 ], [ 120.9459338, 14.4661885 ], [ 120.9458844, 14.4661714 ], [ 120.9458313, 14.4661646 ], [ 120.9458154, 14.4661595 ], [ 120.9457712, 14.4661526 ], [ 120.9456988, 14.4661373 ], [ 120.9456882, 14.4661373 ], [ 120.9456652, 14.4661339 ], [ 120.9456334, 14.4661339 ], [ 120.9456122, 14.4661305 ], [ 120.9455556, 14.4661169 ], [ 120.9454743, 14.4661066 ], [ 120.9454089, 14.4660947 ], [ 120.9453877, 14.4660947 ], [ 120.9453382, 14.4660794 ], [ 120.9452958, 14.4660708 ], [ 120.945241, 14.4660538 ], [ 120.9452251, 14.4660452 ], [ 120.9452127, 14.4660247 ], [ 120.9452056, 14.4660178 ], [ 120.9451879, 14.466011 ], [ 120.9451808, 14.466011 ], [ 120.945172, 14.4660144 ], [ 120.9451632, 14.4660213 ], [ 120.9451508, 14.4660264 ], [ 120.9451155, 14.466035 ], [ 120.9451031, 14.4660333 ], [ 120.9450819, 14.4660282 ], [ 120.9450642, 14.4660214 ], [ 120.9450377, 14.4660162 ], [ 120.9450006, 14.4660146 ], [ 120.9449193, 14.4660009 ], [ 120.9448595, 14.4659847 ], [ 120.9448083, 14.4659745 ], [ 120.9447853, 14.4659728 ], [ 120.9447605, 14.4659677 ], [ 120.9447216, 14.4659643 ], [ 120.9446969, 14.4659592 ], [ 120.9445873, 14.4659421 ], [ 120.9444441, 14.4659114 ], [ 120.9444159, 14.465908 ], [ 120.9443611, 14.465891 ], [ 120.944308, 14.4658824 ], [ 120.9441878, 14.4658568 ], [ 120.944156, 14.4658534 ], [ 120.9441313, 14.4658483 ], [ 120.9440712, 14.4658432 ], [ 120.944004, 14.4658296 ], [ 120.943981, 14.4658279 ], [ 120.9439263, 14.4658194 ], [ 120.9438538, 14.4658023 ], [ 120.9437513, 14.465787 ], [ 120.9437318, 14.4657819 ], [ 120.9436947, 14.4657785 ], [ 120.9435728, 14.4657614 ], [ 120.9434561, 14.4657307 ], [ 120.9434331, 14.4657273 ], [ 120.9434119, 14.4657273 ], [ 120.9433995, 14.4657256 ], [ 120.9433465, 14.4657137 ], [ 120.9433306, 14.465712 ], [ 120.9433147, 14.4657068 ], [ 120.943297, 14.4657051 ], [ 120.9432952, 14.4657034 ], [ 120.9432811, 14.4657017 ], [ 120.9432705, 14.4656983 ], [ 120.9432493, 14.4656966 ], [ 120.9432351, 14.4656932 ], [ 120.9431839, 14.4656864 ], [ 120.9431733, 14.4656864 ], [ 120.943168, 14.4656847 ], [ 120.9430955, 14.4656779 ], [ 120.9430814, 14.4656745 ], [ 120.9430498, 14.4656586 ], [ 120.9430427, 14.4656586 ], [ 120.9430321, 14.4656552 ], [ 120.9430028, 14.4656514 ], [ 120.9435331, 14.4632275 ], [ 120.9435617, 14.4630969 ], [ 120.9438715, 14.461686 ], [ 120.9439972, 14.4596707 ], [ 120.943565, 14.4596341 ], [ 120.943123, 14.4596109 ], [ 120.9431705, 14.4591002 ], [ 120.943232, 14.4586272 ], [ 120.943357, 14.4585939 ], [ 120.9433727, 14.458225 ], [ 120.9433621, 14.4574533 ], [ 120.9433551, 14.4571784 ], [ 120.9433656, 14.4570903 ], [ 120.9433347, 14.4569305 ], [ 120.9433992, 14.4567232 ], [ 120.9435834, 14.4560092 ], [ 120.9436341, 14.455901 ], [ 120.9437239, 14.4558111 ], [ 120.9438506, 14.4557789 ], [ 120.9439911, 14.4557789 ], [ 120.9441178, 14.4557927 ], [ 120.9442122, 14.4558295 ], [ 120.9443366, 14.455901 ], [ 120.9444656, 14.4559862 ], [ 120.94456, 14.4560875 ], [ 120.944689, 14.4562557 ], [ 120.944772, 14.4563593 ], [ 120.9448871, 14.4564261 ], [ 120.944977, 14.4564515 ], [ 120.9450898, 14.4564422 ], [ 120.9452395, 14.4564123 ], [ 120.9454215, 14.4563455 ], [ 120.945615, 14.4562395 ], [ 120.9458776, 14.4561612 ], [ 120.945995, 14.456152 ], [ 120.9460872, 14.4561704 ], [ 120.9461424, 14.4562211 ], [ 120.9461586, 14.4563639 ], [ 120.9461378, 14.4566588 ], [ 120.9460756, 14.4571954 ], [ 120.9460849, 14.4573728 ], [ 120.9461148, 14.4574764 ], [ 120.9461793, 14.4575294 ], [ 120.9462668, 14.4575363 ], [ 120.9471214, 14.4573336 ], [ 120.9472227, 14.4573336 ], [ 120.9472895, 14.4573498 ], [ 120.9473909, 14.4574373 ], [ 120.9475751, 14.4576216 ], [ 120.9474127, 14.459855 ], [ 120.9473273, 14.4598482 ], [ 120.9472982, 14.4606189 ], [ 120.9472362, 14.4620205 ], [ 120.9470656, 14.462734 ], [ 120.9469245, 14.4644374 ], [ 120.9466984, 14.4661909 ] ] ] } },
{ "type": "Feature", "properties": { "adm4_name": "Ligas I", "adm4_ref_name": "Ligas I", "adm4_pcode": "PH0402103010", "adm3_name": "Bacoor City", "adm3_pcode": "PH0402103", "adm2_name": "Cavite", "adm2_pcode": "PH04021", "adm1_name": "Region IV-A (Calabarzon)", "adm1_pcode": "PH04", "adm0_name": "Philippines", "adm0_pcode": "PH", "valid_on": "2025-02-13", "valid_to": null, "area_sqkm": 0.17505596, "version": "v03", "lang": "en", "center_lat": 14.45497023, "center_lon": 120.9691561 }, "bbox": [ 120.96602, 14.4515536, 120.9704524, 14.4583523 ], "geometry": { "type": "Polygon", "coordinates": [ [ [ 120.9686392, 14.4579797 ], [ 120.9684234, 14.4583523 ], [ 120.9683515, 14.4582433 ], [ 120.9683214, 14.4581737 ], [ 120.9683353, 14.4580391 ], [ 120.968377, 14.4579046 ], [ 120.9685, 14.4573131 ], [ 120.9686879, 14.4566497 ], [ 120.9687018, 14.4565801 ], [ 120.9686995, 14.4565174 ], [ 120.9686531, 14.4564571 ], [ 120.9683283, 14.4562762 ], [ 120.968275, 14.4562298 ], [ 120.9681868, 14.4561231 ], [ 120.9680616, 14.4559932 ], [ 120.9680384, 14.4559422 ], [ 120.9680291, 14.4558842 ], [ 120.9680221, 14.455752 ], [ 120.9680128, 14.455186 ], [ 120.9679873, 14.4550932 ], [ 120.9679386, 14.4550073 ], [ 120.9679085, 14.4549331 ], [ 120.9679015, 14.4548658 ], [ 120.9679108, 14.4547568 ], [ 120.9679201, 14.4546826 ], [ 120.9679293, 14.4546316 ], [ 120.9678945, 14.4545782 ], [ 120.9678482, 14.4544901 ], [ 120.9678342, 14.4544205 ], [ 120.9678215, 14.4543086 ], [ 120.9678296, 14.4542326 ], [ 120.9678418, 14.4541992 ], [ 120.9678739, 14.4541634 ], [ 120.9679386, 14.4541242 ], [ 120.9680407, 14.454057 ], [ 120.968063, 14.4540339 ], [ 120.968077, 14.4539972 ], [ 120.9680786, 14.4539588 ], [ 120.9680682, 14.4539173 ], [ 120.9680392, 14.4538925 ], [ 120.9680039, 14.4538888 ], [ 120.9678746, 14.4539028 ], [ 120.9677009, 14.4538983 ], [ 120.9675684, 14.4538617 ], [ 120.9674313, 14.4537749 ], [ 120.9670474, 14.4534504 ], [ 120.9668973, 14.4533819 ], [ 120.9668371, 14.4533544 ], [ 120.9666177, 14.4533041 ], [ 120.9664852, 14.4532401 ], [ 120.9663435, 14.4531167 ], [ 120.9662887, 14.4530116 ], [ 120.9662918, 14.4529579 ], [ 120.9662978, 14.4528517 ], [ 120.9663298, 14.4525774 ], [ 120.9663252, 14.4523718 ], [ 120.9662887, 14.4522255 ], [ 120.966115, 14.4519147 ], [ 120.96602, 14.4515946 ], [ 120.9662259, 14.451588 ], [ 120.967262, 14.4516362 ], [ 120.9677001, 14.4516406 ], [ 120.9680483, 14.4516099 ], [ 120.9686179, 14.4515836 ], [ 120.9694042, 14.4515595 ], [ 120.9699229, 14.4515536 ], [ 120.9699833, 14.4516869 ], [ 120.9698995, 14.4521803 ], [ 120.9697695, 14.4525614 ], [ 120.9697, 14.4527921 ], [ 120.9697112, 14.4528627 ], [ 120.9697367, 14.453049 ], [ 120.9698375, 14.4532611 ], [ 120.970129, 14.453504 ], [ 120.9702942, 14.4537178 ], [ 120.9703525, 14.4539898 ], [ 120.9703817, 14.4542619 ], [ 120.9704524, 14.4547284 ], [ 120.9703525, 14.4551073 ], [ 120.9701484, 14.4555154 ], [ 120.9699638, 14.4561178 ], [ 120.9696917, 14.4567765 ], [ 120.9693385, 14.4571717 ], [ 120.9688655, 14.4576267 ], [ 120.9686392, 14.4579797 ] ] ] } },
{ "type": "Feature", "properties": { "adm4_name": "Mabolo I", "adm4_ref_name": "Mabolo I", "adm4_pcode": "PH0402103011", "adm3_name": "Bacoor City", "adm3_pcode": "PH0402103", "adm2_name": "Cavite", "adm2_pcode": "PH04021", "adm1_name": "Region IV-A (Calabarzon)", "adm1_pcode": "PH04", "adm0_name": "Philippines", "adm0_pcode": "PH", "valid_on": "2025-02-13", "valid_to": null, "area_sqkm": 0.16872017, "version": "v03", "lang": "en", "center_lat": 14.45260325, "center_lon": 120.92923349 }, "bbox": [ 120.9273919, 14.4496264, 120.9325519, 14.4554109 ], "geometry": { "type": "Polygon", "coordinates": [ [ [ 120.9282013, 14.4549584 ], [ 120.9279462, 14.4554109 ], [ 120.9278979, 14.4553368 ], [ 120.9276505, 14.4548308 ], [ 120.9274369, 14.4543585 ], [ 120.9273919, 14.4539761 ], [ 120.9275381, 14.4534813 ], [ 120.9276174, 14.4530746 ], [ 120.9276618, 14.4529295 ], [ 120.9278229, 14.4522448 ], [ 120.9278632, 14.4515735 ], [ 120.9277258, 14.4508323 ], [ 120.9276871, 14.4506099 ], [ 120.928107, 14.450527 ], [ 120.9286483, 14.4504434 ], [ 120.9292565, 14.4503074 ], [ 120.930813, 14.4499503 ], [ 120.9315188, 14.4498182 ], [ 120.9325166, 14.4496264 ], [ 120.9325519, 14.4506596 ], [ 120.9323948, 14.4509423 ], [ 120.9317323, 14.4515592 ], [ 120.9316266, 14.4517448 ], [ 120.9313724, 14.4516734 ], [ 120.9312867, 14.4518705 ], [ 120.9310525, 14.452039 ], [ 120.931024, 14.4521047 ], [ 120.9310525, 14.4521818 ], [ 120.9309847, 14.452277 ], [ 120.9304523, 14.4529548 ], [ 120.9300601, 14.4533832 ], [ 120.9298054, 14.4535534 ], [ 120.9297237, 14.4534522 ], [ 120.9296108, 14.453386 ], [ 120.9294357, 14.4533354 ], [ 120.9293108, 14.453361 ], [ 120.9291186, 14.4534643 ], [ 120.9289622, 14.4535934 ], [ 120.9288054, 14.4537909 ], [ 120.9282013, 14.4549584 ] ] ] } },
{ "type": "Feature", "properties": { "adm4_name": "Maliksi I", "adm4_ref_name": "Maliksi I", "adm4_pcode": "PH0402103012", "adm3_name": "Bacoor City", "adm3_pcode": "PH0402103", "adm2_name": "Cavite", "adm2_pcode": "PH04021", "adm1_name": "Region IV-A (Calabarzon)", "adm1_pcode": "PH04", "adm0_name": "Philippines", "adm0_pcode": "PH", "valid_on": "2025-02-13", "valid_to": null, "area_sqkm": 0.40770764, "version": "v03", "lang": "en", "center_lat": 14.46404879, "center_lon": 120.95349684 }, "bbox": [ 120.9509257, 14.4592933, 120.9563075, 14.4685209 ], "geometry": { "type": "Polygon", "coordinates": [ [ [ 120.9548083, 14.4677513 ], [ 120.9546585, 14.4685209 ], [ 120.954633, 14.4685158 ], [ 120.9546212, 14.4685158 ], [ 120.9546007, 14.4685087 ], [ 120.9545727, 14.4684959 ], [ 120.9545434, 14.4684859 ], [ 120.954514, 14.468466 ], [ 120.9544978, 14.4684589 ], [ 120.9544919, 14.4684574 ], [ 120.9544743, 14.4684574 ], [ 120.9544302, 14.4684403 ], [ 120.9544273, 14.4684375 ], [ 120.9544126, 14.4684332 ], [ 120.9544053, 14.4684332 ], [ 120.9543817, 14.468429 ], [ 120.9543582, 14.4684233 ], [ 120.9543053, 14.4684062 ], [ 120.954176, 14.468372 ], [ 120.9540364, 14.4683207 ], [ 120.9539717, 14.4683037 ], [ 120.9539468, 14.4683008 ], [ 120.9538968, 14.4682908 ], [ 120.9538733, 14.4682823 ], [ 120.9538307, 14.468261 ], [ 120.9537822, 14.4682439 ], [ 120.9537175, 14.4682254 ], [ 120.9537028, 14.4682225 ], [ 120.9536617, 14.4682068 ], [ 120.9536529, 14.4682054 ], [ 120.9536338, 14.4681983 ], [ 120.9535118, 14.4681698 ], [ 120.9534706, 14.4681513 ], [ 120.9534266, 14.4681342 ], [ 120.9533766, 14.4681186 ], [ 120.9533046, 14.468083 ], [ 120.953287, 14.4680759 ], [ 120.9532443, 14.4680502 ], [ 120.9532032, 14.4680332 ], [ 120.9531635, 14.4680204 ], [ 120.9531356, 14.4680175 ], [ 120.9531047, 14.4680232 ], [ 120.9530812, 14.4680232 ], [ 120.9530518, 14.4680189 ], [ 120.9530342, 14.4680146 ], [ 120.9529931, 14.467999 ], [ 120.9529492, 14.4679792 ], [ 120.9529448, 14.4679806 ], [ 120.9529286, 14.4679778 ], [ 120.9528639, 14.4679465 ], [ 120.9528434, 14.4679408 ], [ 120.952789, 14.4679336 ], [ 120.9527596, 14.4679279 ], [ 120.9527464, 14.4679237 ], [ 120.9527214, 14.4679109 ], [ 120.9526817, 14.467898 ], [ 120.9526097, 14.4678838 ], [ 120.9525142, 14.4678582 ], [ 120.9524157, 14.4678169 ], [ 120.952332, 14.4677941 ], [ 120.9519587, 14.4676774 ], [ 120.9519352, 14.4676717 ], [ 120.9517606, 14.4676103 ], [ 120.9517326, 14.4675946 ], [ 120.9517106, 14.4675847 ], [ 120.9516577, 14.467569 ], [ 120.9516459, 14.4675676 ], [ 120.9515754, 14.4675491 ], [ 120.9514799, 14.4675306 ], [ 120.9513594, 14.4675021 ], [ 120.9513153, 14.4674878 ], [ 120.9512521, 14.4674708 ], [ 120.9511155, 14.4674252 ], [ 120.9510332, 14.4674053 ], [ 120.9509376, 14.4673725 ], [ 120.9509257, 14.4673691 ], [ 120.9514343, 14.4642364 ], [ 120.9518224, 14.4618329 ], [ 120.952056, 14.4603389 ], [ 120.9521916, 14.4596202 ], [ 120.9522112, 14.4592933 ], [ 120.9532801, 14.4594391 ], [ 120.9533612, 14.4594462 ], [ 120.953477, 14.4594445 ], [ 120.9539643, 14.459492 ], [ 120.9544305, 14.4595566 ], [ 120.9548512, 14.459604 ], [ 120.9553034, 14.4596671 ], [ 120.9557662, 14.4597512 ], [ 120.9563075, 14.4598205 ], [ 120.956266, 14.4601369 ], [ 120.9562589, 14.4602095 ], [ 120.9562126, 14.4604917 ], [ 120.9560859, 14.4612509 ], [ 120.9560069, 14.4616229 ], [ 120.9559464, 14.4619075 ], [ 120.9555656, 14.4638612 ], [ 120.9553512, 14.4649628 ], [ 120.9552482, 14.465493 ], [ 120.9548091, 14.4677501 ], [ 120.9548083, 14.4677513 ] ] ] } },
{ "type": "Feature", "properties": { "adm4_name": "Mambog I", "adm4_ref_name": "Mambog I", "adm4_pcode": "PH0402103013", "adm3_name": "Bacoor City", "adm3_pcode": "PH0402103", "adm2_name": "Cavite", "adm2_pcode": "PH04021", "adm1_name": "Region IV-A (Calabarzon)", "adm1_pcode": "PH04", "adm0_name": "Philippines", "adm0_pcode": "PH", "valid_on": "2025-02-13", "valid_to": null, "area_sqkm": 0.56864083, "version": "v03", "lang": "en", "center_lat": 14.42300183, "center_lon": 120.94928475 }, "bbox": [ 120.9467935, 14.4157899, 120.9554759, 14.4302683 ], "geometry": { "type": "Polygon", "coordinates": [ [ [ 120.9486415, 14.4302576 ], [ 120.9485558, 14.4302683 ], [ 120.9485427, 14.4300645 ], [ 120.9485301, 14.4300041 ], [ 120.9485024, 14.4299437 ], [ 120.948447, 14.429911 ], [ 120.9483917, 14.4299135 ], [ 120.9482834, 14.4300066 ], [ 120.9482305, 14.4300419 ], [ 120.9481575, 14.4300645 ], [ 120.9480686, 14.4300734 ], [ 120.9479953, 14.4300576 ], [ 120.947936, 14.4300293 ], [ 120.9478982, 14.4299714 ], [ 120.9478907, 14.4299236 ], [ 120.9479033, 14.4298757 ], [ 120.948004, 14.4295938 ], [ 120.9480115, 14.4295434 ], [ 120.9480015, 14.4294981 ], [ 120.9479738, 14.4294654 ], [ 120.9479083, 14.4294302 ], [ 120.9478466, 14.4294096 ], [ 120.9477654, 14.4294057 ], [ 120.947702, 14.4293977 ], [ 120.9476415, 14.4293697 ], [ 120.9476029, 14.4293106 ], [ 120.947595, 14.429263 ], [ 120.9476062, 14.4292162 ], [ 120.9477044, 14.4290576 ], [ 120.9478902, 14.4288132 ], [ 120.9479279, 14.4287439 ], [ 120.9479497, 14.4286725 ], [ 120.9479556, 14.4286151 ], [ 120.9479378, 14.4285695 ], [ 120.9479061, 14.4284962 ], [ 120.9477793, 14.4283258 ], [ 120.9476663, 14.4282386 ], [ 120.947599, 14.4281811 ], [ 120.9475415, 14.4281157 ], [ 120.9475217, 14.4280345 ], [ 120.9475298, 14.4279745 ], [ 120.947567, 14.4279053 ], [ 120.9476977, 14.4277874 ], [ 120.9478027, 14.4276824 ], [ 120.9478476, 14.4276234 ], [ 120.9478758, 14.4275568 ], [ 120.9478873, 14.427485 ], [ 120.9478835, 14.4274017 ], [ 120.9478643, 14.427321 ], [ 120.9478194, 14.4272364 ], [ 120.947772, 14.4271429 ], [ 120.9477624, 14.4271133 ], [ 120.9477528, 14.4270723 ], [ 120.9477636, 14.4270216 ], [ 120.9477643, 14.4269929 ], [ 120.9477564, 14.4269709 ], [ 120.9477334, 14.4269479 ], [ 120.9476622, 14.4269383 ], [ 120.9475874, 14.4269443 ], [ 120.9475162, 14.426954 ], [ 120.9474209, 14.4269673 ], [ 120.9473207, 14.4269745 ], [ 120.9472736, 14.4269709 ], [ 120.9472278, 14.4269528 ], [ 120.9472, 14.4269214 ], [ 120.9472012, 14.4268876 ], [ 120.9472119, 14.4268555 ], [ 120.9472133, 14.4268514 ], [ 120.947244, 14.4268199 ], [ 120.9473038, 14.4267826 ], [ 120.9473364, 14.4267416 ], [ 120.9473448, 14.4267078 ], [ 120.947346, 14.4266667 ], [ 120.947334, 14.4266366 ], [ 120.9472845, 14.4264899 ], [ 120.9471858, 14.4261556 ], [ 120.9471687, 14.4260789 ], [ 120.9471554, 14.4259377 ], [ 120.947159, 14.4257769 ], [ 120.9471724, 14.4256832 ], [ 120.9471588, 14.4255242 ], [ 120.9471189, 14.4254064 ], [ 120.9470467, 14.4252773 ], [ 120.9469893, 14.4252018 ], [ 120.9469082, 14.4250535 ], [ 120.9468331, 14.4249388 ], [ 120.9467935, 14.4248083 ], [ 120.9468054, 14.4247041 ], [ 120.9468069, 14.4246926 ], [ 120.9468297, 14.424614 ], [ 120.9468877, 14.4244691 ], [ 120.9469514, 14.4243822 ], [ 120.9470122, 14.4243214 ], [ 120.9470991, 14.424275 ], [ 120.9471542, 14.424249 ], [ 120.9472208, 14.4241968 ], [ 120.9472643, 14.4241099 ], [ 120.9472527, 14.4240317 ], [ 120.9471397, 14.4237768 ], [ 120.9471107, 14.4235827 ], [ 120.9470528, 14.4234407 ], [ 120.9469485, 14.4232437 ], [ 120.9469427, 14.4231945 ], [ 120.946963, 14.4231481 ], [ 120.9470122, 14.4230989 ], [ 120.9471223, 14.4230351 ], [ 120.9472643, 14.4229685 ], [ 120.9473917, 14.4229164 ], [ 120.9475074, 14.4228825 ], [ 120.9475482, 14.4228729 ], [ 120.9475771, 14.4226325 ], [ 120.9475395, 14.4224007 ], [ 120.9474699, 14.4223717 ], [ 120.9474149, 14.4223283 ], [ 120.9473859, 14.4222675 ], [ 120.9473222, 14.421998 ], [ 120.9474757, 14.4216359 ], [ 120.9475887, 14.4215432 ], [ 120.947664, 14.4215085 ], [ 120.9477712, 14.4214737 ], [ 120.9479132, 14.4214244 ], [ 120.9479943, 14.4214418 ], [ 120.948003, 14.4214998 ], [ 120.9480059, 14.4215548 ], [ 120.9480262, 14.4216272 ], [ 120.9480551, 14.4216968 ], [ 120.9480783, 14.4217576 ], [ 120.9481131, 14.4217779 ], [ 120.9481768, 14.4217837 ], [ 120.948255, 14.4217808 ], [ 120.9482637, 14.4217344 ], [ 120.948255, 14.421662 ], [ 120.9482521, 14.4216012 ], [ 120.9482579, 14.421549 ], [ 120.9483043, 14.4214911 ], [ 120.9484028, 14.4214244 ], [ 120.9484897, 14.421381 ], [ 120.9486461, 14.4213346 ], [ 120.9487794, 14.4213375 ], [ 120.9488344, 14.4213433 ], [ 120.9489416, 14.4213115 ], [ 120.9490111, 14.4212767 ], [ 120.9490951, 14.4212072 ], [ 120.9491415, 14.4211376 ], [ 120.9491907, 14.4210015 ], [ 120.9492226, 14.4208422 ], [ 120.9492458, 14.4207205 ], [ 120.9493008, 14.420622 ], [ 120.9493703, 14.4205785 ], [ 120.9494862, 14.4205496 ], [ 120.9495847, 14.4205409 ], [ 120.9496977, 14.4205409 ], [ 120.9497962, 14.4205264 ], [ 120.949886, 14.4204656 ], [ 120.9499179, 14.4203786 ], [ 120.9499323, 14.4203178 ], [ 120.9499266, 14.4202715 ], [ 120.9498657, 14.4202396 ], [ 120.9497556, 14.4202048 ], [ 120.9495471, 14.4201469 ], [ 120.9495094, 14.4201266 ], [ 120.9494833, 14.4200918 ], [ 120.9494804, 14.4200252 ], [ 120.9495036, 14.4199006 ], [ 120.9495326, 14.4198369 ], [ 120.9495905, 14.4198022 ], [ 120.9496919, 14.4197616 ], [ 120.9497701, 14.4197384 ], [ 120.9498136, 14.4197094 ], [ 120.9498512, 14.4196602 ], [ 120.9499179, 14.4194777 ], [ 120.9499208, 14.4193908 ], [ 120.9499092, 14.419301 ], [ 120.9498657, 14.4192517 ], [ 120.9498281, 14.4192112 ], [ 120.9497875, 14.4191619 ], [ 120.9497643, 14.4190895 ], [ 120.9497643, 14.41902 ], [ 120.949831, 14.4189591 ], [ 120.9499005, 14.4189331 ], [ 120.94997, 14.4189476 ], [ 120.9500946, 14.4189765 ], [ 120.9501699, 14.4189968 ], [ 120.9502394, 14.4189968 ], [ 120.9503292, 14.4189678 ], [ 120.9503611, 14.4189215 ], [ 120.9504277, 14.4187477 ], [ 120.9504509, 14.4186115 ], [ 120.9504654, 14.418513 ], [ 120.9505204, 14.4184609 ], [ 120.9505668, 14.418429 ], [ 120.9506421, 14.4184435 ], [ 120.9506856, 14.4184898 ], [ 120.9507377, 14.4185275 ], [ 120.9507956, 14.4185623 ], [ 120.9508652, 14.4185709 ], [ 120.950926, 14.4185449 ], [ 120.950981, 14.418484 ], [ 120.9509868, 14.4184261 ], [ 120.9509666, 14.4183508 ], [ 120.9509463, 14.4182436 ], [ 120.9509434, 14.4181741 ], [ 120.9509202, 14.417951 ], [ 120.9509637, 14.4178931 ], [ 120.9510593, 14.4177801 ], [ 120.9511462, 14.4176584 ], [ 120.9511693, 14.4175744 ], [ 120.9511983, 14.4174498 ], [ 120.9512157, 14.4173774 ], [ 120.9512649, 14.4173166 ], [ 120.9512927, 14.4173003 ], [ 120.9513461, 14.4172702 ], [ 120.9514243, 14.4172586 ], [ 120.9514822, 14.417247 ], [ 120.9515373, 14.4172268 ], [ 120.9516039, 14.4171775 ], [ 120.9516647, 14.417137 ], [ 120.9517574, 14.417108 ], [ 120.9519457, 14.4170616 ], [ 120.9520355, 14.4170298 ], [ 120.9520732, 14.4169979 ], [ 120.952108, 14.4169487 ], [ 120.9521195, 14.4168791 ], [ 120.9521022, 14.4166648 ], [ 120.9521567, 14.4165663 ], [ 120.9522011, 14.4165238 ], [ 120.9522586, 14.4165025 ], [ 120.952468, 14.4164183 ], [ 120.95257, 14.416377 ], [ 120.9526144, 14.4163306 ], [ 120.9526627, 14.4162959 ], [ 120.9527071, 14.4162978 ], [ 120.9527612, 14.4163229 ], [ 120.9527844, 14.4163403 ], [ 120.952796, 14.4163982 ], [ 120.952796, 14.4164658 ], [ 120.9527979, 14.4165276 ], [ 120.952823, 14.4165875 ], [ 120.9528616, 14.4166474 ], [ 120.9529196, 14.4166783 ], [ 120.9530026, 14.4166937 ], [ 120.9531552, 14.4166957 ], [ 120.9533908, 14.4166725 ], [ 120.953611, 14.416657 ], [ 120.9536747, 14.4166512 ], [ 120.9537095, 14.4166551 ], [ 120.9537384, 14.416657 ], [ 120.953779, 14.416659 ], [ 120.9538466, 14.4166512 ], [ 120.953947, 14.4165933 ], [ 120.9541305, 14.4163693 ], [ 120.9542348, 14.4163905 ], [ 120.9543951, 14.4163905 ], [ 120.9544955, 14.4163751 ], [ 120.9546017, 14.4163596 ], [ 120.9547157, 14.4163306 ], [ 120.9548007, 14.4162669 ], [ 120.9548393, 14.4161356 ], [ 120.9548509, 14.4160236 ], [ 120.9548625, 14.415954 ], [ 120.9548644, 14.4158536 ], [ 120.95491, 14.4158174 ], [ 120.955044, 14.4157899 ], [ 120.9551952, 14.4162624 ], [ 120.955387, 14.4169116 ], [ 120.9554525, 14.4171524 ], [ 120.9554712, 14.4172249 ], [ 120.9554759, 14.4173068 ], [ 120.9554736, 14.417412 ], [ 120.9554198, 14.4175827 ], [ 120.9552818, 14.4179381 ], [ 120.9551322, 14.4182023 ], [ 120.9549985, 14.4182337 ], [ 120.9546692, 14.4182546 ], [ 120.9545417, 14.4184178 ], [ 120.9544425, 14.4186721 ], [ 120.9543283, 14.4189199 ], [ 120.954238, 14.4191409 ], [ 120.9541273, 14.4194213 ], [ 120.9540919, 14.4195202 ], [ 120.9529845, 14.4202373 ], [ 120.9528736, 14.4203731 ], [ 120.9525676, 14.4215583 ], [ 120.9513811, 14.4215157 ], [ 120.9513756, 14.4231841 ], [ 120.9513431, 14.4235362 ], [ 120.9503302, 14.423715 ], [ 120.9501863, 14.4241074 ], [ 120.9502565, 14.4243997 ], [ 120.9502917, 14.4245549 ], [ 120.9503524, 14.4248384 ], [ 120.950412, 14.4248839 ], [ 120.9504952, 14.4249047 ], [ 120.9510725, 14.4248111 ], [ 120.9511297, 14.4249879 ], [ 120.9511245, 14.4251387 ], [ 120.9510309, 14.4254612 ], [ 120.9509685, 14.4257005 ], [ 120.9509061, 14.4260282 ], [ 120.9508204, 14.4262141 ], [ 120.9507563, 14.4263534 ], [ 120.9522903, 14.4264232 ], [ 120.9522466, 14.4266338 ], [ 120.9521819, 14.4271246 ], [ 120.9521731, 14.4272216 ], [ 120.9521584, 14.427295 ], [ 120.9521232, 14.4273303 ], [ 120.9520438, 14.4273509 ], [ 120.9518587, 14.4273626 ], [ 120.951797, 14.4273626 ], [ 120.9517176, 14.4273626 ], [ 120.9516324, 14.4274126 ], [ 120.9514972, 14.4275213 ], [ 120.9513973, 14.427583 ], [ 120.9513356, 14.427583 ], [ 120.951221, 14.4275625 ], [ 120.951077, 14.4275066 ], [ 120.9509183, 14.427442 ], [ 120.9507564, 14.4273742 ], [ 120.9507155, 14.4273567 ], [ 120.9506447, 14.4273451 ], [ 120.9505677, 14.4273553 ], [ 120.9505183, 14.427364 ], [ 120.9504516, 14.4274032 ], [ 120.950349, 14.4274906 ], [ 120.9502236, 14.4275164 ], [ 120.9501118, 14.4275513 ], [ 120.9500073, 14.427605 ], [ 120.9498723, 14.4277139 ], [ 120.9498418, 14.4277429 ], [ 120.9498214, 14.4277705 ], [ 120.9498185, 14.4278155 ], [ 120.9498277, 14.4278383 ], [ 120.9498389, 14.4278751 ], [ 120.9498385, 14.4278955 ], [ 120.9498599, 14.4279866 ], [ 120.9498724, 14.4280375 ], [ 120.949884, 14.4280634 ], [ 120.949918, 14.4280965 ], [ 120.9499635, 14.4281403 ], [ 120.9499823, 14.4281689 ], [ 120.949993, 14.4282046 ], [ 120.949993, 14.428243 ], [ 120.949976, 14.4283288 ], [ 120.9499385, 14.428444 ], [ 120.9498938, 14.4285432 ], [ 120.9498668, 14.4285898 ], [ 120.9498447, 14.428628 ], [ 120.9497777, 14.4287093 ], [ 120.9497295, 14.4287656 ], [ 120.9496812, 14.4288246 ], [ 120.949594, 14.4289718 ], [ 120.949508, 14.4291438 ], [ 120.9493925, 14.4293574 ], [ 120.9493414, 14.4294675 ], [ 120.9493199, 14.4295414 ], [ 120.9493038, 14.4295663 ], [ 120.9492869, 14.4295822 ], [ 120.9492693, 14.4295897 ], [ 120.9492376, 14.4296015 ], [ 120.9492033, 14.4296229 ], [ 120.949188, 14.4296486 ], [ 120.9491733, 14.4296808 ], [ 120.9490939, 14.4299531 ], [ 120.9490682, 14.430011 ], [ 120.9490382, 14.4300839 ], [ 120.9489889, 14.4301289 ], [ 120.9489224, 14.4301547 ], [ 120.9488259, 14.4301611 ], [ 120.9487831, 14.4301804 ], [ 120.9487102, 14.4302297 ], [ 120.9486415, 14.4302576 ] ] ] } },
{ "type": "Feature", "properties": { "adm4_name": "Molino I", "adm4_ref_name": "Molino I", "adm4_pcode": "PH0402103014", "adm3_name": "Bacoor City", "adm3_pcode": "PH0402103", "adm2_name": "Cavite", "adm2_pcode": "PH04021", "adm1_name": "Region IV-A (Calabarzon)", "adm1_pcode": "PH04", "adm0_name": "Philippines", "adm0_pcode": "PH", "valid_on": "2025-02-13", "valid_to": null, "area_sqkm": 0.63030626, "version": "v03", "lang": "en", "center_lat": 14.42017121, "center_lon": 120.9738339 }, "bbox": [ 120.9694138, 14.4162038, 120.9791907, 14.4242405 ], "geometry": { "type": "Polygon", "coordinates": [ [ [ 120.9746388, 14.4242357 ], [ 120.974403, 14.4242405 ], [ 120.9743942, 14.4235817 ], [ 120.9743942, 14.422746 ], [ 120.9744119, 14.4223967 ], [ 120.9735079, 14.4223404 ], [ 120.9697567, 14.422015 ], [ 120.9698373, 14.4219066 ], [ 120.9698959, 14.4217804 ], [ 120.9699171, 14.4216139 ], [ 120.9699019, 14.4214716 ], [ 120.9698353, 14.4212112 ], [ 120.969796, 14.4209962 ], [ 120.9697293, 14.4207872 ], [ 120.9696809, 14.4206479 ], [ 120.9696506, 14.4204662 ], [ 120.9696264, 14.4202543 ], [ 120.9696143, 14.4200726 ], [ 120.9696003, 14.4199503 ], [ 120.9696029, 14.4198464 ], [ 120.9696029, 14.4197619 ], [ 120.9695951, 14.4196879 ], [ 120.9695834, 14.4196463 ], [ 120.969586, 14.4196074 ], [ 120.969599, 14.419584 ], [ 120.9696406, 14.4195593 ], [ 120.9697016, 14.4195593 ], [ 120.9697588, 14.4195398 ], [ 120.9698596, 14.4195033 ], [ 120.9699172, 14.4194931 ], [ 120.969951, 14.4194515 ], [ 120.9699625, 14.4194094 ], [ 120.9699523, 14.4193567 ], [ 120.969899, 14.4192333 ], [ 120.969873, 14.4191736 ], [ 120.9698601, 14.4191086 ], [ 120.9698666, 14.4190502 ], [ 120.9698838, 14.4189942 ], [ 120.9699297, 14.4189243 ], [ 120.9700062, 14.4188981 ], [ 120.9700915, 14.4188719 ], [ 120.9701417, 14.4188194 ], [ 120.9701592, 14.418732 ], [ 120.9701548, 14.4186336 ], [ 120.9701308, 14.4185418 ], [ 120.9700324, 14.4183976 ], [ 120.9699559, 14.4182818 ], [ 120.9698455, 14.4180845 ], [ 120.9697246, 14.4178514 ], [ 120.9696297, 14.4176269 ], [ 120.9695341, 14.4173901 ], [ 120.969444, 14.4171003 ], [ 120.9694138, 14.4168887 ], [ 120.9694527, 14.4166254 ], [ 120.9720541, 14.4164315 ], [ 120.9727243, 14.4163274 ], [ 120.9745331, 14.4162818 ], [ 120.9756458, 14.4162038 ], [ 120.9755965, 14.4163681 ], [ 120.9756129, 14.4164873 ], [ 120.9756704, 14.4165776 ], [ 120.975999, 14.4169843 ], [ 120.9760853, 14.4170582 ], [ 120.9761551, 14.4171897 ], [ 120.9761715, 14.4174076 ], [ 120.9761674, 14.4176128 ], [ 120.9761757, 14.4177648 ], [ 120.9762059, 14.4179313 ], [ 120.9762748, 14.4181036 ], [ 120.9763989, 14.4182758 ], [ 120.9765229, 14.4183516 ], [ 120.9767159, 14.4184481 ], [ 120.9771707, 14.4185721 ], [ 120.9777219, 14.4188478 ], [ 120.9780045, 14.4189443 ], [ 120.9781698, 14.419027 ], [ 120.9782388, 14.4191579 ], [ 120.9782663, 14.4193233 ], [ 120.9782181, 14.4194886 ], [ 120.9780527, 14.4198745 ], [ 120.9780114, 14.4199572 ], [ 120.9780114, 14.4200882 ], [ 120.9781767, 14.4204741 ], [ 120.9782572, 14.4206216 ], [ 120.9785488, 14.4211563 ], [ 120.9787062, 14.421357 ], [ 120.9790907, 14.4217836 ], [ 120.9791697, 14.4218994 ], [ 120.9791907, 14.4220048 ], [ 120.9791591, 14.4220785 ], [ 120.9790854, 14.4221259 ], [ 120.978959, 14.4221259 ], [ 120.9787273, 14.422147 ], [ 120.9786694, 14.4221891 ], [ 120.9786062, 14.4222681 ], [ 120.9785061, 14.4226525 ], [ 120.9785324, 14.4231265 ], [ 120.9785746, 14.4233635 ], [ 120.978643, 14.4235689 ], [ 120.978643, 14.4240956 ], [ 120.9765925, 14.4239891 ], [ 120.9749076, 14.4239017 ], [ 120.9748992, 14.4242304 ], [ 120.9746388, 14.4242357 ] ] ] } },
{ "type": "Feature", "properties": { "adm4_name": "Niog I", "adm4_ref_name": "Niog I", "adm4_pcode": "PH0402103015", "adm3_name": "Bacoor City", "adm3_pcode": "PH0402103", "adm2_name": "Cavite", "adm2_pcode": "PH04021", "adm1_name": "Region IV-A (Calabarzon)", "adm1_pcode": "PH04", "adm0_name": "Philippines", "adm0_pcode": "PH", "valid_on": "2025-02-13", "valid_to": null, "area_sqkm": 0.17414857, "version": "v03", "lang": "en", "center_lat": 14.45709079, "center_lon": 120.95697194 }, "bbox": [ 120.9534494, 14.4543457, 120.9586828, 14.4598879 ], "geometry": { "type": "Polygon", "coordinates": [ [ [ 120.9569126, 14.4591465 ], [ 120.9567706, 14.4598879 ], [ 120.9563075, 14.4598205 ], [ 120.9557662, 14.4597512 ], [ 120.9553034, 14.4596671 ], [ 120.9548512, 14.459604 ], [ 120.9544305, 14.4595566 ], [ 120.9539643, 14.459492 ], [ 120.953477, 14.4594445 ], [ 120.9534494, 14.4584905 ], [ 120.9534565, 14.4582719 ], [ 120.9535056, 14.4579978 ], [ 120.9535958, 14.4577641 ], [ 120.9537065, 14.4575879 ], [ 120.9538212, 14.4569854 ], [ 120.9538465, 14.4567944 ], [ 120.9548116, 14.4568966 ], [ 120.9550179, 14.456931 ], [ 120.9551997, 14.4570489 ], [ 120.9553169, 14.4571582 ], [ 120.9554305, 14.457269 ], [ 120.9555042, 14.4571327 ], [ 120.9562247, 14.4558054 ], [ 120.9563333, 14.4556286 ], [ 120.9571215, 14.4543457 ], [ 120.9574708, 14.4550841 ], [ 120.9575067, 14.4551677 ], [ 120.9576355, 14.45542 ], [ 120.9581192, 14.4564426 ], [ 120.9583075, 14.4568563 ], [ 120.9586828, 14.4576606 ], [ 120.9585151, 14.4577322 ], [ 120.9583695, 14.4578037 ], [ 120.9581648, 14.457932 ], [ 120.9570862, 14.458284 ], [ 120.9570276, 14.4585752 ], [ 120.9569126, 14.4591465 ] ] ] } },
{ "type": "Feature", "properties": { "adm4_name": "P.F. Espiritu I (Panapaan)", "adm4_ref_name": "P.F. Espiritu I (Panapaan)", "adm4_pcode": "PH0402103018", "adm3_name": "Bacoor City", "adm3_pcode": "PH0402103", "adm2_name": "Cavite", "adm2_pcode": "PH04021", "adm1_name": "Region IV-A (Calabarzon)", "adm1_pcode": "PH04", "adm0_name": "Philippines", "adm0_pcode": "PH", "valid_on": "2025-02-13", "valid_to": null, "area_sqkm": 0.24408128, "version": "v03", "lang": "en", "center_lat": 14.4501363, "center_lon": 120.95658263 }, "bbox": [ 120.9529911, 14.4456282, 120.9590898, 14.4543457 ], "geometry": { "type": "Polygon", "coordinates": [ [ [ 120.9571957, 14.4536473 ], [ 120.9571215, 14.4543457 ], [ 120.9570827, 14.4542642 ], [ 120.9569054, 14.4538916 ], [ 120.9566024, 14.4532224 ], [ 120.9562291, 14.4524627 ], [ 120.9560398, 14.4520368 ], [ 120.9557033, 14.4513638 ], [ 120.9556102, 14.4511756 ], [ 120.9552065, 14.4503071 ], [ 120.9550633, 14.4499655 ], [ 120.9549754, 14.4497488 ], [ 120.9549395, 14.4496677 ], [ 120.95457, 14.4489962 ], [ 120.9543987, 14.4485996 ], [ 120.9543176, 14.4484599 ], [ 120.9541824, 14.448212 ], [ 120.9540742, 14.4479236 ], [ 120.9540111, 14.4478019 ], [ 120.9536957, 14.447162 ], [ 120.9536724, 14.4471128 ], [ 120.9535636, 14.4468783 ], [ 120.9531639, 14.4459857 ], [ 120.9529911, 14.4456282 ], [ 120.95403, 14.4457408 ], [ 120.954083, 14.4462119 ], [ 120.9544539, 14.4461648 ], [ 120.9551424, 14.4464214 ], [ 120.9570917, 14.447148 ], [ 120.9578851, 14.4476193 ], [ 120.9590898, 14.4483697 ], [ 120.9590035, 14.448511 ], [ 120.9583612, 14.449562 ], [ 120.9573273, 14.4513566 ], [ 120.9576993, 14.4516276 ], [ 120.9578772, 14.451742 ], [ 120.9579518, 14.4518109 ], [ 120.9579691, 14.4518798 ], [ 120.9579557, 14.451964 ], [ 120.957896, 14.4520634 ], [ 120.9577259, 14.4522973 ], [ 120.9575984, 14.4524939 ], [ 120.9575558, 14.4526002 ], [ 120.9575133, 14.4527649 ], [ 120.9573568, 14.453276 ], [ 120.9572797, 14.4534862 ], [ 120.9571957, 14.4536473 ] ] ] } },
{ "type": "Feature", "properties": { "adm4_name": "Real I", "adm4_ref_name": "Real I", "adm4_pcode": "PH0402103019", "adm3_name": "Bacoor City", "adm3_pcode": "PH0402103", "adm2_name": "Cavite", "adm2_pcode": "PH04021", "adm1_name": "Region IV-A (Calabarzon)", "adm1_pcode": "PH04", "adm0_name": "Philippines", "adm0_pcode": "PH", "valid_on": "2025-02-13", "valid_to": null, "area_sqkm": 0.40533855, "version": "v03", "lang": "en", "center_lat": 14.4342451, "center_lon": 120.94259334 }, "bbox": [ 120.9374554, 14.4315938, 120.9484755, 14.4369279 ], "geometry": { "type": "Polygon", "coordinates": [ [ [ 120.946155, 14.4364341 ], [ 120.946057, 14.4369279 ], [ 120.9457276, 14.4368886 ], [ 120.944072, 14.436637 ], [ 120.9436333, 14.4365727 ], [ 120.9433541, 14.4365307 ], [ 120.9431711, 14.4365025 ], [ 120.9429759, 14.4364593 ], [ 120.9427206, 14.4363913 ], [ 120.9425334, 14.4363211 ], [ 120.9423755, 14.4362743 ], [ 120.9424355, 14.4360577 ], [ 120.9403619, 14.4353106 ], [ 120.940032, 14.4351919 ], [ 120.9394916, 14.4349794 ], [ 120.9390708, 14.434814 ], [ 120.9381491, 14.4344932 ], [ 120.9377551, 14.4343572 ], [ 120.9374554, 14.4342074 ], [ 120.9375328, 14.4340885 ], [ 120.937646, 14.4339001 ], [ 120.9378459, 14.4334461 ], [ 120.9379095, 14.4332983 ], [ 120.9380458, 14.4329755 ], [ 120.9381874, 14.4327173 ], [ 120.9383624, 14.4325465 ], [ 120.9385873, 14.4324382 ], [ 120.9391028, 14.4322211 ], [ 120.9391574, 14.4321989 ], [ 120.9392846, 14.4321195 ], [ 120.939394, 14.4320524 ], [ 120.9394349, 14.4319926 ], [ 120.9395742, 14.4317932 ], [ 120.9395387, 14.4315938 ], [ 120.9400161, 14.431713 ], [ 120.9409684, 14.4319913 ], [ 120.9411985, 14.4320586 ], [ 120.9413206, 14.4320855 ], [ 120.9413739, 14.4321038 ], [ 120.9423611, 14.4323773 ], [ 120.9426955, 14.4324272 ], [ 120.943013, 14.4324746 ], [ 120.9430772, 14.4324778 ], [ 120.9431201, 14.4324638 ], [ 120.9431461, 14.4324438 ], [ 120.9431571, 14.4324189 ], [ 120.9432111, 14.4325084 ], [ 120.9431954, 14.4327408 ], [ 120.944004, 14.4328212 ], [ 120.9441738, 14.4328453 ], [ 120.94453, 14.4328931 ], [ 120.9449102, 14.4329677 ], [ 120.945233, 14.4330247 ], [ 120.9455667, 14.4330735 ], [ 120.945895, 14.4331224 ], [ 120.9462206, 14.4331739 ], [ 120.9465706, 14.4332309 ], [ 120.9468826, 14.4332689 ], [ 120.9471317, 14.4331291 ], [ 120.947382, 14.4336701 ], [ 120.9475, 14.4339135 ], [ 120.9476736, 14.4342828 ], [ 120.9478099, 14.434587 ], [ 120.9481319, 14.4352161 ], [ 120.9483066, 14.4356412 ], [ 120.9484755, 14.4359556 ], [ 120.9473651, 14.4365848 ], [ 120.94616, 14.4364003 ], [ 120.946155, 14.4364341 ] ] ] } },
{ "type": "Feature", "properties": { "adm4_name": "Salinas I", "adm4_ref_name": "Salinas I", "adm4_pcode": "PH0402103020", "adm3_name": "Bacoor City", "adm3_pcode": "PH0402103", "adm2_name": "Cavite", "adm2_pcode": "PH04021", "adm1_name": "Region IV-A (Calabarzon)", "adm1_pcode": "PH04", "adm0_name": "Philippines", "adm0_pcode": "PH", "valid_on": "2025-02-13", "valid_to": null, "area_sqkm": 0.65265892, "version": "v03", "lang": "en", "center_lat": 14.44078042, "center_lon": 120.93623335 }, "bbox": [ 120.9307534, 14.4342074, 120.9403619, 14.4474752 ], "geometry": { "type": "Polygon", "coordinates": [ [ [ 120.93423, 14.4469738 ], [ 120.9335472, 14.4474752 ], [ 120.9312619, 14.4467372 ], [ 120.9309591, 14.4464971 ], [ 120.9307534, 14.4463744 ], [ 120.9309313, 14.4462029 ], [ 120.9311028, 14.4459742 ], [ 120.9312479, 14.445684 ], [ 120.9313403, 14.4453365 ], [ 120.9313755, 14.4448835 ], [ 120.9313271, 14.4446417 ], [ 120.9312435, 14.4443866 ], [ 120.9311732, 14.4441579 ], [ 120.9310192, 14.4440304 ], [ 120.9309876, 14.4437461 ], [ 120.9308248, 14.4432501 ], [ 120.9307861, 14.4429323 ], [ 120.9308403, 14.4426688 ], [ 120.9309566, 14.4424441 ], [ 120.9312201, 14.4421495 ], [ 120.9314914, 14.4420488 ], [ 120.9317161, 14.4420565 ], [ 120.9319564, 14.4420953 ], [ 120.9322897, 14.4424673 ], [ 120.9325067, 14.4426688 ], [ 120.9327547, 14.4427618 ], [ 120.9330182, 14.4427308 ], [ 120.9332895, 14.4425913 ], [ 120.9334212, 14.4423898 ], [ 120.9334987, 14.4421495 ], [ 120.9335918, 14.4417078 ], [ 120.9337003, 14.4412427 ], [ 120.9338121, 14.4409071 ], [ 120.933925, 14.4406537 ], [ 120.9341535, 14.4404478 ], [ 120.9344738, 14.4403003 ], [ 120.934794, 14.4401655 ], [ 120.9350174, 14.440039 ], [ 120.9351944, 14.4398199 ], [ 120.935502, 14.4393142 ], [ 120.9359718, 14.4385189 ], [ 120.9360752, 14.4382859 ], [ 120.9361009, 14.4380941 ], [ 120.9361009, 14.4377692 ], [ 120.9359403, 14.4364696 ], [ 120.9359759, 14.4361574 ], [ 120.9361092, 14.4358617 ], [ 120.9364049, 14.4355577 ], [ 120.9367922, 14.4352245 ], [ 120.9369304, 14.4350352 ], [ 120.9371337, 14.434708 ], [ 120.9374554, 14.4342074 ], [ 120.9377551, 14.4343572 ], [ 120.9381491, 14.4344932 ], [ 120.9390708, 14.434814 ], [ 120.9394916, 14.4349794 ], [ 120.940032, 14.4351919 ], [ 120.9403619, 14.4353106 ], [ 120.9399852, 14.4364062 ], [ 120.939578, 14.4375907 ], [ 120.9394791, 14.4378107 ], [ 120.9392934, 14.4383308 ], [ 120.9390545, 14.4389997 ], [ 120.9390205, 14.4392456 ], [ 120.9385348, 14.4410107 ], [ 120.938027, 14.4422119 ], [ 120.9376392, 14.4431293 ], [ 120.9375853, 14.4434587 ], [ 120.9393832, 14.4441732 ], [ 120.9393428, 14.444421 ], [ 120.9389164, 14.445003 ], [ 120.9371588, 14.4443634 ], [ 120.9367785, 14.4455908 ], [ 120.9354558, 14.4449532 ], [ 120.9333671, 14.4439485 ], [ 120.9331096, 14.4447091 ], [ 120.9348956, 14.4456772 ], [ 120.93423, 14.4469738 ] ] ] } },
{ "type": "Feature", "properties": { "adm4_name": "San Nicolas I", "adm4_ref_name": "San Nicolas I", "adm4_pcode": "PH0402103021", "adm3_name": "Bacoor City", "adm3_pcode": "PH0402103", "adm2_name": "Cavite", "adm2_pcode": "PH04021", "adm1_name": "Region IV-A (Calabarzon)", "adm1_pcode": "PH04", "adm0_name": "Philippines", "adm0_pcode": "PH", "valid_on": "2025-02-13", "valid_to": null, "area_sqkm": 0.46163832, "version": "v03", "lang": "en", "center_lat": 14.43860787, "center_lon": 120.97215215 }, "bbox": [ 120.968082, 14.4351784, 120.9778937, 14.4420375 ], "geometry": { "type": "Polygon", "coordinates": [ [ [ 120.9729832, 14.4416248 ], [ 120.972899, 14.4420375 ], [ 120.9722339, 14.4416651 ], [ 120.97166, 14.4414808 ], [ 120.9714029, 14.4413882 ], [ 120.9712392, 14.4413208 ], [ 120.9710549, 14.4412165 ], [ 120.970728, 14.4410113 ], [ 120.9706233, 14.4409902 ], [ 120.9700794, 14.4408989 ], [ 120.9698939, 14.4409017 ], [ 120.9696012, 14.440776 ], [ 120.968865, 14.4404544 ], [ 120.9685661, 14.4403046 ], [ 120.968082, 14.439966 ], [ 120.9681506, 14.4398952 ], [ 120.9682723, 14.4398089 ], [ 120.9683476, 14.4397978 ], [ 120.968435, 14.4398174 ], [ 120.968481, 14.4398218 ], [ 120.968516, 14.4398152 ], [ 120.9685434, 14.4397977 ], [ 120.9685707, 14.4397539 ], [ 120.9685888, 14.4396827 ], [ 120.9686255, 14.4396006 ], [ 120.968689, 14.4395273 ], [ 120.9687601, 14.4394878 ], [ 120.9688193, 14.4394867 ], [ 120.9688676, 14.4394814 ], [ 120.9689074, 14.4394548 ], [ 120.9689353, 14.4393948 ], [ 120.9689475, 14.439313 ], [ 120.968946, 14.4391833 ], [ 120.968878, 14.4388558 ], [ 120.9688697, 14.4388047 ], [ 120.9688697, 14.4387668 ], [ 120.9688856, 14.4387456 ], [ 120.9689373, 14.4387207 ], [ 120.969018, 14.4387108 ], [ 120.9690724, 14.4386828 ], [ 120.9690988, 14.4386234 ], [ 120.9690988, 14.4385707 ], [ 120.9690757, 14.4385411 ], [ 120.9690345, 14.4385081 ], [ 120.9690213, 14.4384685 ], [ 120.9690296, 14.4384241 ], [ 120.9690724, 14.438396 ], [ 120.9691218, 14.4383878 ], [ 120.9691515, 14.4383631 ], [ 120.9691647, 14.4383104 ], [ 120.9691498, 14.4382626 ], [ 120.9691301, 14.438228 ], [ 120.9690592, 14.4381818 ], [ 120.9689844, 14.4381212 ], [ 120.9689588, 14.4380661 ], [ 120.9689352, 14.438009 ], [ 120.9689333, 14.4379697 ], [ 120.9689613, 14.4379122 ], [ 120.9689779, 14.4378845 ], [ 120.9689883, 14.4378575 ], [ 120.9689949, 14.4378354 ], [ 120.9689971, 14.4378107 ], [ 120.9689923, 14.4377887 ], [ 120.9689838, 14.4377682 ], [ 120.9689628, 14.4377415 ], [ 120.9689277, 14.4377276 ], [ 120.9688945, 14.4377184 ], [ 120.968866, 14.4377032 ], [ 120.9688503, 14.4376812 ], [ 120.968845, 14.4376531 ], [ 120.9688547, 14.4376214 ], [ 120.9688821, 14.4375565 ], [ 120.9689411, 14.4374208 ], [ 120.9689844, 14.4372811 ], [ 120.9690257, 14.4371454 ], [ 120.9690887, 14.4370254 ], [ 120.9691566, 14.4369156 ], [ 120.9691667, 14.4368396 ], [ 120.9691388, 14.4367611 ], [ 120.9690749, 14.4366634 ], [ 120.9690379, 14.4363205 ], [ 120.9690397, 14.4362538 ], [ 120.9690487, 14.4362177 ], [ 120.9690884, 14.4361654 ], [ 120.9691209, 14.4361366 ], [ 120.9692435, 14.4360698 ], [ 120.9693102, 14.4360157 ], [ 120.9693464, 14.4359737 ], [ 120.9693571, 14.4359147 ], [ 120.9693409, 14.4358354 ], [ 120.9693175, 14.4357704 ], [ 120.9692738, 14.435729 ], [ 120.9692128, 14.4356893 ], [ 120.9690992, 14.4356297 ], [ 120.9690294, 14.435582 ], [ 120.9689186, 14.4355056 ], [ 120.9688479, 14.4354139 ], [ 120.968825, 14.4353471 ], [ 120.9710193, 14.4353323 ], [ 120.9735518, 14.4352597 ], [ 120.9746265, 14.435225 ], [ 120.975014, 14.4352215 ], [ 120.9750912, 14.4352208 ], [ 120.9754194, 14.435194 ], [ 120.9755533, 14.4351784 ], [ 120.9759842, 14.4351918 ], [ 120.9772449, 14.4352582 ], [ 120.9770308, 14.4353994 ], [ 120.976914, 14.4355113 ], [ 120.9768458, 14.4356281 ], [ 120.9768556, 14.4357303 ], [ 120.9768896, 14.435818 ], [ 120.9769821, 14.4359153 ], [ 120.9771379, 14.4359542 ], [ 120.9773325, 14.4359542 ], [ 120.9774931, 14.4360224 ], [ 120.9777804, 14.4363745 ], [ 120.9778937, 14.4365067 ], [ 120.9777678, 14.4367897 ], [ 120.9775572, 14.4369834 ], [ 120.9772287, 14.4372024 ], [ 120.9769086, 14.4373456 ], [ 120.9763526, 14.4374804 ], [ 120.9760578, 14.4377247 ], [ 120.9758553, 14.4379354 ], [ 120.9752239, 14.4385923 ], [ 120.9750554, 14.4387355 ], [ 120.9745584, 14.4389798 ], [ 120.9742636, 14.4390472 ], [ 120.9740951, 14.4391061 ], [ 120.9739435, 14.4392241 ], [ 120.9737497, 14.4394852 ], [ 120.9735392, 14.4399822 ], [ 120.9734633, 14.4402433 ], [ 120.9732191, 14.4406055 ], [ 120.9730085, 14.4407572 ], [ 120.9729495, 14.4409509 ], [ 120.9730085, 14.4413468 ], [ 120.9729832, 14.4416248 ] ] ] } },
{ "type": "Feature", "properties": { "adm4_name": "Sineguelasan", "adm4_ref_name": "Sineguelasan", "adm4_pcode": "PH0402103022", "adm3_name": "Bacoor City", "adm3_pcode": "PH0402103", "adm2_name": "Cavite", "adm2_pcode": "PH04021", "adm1_name": "Region IV-A (Calabarzon)", "adm1_pcode": "PH04", "adm0_name": "Philippines", "adm0_pcode": "PH", "valid_on": "2025-02-13", "valid_to": null, "area_sqkm": 0.30050187, "version": "v03", "lang": "en", "center_lat": 14.46027439, "center_lon": 120.92833858 }, "bbox": [ 120.9244946, 14.4577358, 120.9324215, 14.4626378 ], "geometry": { "type": "Polygon", "coordinates": [ [ [ 120.9321868, 14.4600767 ], [ 120.9318303, 14.4626378 ], [ 120.9317905, 14.4626192 ], [ 120.9317587, 14.4626073 ], [ 120.9317498, 14.4626056 ], [ 120.9317109, 14.4625919 ], [ 120.9316968, 14.4625885 ], [ 120.9316862, 14.4625834 ], [ 120.9316561, 14.4625748 ], [ 120.931612, 14.4625577 ], [ 120.9315784, 14.4625492 ], [ 120.9315236, 14.4625253 ], [ 120.9315094, 14.4625219 ], [ 120.9314758, 14.4625065 ], [ 120.9314476, 14.4624997 ], [ 120.9313556, 14.4624723 ], [ 120.9313114, 14.4624535 ], [ 120.9312991, 14.4624467 ], [ 120.9312867, 14.4624433 ], [ 120.9312779, 14.4624382 ], [ 120.9312089, 14.4624125 ], [ 120.9311895, 14.4624074 ], [ 120.9311771, 14.4624023 ], [ 120.931094, 14.4623818 ], [ 120.9309968, 14.4623511 ], [ 120.9308967, 14.4623054 ], [ 120.9308684, 14.46229 ], [ 120.9308225, 14.462273 ], [ 120.9307341, 14.4622302 ], [ 120.9306793, 14.4622097 ], [ 120.9305856, 14.4621653 ], [ 120.9304901, 14.462138 ], [ 120.9304707, 14.4621311 ], [ 120.9303876, 14.4620935 ], [ 120.9303628, 14.462085 ], [ 120.9302692, 14.4620577 ], [ 120.9302356, 14.4620457 ], [ 120.9301719, 14.4620184 ], [ 120.9301525, 14.4620133 ], [ 120.9301171, 14.4619996 ], [ 120.9300376, 14.461962 ], [ 120.9299121, 14.4619107 ], [ 120.9298767, 14.4618936 ], [ 120.9298555, 14.4618868 ], [ 120.9298237, 14.4618714 ], [ 120.929806, 14.4618663 ], [ 120.9297954, 14.4618612 ], [ 120.9297583, 14.4618509 ], [ 120.9296999, 14.4618236 ], [ 120.9296345, 14.4618014 ], [ 120.9295373, 14.4617621 ], [ 120.9294896, 14.4617467 ], [ 120.9294631, 14.4617365 ], [ 120.9294525, 14.4617348 ], [ 120.9294419, 14.4617296 ], [ 120.9294383, 14.4617296 ], [ 120.9294277, 14.4617228 ], [ 120.9294118, 14.461716 ], [ 120.9293994, 14.4617074 ], [ 120.9293216, 14.4616715 ], [ 120.9292934, 14.4616647 ], [ 120.9292262, 14.4616425 ], [ 120.9291979, 14.4616357 ], [ 120.9291325, 14.4616135 ], [ 120.9291201, 14.4616066 ], [ 120.9290724, 14.4615895 ], [ 120.9290388, 14.4615793 ], [ 120.9290141, 14.4615673 ], [ 120.9290105, 14.4615639 ], [ 120.9290088, 14.4615588 ], [ 120.92898, 14.4615475 ], [ 120.9289712, 14.4615424 ], [ 120.9289199, 14.4615236 ], [ 120.928904, 14.461515 ], [ 120.9288899, 14.4615031 ], [ 120.9288846, 14.4614962 ], [ 120.9288775, 14.4614723 ], [ 120.9288722, 14.4614654 ], [ 120.928858, 14.4614535 ], [ 120.9288457, 14.4614518 ], [ 120.9288351, 14.4614569 ], [ 120.9288298, 14.461462 ], [ 120.9288209, 14.4614655 ], [ 120.9288103, 14.4614672 ], [ 120.9287927, 14.4614689 ], [ 120.9287768, 14.4614638 ], [ 120.9287661, 14.4614587 ], [ 120.928722, 14.4614433 ], [ 120.9286901, 14.4614279 ], [ 120.9286477, 14.4614142 ], [ 120.9286177, 14.4614006 ], [ 120.9285628, 14.4613801 ], [ 120.9285469, 14.4613715 ], [ 120.9284355, 14.4613339 ], [ 120.9283948, 14.4613168 ], [ 120.9283736, 14.46131 ], [ 120.9283418, 14.4612946 ], [ 120.9282587, 14.4612588 ], [ 120.9282021, 14.4612366 ], [ 120.9281703, 14.4612263 ], [ 120.9280961, 14.4612076 ], [ 120.9279478, 14.4611513 ], [ 120.9279337, 14.4611479 ], [ 120.9278508, 14.4611173 ], [ 120.9278473, 14.4611173 ], [ 120.9278156, 14.4611054 ], [ 120.9277417, 14.4610732 ], [ 120.92764, 14.4610257 ], [ 120.9275017, 14.4609837 ], [ 120.9274424, 14.4609618 ], [ 120.9273989, 14.4609451 ], [ 120.9273397, 14.4609165 ], [ 120.9272165, 14.4608663 ], [ 120.9271991, 14.4608596 ], [ 120.9271735, 14.4608532 ], [ 120.9271684, 14.4608532 ], [ 120.9271412, 14.4608401 ], [ 120.9270868, 14.4608206 ], [ 120.9270699, 14.4608107 ], [ 120.927046, 14.4608071 ], [ 120.9270214, 14.4607955 ], [ 120.9270038, 14.4607906 ], [ 120.9269827, 14.4607924 ], [ 120.9269669, 14.4607892 ], [ 120.9269494, 14.4607927 ], [ 120.9269319, 14.4608012 ], [ 120.926911, 14.4608147 ], [ 120.9269041, 14.4608214 ], [ 120.9268867, 14.4608332 ], [ 120.9268781, 14.4608416 ], [ 120.9268399, 14.4608702 ], [ 120.9268016, 14.4608955 ], [ 120.9267704, 14.4609191 ], [ 120.926727, 14.4609628 ], [ 120.9266439, 14.4610249 ], [ 120.9266282, 14.4610401 ], [ 120.9265675, 14.4610906 ], [ 120.9265571, 14.4611023 ], [ 120.926538, 14.4611141 ], [ 120.9265154, 14.4611242 ], [ 120.9264962, 14.4611394 ], [ 120.9264893, 14.4611479 ], [ 120.9264875, 14.461153 ], [ 120.9264892, 14.4611597 ], [ 120.9265013, 14.4611732 ], [ 120.9265048, 14.46118 ], [ 120.9265047, 14.4611868 ], [ 120.9264977, 14.4611987 ], [ 120.9264838, 14.4612105 ], [ 120.9264802, 14.4612156 ], [ 120.9264645, 14.4612241 ], [ 120.9264436, 14.4612275 ], [ 120.9264018, 14.4612259 ], [ 120.9263931, 14.4612242 ], [ 120.9263687, 14.4612293 ], [ 120.9263599, 14.4612344 ], [ 120.9263388, 14.4612565 ], [ 120.926323, 14.4612701 ], [ 120.926286, 14.4612974 ], [ 120.9262349, 14.4613316 ], [ 120.9262067, 14.4613539 ], [ 120.9261996, 14.4613624 ], [ 120.9261696, 14.4613796 ], [ 120.9261467, 14.4613882 ], [ 120.9261077, 14.4614157 ], [ 120.9260862, 14.4614381 ], [ 120.9260615, 14.4614722 ], [ 120.9260526, 14.4614791 ], [ 120.926028, 14.4614928 ], [ 120.9260139, 14.4614979 ], [ 120.925984, 14.461515 ], [ 120.925894, 14.4615732 ], [ 120.9258851, 14.4615818 ], [ 120.9258622, 14.4615989 ], [ 120.925848, 14.4616126 ], [ 120.9258181, 14.4616348 ], [ 120.9257746, 14.4616736 ], [ 120.9257521, 14.4616887 ], [ 120.925719, 14.4617174 ], [ 120.9256755, 14.4617495 ], [ 120.9256373, 14.4617747 ], [ 120.9255991, 14.461805 ], [ 120.9255904, 14.4618101 ], [ 120.9255731, 14.4618286 ], [ 120.9255661, 14.461832 ], [ 120.925554, 14.4618421 ], [ 120.9255523, 14.4618403 ], [ 120.9255302, 14.4618659 ], [ 120.9254986, 14.4618795 ], [ 120.925488, 14.4618812 ], [ 120.9254809, 14.4618795 ], [ 120.9254544, 14.461866 ], [ 120.9254172, 14.4618372 ], [ 120.9253873, 14.4618187 ], [ 120.9253205, 14.4617935 ], [ 120.9253082, 14.4617868 ], [ 120.9252784, 14.4617751 ], [ 120.9252591, 14.4617617 ], [ 120.9252102, 14.4617333 ], [ 120.9251962, 14.4617232 ], [ 120.9251631, 14.4617066 ], [ 120.9251492, 14.4616966 ], [ 120.9251318, 14.4616883 ], [ 120.9251231, 14.4616866 ], [ 120.9251075, 14.4616783 ], [ 120.9250866, 14.4616599 ], [ 120.9250814, 14.4616465 ], [ 120.9250832, 14.4616348 ], [ 120.9250918, 14.4616214 ], [ 120.9251039, 14.4616114 ], [ 120.9251091, 14.4616047 ], [ 120.9251195, 14.461588 ], [ 120.9251195, 14.4615713 ], [ 120.9251125, 14.4615579 ], [ 120.9251056, 14.4615546 ], [ 120.9251021, 14.461548 ], [ 120.9250969, 14.4615446 ], [ 120.92509, 14.461543 ], [ 120.9250796, 14.461543 ], [ 120.9250537, 14.4615597 ], [ 120.9250312, 14.4615648 ], [ 120.9250243, 14.4615648 ], [ 120.9250173, 14.4615598 ], [ 120.9250122, 14.4615465 ], [ 120.9250122, 14.4615365 ], [ 120.9250139, 14.4615282 ], [ 120.9250191, 14.4615199 ], [ 120.9250191, 14.4615132 ], [ 120.9250139, 14.4615016 ], [ 120.9250105, 14.4614833 ], [ 120.9250105, 14.4614666 ], [ 120.9250139, 14.46145 ], [ 120.9250156, 14.4614233 ], [ 120.9250208, 14.4614082 ], [ 120.9250191, 14.4613998 ], [ 120.9250087, 14.4613898 ], [ 120.9250001, 14.4613865 ], [ 120.9249776, 14.4613882 ], [ 120.924969, 14.4613849 ], [ 120.9249621, 14.4613816 ], [ 120.9249586, 14.4613766 ], [ 120.9249517, 14.4613716 ], [ 120.92495, 14.4613666 ], [ 120.9246939, 14.4614433 ], [ 120.9246905, 14.4614745 ], [ 120.9246957, 14.4614811 ], [ 120.9246974, 14.4614877 ], [ 120.9247111, 14.4614959 ], [ 120.9247163, 14.461509 ], [ 120.9247163, 14.4615156 ], [ 120.9247129, 14.4615238 ], [ 120.9247044, 14.4615255 ], [ 120.9246975, 14.4615288 ], [ 120.9246976, 14.4615436 ], [ 120.924701, 14.4615502 ], [ 120.9247011, 14.4615584 ], [ 120.9246977, 14.461565 ], [ 120.9246909, 14.46157 ], [ 120.9246909, 14.4615897 ], [ 120.9246892, 14.461598 ], [ 120.9246872, 14.4616007 ], [ 120.9246462, 14.4615555 ], [ 120.9246795, 14.4612788 ], [ 120.9246123, 14.4610267 ], [ 120.9245282, 14.4604721 ], [ 120.924503, 14.459993 ], [ 120.9244946, 14.4595476 ], [ 120.9246394, 14.4594211 ], [ 120.9253795, 14.4587695 ], [ 120.9270039, 14.4581385 ], [ 120.9276081, 14.4577358 ], [ 120.9279516, 14.4579324 ], [ 120.928984, 14.4582001 ], [ 120.9291079, 14.458184 ], [ 120.9297263, 14.4579994 ], [ 120.9297809, 14.4579804 ], [ 120.9298424, 14.4579801 ], [ 120.9299343, 14.4580091 ], [ 120.9302921, 14.4582291 ], [ 120.9304953, 14.4582944 ], [ 120.9307541, 14.458311 ], [ 120.9310701, 14.458317 ], [ 120.9317415, 14.4584809 ], [ 120.9321249, 14.4585592 ], [ 120.9322435, 14.458541 ], [ 120.9324215, 14.4585682 ], [ 120.9323845, 14.4587095 ], [ 120.9323742, 14.4587825 ], [ 120.9323626, 14.458864 ], [ 120.9323522, 14.458937 ], [ 120.932343, 14.4590023 ], [ 120.932297, 14.4592856 ], [ 120.9321872, 14.4600732 ], [ 120.9321868, 14.4600767 ] ] ] } },
{ "type": "Feature", "properties": { "adm4_name": "Tabing Dagat", "adm4_ref_name": "Tabing Dagat", "adm4_pcode": "PH0402103023", "adm3_name": "Bacoor City", "adm3_pcode": "PH0402103", "adm2_name": "Cavite", "adm2_pcode": "PH04021", "adm1_name": "Region IV-A (Calabarzon)", "adm1_pcode": "PH04", "adm0_name": "Philippines", "adm0_pcode": "PH", "valid_on": "2025-02-13", "valid_to": null, "area_sqkm": 0.20802519, "version": "v03", "lang": "en", "center_lat": 14.4624378, "center_lon": 120.93964823 }, "bbox": [ 120.9375237, 14.4591514, 120.9420011, 14.4651752 ], "geometry": { "type": "Polygon", "coordinates": [ [ [ 120.9407493, 14.465042 ], [ 120.940709, 14.4651752 ], [ 120.9406411, 14.4651637 ], [ 120.9406058, 14.4651552 ], [ 120.9405581, 14.4651501 ], [ 120.9405316, 14.465145 ], [ 120.9405068, 14.4651364 ], [ 120.9403901, 14.465116 ], [ 120.9403725, 14.4651091 ], [ 120.940346, 14.4651023 ], [ 120.9402982, 14.4650955 ], [ 120.9402717, 14.4650887 ], [ 120.9402328, 14.4650818 ], [ 120.9401692, 14.4650665 ], [ 120.9401268, 14.4650494 ], [ 120.9400667, 14.4650289 ], [ 120.9400189, 14.4650238 ], [ 120.9400066, 14.4650238 ], [ 120.9399836, 14.4650204 ], [ 120.9399712, 14.4650204 ], [ 120.93992, 14.4650136 ], [ 120.9398952, 14.4650068 ], [ 120.9398634, 14.4649931 ], [ 120.9398281, 14.4649863 ], [ 120.9398033, 14.4649794 ], [ 120.9397786, 14.4649675 ], [ 120.9397609, 14.4649624 ], [ 120.939721, 14.4649426 ], [ 120.9397157, 14.4649426 ], [ 120.9396945, 14.4649358 ], [ 120.9396804, 14.4649341 ], [ 120.939638, 14.4649239 ], [ 120.9396256, 14.4649187 ], [ 120.9395779, 14.4649051 ], [ 120.9395655, 14.4649034 ], [ 120.9395549, 14.4649 ], [ 120.9395178, 14.4648966 ], [ 120.9395001, 14.4648931 ], [ 120.9394206, 14.4648864 ], [ 120.9394011, 14.4648812 ], [ 120.9393764, 14.4648778 ], [ 120.9393269, 14.4648642 ], [ 120.9392756, 14.4648454 ], [ 120.9392332, 14.4648369 ], [ 120.9391855, 14.4648318 ], [ 120.9391731, 14.4648283 ], [ 120.9391448, 14.4648249 ], [ 120.9390582, 14.4648062 ], [ 120.9390069, 14.4647891 ], [ 120.9389292, 14.4647669 ], [ 120.9388638, 14.4647532 ], [ 120.9387701, 14.4647208 ], [ 120.93874, 14.4647157 ], [ 120.9386994, 14.4647037 ], [ 120.9386852, 14.464702 ], [ 120.9386357, 14.4646867 ], [ 120.9386057, 14.4646815 ], [ 120.9384554, 14.4646354 ], [ 120.9384077, 14.4646286 ], [ 120.938383, 14.4646235 ], [ 120.9383529, 14.464615 ], [ 120.9383229, 14.4646099 ], [ 120.9382999, 14.4646013 ], [ 120.9382698, 14.4645928 ], [ 120.9382433, 14.4645877 ], [ 120.9382062, 14.4645757 ], [ 120.9381903, 14.4645723 ], [ 120.9381444, 14.4645655 ], [ 120.9381161, 14.4645587 ], [ 120.9380984, 14.464557 ], [ 120.9380701, 14.4645501 ], [ 120.9380259, 14.4645433 ], [ 120.9380136, 14.4645382 ], [ 120.9380029, 14.4645313 ], [ 120.9379906, 14.464516 ], [ 120.9379764, 14.4645091 ], [ 120.9379623, 14.4645057 ], [ 120.9379269, 14.4645057 ], [ 120.9379146, 14.4645023 ], [ 120.9379004, 14.4645006 ], [ 120.9378987, 14.4644989 ], [ 120.9378686, 14.4644938 ], [ 120.937835, 14.4644921 ], [ 120.9377944, 14.4644801 ], [ 120.9377042, 14.4644665 ], [ 120.9376954, 14.4644665 ], [ 120.9376583, 14.4644563 ], [ 120.9376388, 14.4644529 ], [ 120.93763, 14.4644477 ], [ 120.9375305, 14.4644207 ], [ 120.9375237, 14.4644183 ], [ 120.9377006, 14.4635617 ], [ 120.9377011, 14.4635559 ], [ 120.9380596, 14.4618226 ], [ 120.9380599, 14.4618222 ], [ 120.9382023, 14.4611329 ], [ 120.9389439, 14.4610272 ], [ 120.9390939, 14.460558 ], [ 120.9392086, 14.4591514 ], [ 120.9397596, 14.4592884 ], [ 120.940089, 14.4593305 ], [ 120.9402693, 14.4593516 ], [ 120.9409011, 14.459384 ], [ 120.9414237, 14.4594363 ], [ 120.9414085, 14.4596386 ], [ 120.9413878, 14.4598365 ], [ 120.9413438, 14.4602308 ], [ 120.9420011, 14.4603424 ], [ 120.9419662, 14.4606659 ], [ 120.9419599, 14.4609192 ], [ 120.9419135, 14.4613517 ], [ 120.9418052, 14.4619387 ], [ 120.9414937, 14.4618887 ], [ 120.9414517, 14.4620665 ], [ 120.9412764, 14.4628091 ], [ 120.9407493, 14.465042 ] ] ] } },
{ "type": "Feature", "properties": { "adm4_name": "Talaba I", "adm4_ref_name": "Talaba I", "adm4_pcode": "PH0402103024", "adm3_name": "Bacoor City", "adm3_pcode": "PH0402103", "adm2_name": "Cavite", "adm2_pcode": "PH04021", "adm1_name": "Region IV-A (Calabarzon)", "adm1_pcode": "PH04", "adm0_name": "Philippines", "adm0_pcode": "PH", "valid_on": "2025-02-13", "valid_to": null, "area_sqkm": 0.03669128, "version": "v03", "lang": "en", "center_lat": 14.46143692, "center_lon": 120.95706351 }, "bbox": [ 120.9560069, 14.4601369, 120.9581603, 14.462393 ], "geometry": { "type": "Polygon", "coordinates": [ [ [ 120.9579089, 14.4622558 ], [ 120.9578396, 14.462393 ], [ 120.9577804, 14.4623097 ], [ 120.9577305, 14.4622298 ], [ 120.9577517, 14.4621669 ], [ 120.957285, 14.4619223 ], [ 120.9565364, 14.4617235 ], [ 120.9560069, 14.4616229 ], [ 120.9560859, 14.4612509 ], [ 120.9562126, 14.4604917 ], [ 120.9562589, 14.4602095 ], [ 120.956266, 14.4601369 ], [ 120.9563635, 14.4601669 ], [ 120.9569629, 14.4602418 ], [ 120.9573526, 14.460343 ], [ 120.9577143, 14.4603897 ], [ 120.9579034, 14.4604142 ], [ 120.9579005, 14.460799 ], [ 120.9581603, 14.4608108 ], [ 120.9581357, 14.4610908 ], [ 120.9580235, 14.4617962 ], [ 120.9579049, 14.4621076 ], [ 120.9579667, 14.4621416 ], [ 120.9579089, 14.4622558 ] ] ] } },
{ "type": "Feature", "properties": { "adm4_name": "Zapote I", "adm4_ref_name": "Zapote I", "adm4_pcode": "PH0402103025", "adm3_name": "Bacoor City", "adm3_pcode": "PH0402103", "adm2_name": "Cavite", "adm2_pcode": "PH04021", "adm1_name": "Region IV-A (Calabarzon)", "adm1_pcode": "PH04", "adm0_name": "Philippines", "adm0_pcode": "PH", "valid_on": "2025-02-13", "valid_to": null, "area_sqkm": 0.06779646, "version": "v03", "lang": "en", "center_lat": 14.46443894, "center_lon": 120.96344635 }, "bbox": [ 120.9625516, 14.4618434, 120.9645482, 14.4670097 ], "geometry": { "type": "Polygon", "coordinates": [ [ [ 120.9638525, 14.4663937 ], [ 120.963626, 14.4670097 ], [ 120.9629273, 14.4667601 ], [ 120.9627739, 14.466698 ], [ 120.9625516, 14.4666006 ], [ 120.9627317, 14.4663464 ], [ 120.9627699, 14.4662498 ], [ 120.9628216, 14.4661507 ], [ 120.9628618, 14.4660905 ], [ 120.962893, 14.4660637 ], [ 120.9629219, 14.4660537 ], [ 120.9629921, 14.4660303 ], [ 120.9630512, 14.4660069 ], [ 120.9630958, 14.4659846 ], [ 120.963127, 14.4659367 ], [ 120.9631348, 14.465891 ], [ 120.9631247, 14.4658097 ], [ 120.9631448, 14.465745 ], [ 120.9631749, 14.4656481 ], [ 120.9631994, 14.4655734 ], [ 120.9632005, 14.4655043 ], [ 120.9631678, 14.4653788 ], [ 120.9631271, 14.4651313 ], [ 120.963098, 14.4650708 ], [ 120.9630519, 14.4650217 ], [ 120.9629598, 14.4649505 ], [ 120.9629219, 14.4649048 ], [ 120.9628827, 14.4648149 ], [ 120.962795, 14.4645204 ], [ 120.9627324, 14.4643575 ], [ 120.9626634, 14.4640285 ], [ 120.9626258, 14.4637873 ], [ 120.9625976, 14.463615 ], [ 120.9625976, 14.4635772 ], [ 120.9625976, 14.4633706 ], [ 120.962582, 14.4630165 ], [ 120.9626245, 14.4629655 ], [ 120.9626679, 14.4626481 ], [ 120.9626853, 14.4625351 ], [ 120.9626549, 14.462109 ], [ 120.9625774, 14.4620521 ], [ 120.9628298, 14.4618434 ], [ 120.9634103, 14.4622232 ], [ 120.9634106, 14.4622226 ], [ 120.9638187, 14.4624904 ], [ 120.9638216, 14.4624923 ], [ 120.9638354, 14.462502 ], [ 120.9641952, 14.4627368 ], [ 120.9645482, 14.4629686 ], [ 120.9644363, 14.4631188 ], [ 120.9643244, 14.4632483 ], [ 120.9641769, 14.4636771 ], [ 120.9641755, 14.4636812 ], [ 120.9643239, 14.4637262 ], [ 120.9642865, 14.4639683 ], [ 120.9642565, 14.4641625 ], [ 120.964216, 14.4642929 ], [ 120.9637257, 14.465116 ], [ 120.9636393, 14.4653969 ], [ 120.9637139, 14.4656794 ], [ 120.9638472, 14.466065 ], [ 120.9638632, 14.4661521 ], [ 120.9638577, 14.4662754 ], [ 120.9638525, 14.4663937 ] ] ] } },
{ "type": "Feature", "properties": { "adm4_name": "Queens Row Central", "adm4_ref_name": "Queens Row Central", "adm4_pcode": "PH0402103026", "adm3_name": "Bacoor City", "adm3_pcode": "PH0402103", "adm2_name": "Cavite", "adm2_pcode": "PH04021", "adm1_name": "Region IV-A (Calabarzon)", "adm1_pcode": "PH04", "adm0_name": "Philippines", "adm0_pcode": "PH", "valid_on": "2025-02-13", "valid_to": null, "area_sqkm": 0.26130822, "version": "v03", "lang": "en", "center_lat": 14.39674059, "center_lon": 120.98842852 }, "bbox": [ 120.9850908, 14.3945612, 120.9914861, 14.3988473 ], "geometry": { "type": "Polygon", "coordinates": [ [ [ 120.9878842, 14.3987068 ], [ 120.9876697, 14.3988473 ], [ 120.9868934, 14.3985146 ], [ 120.9850908, 14.3977432 ], [ 120.9851874, 14.397517 ], [ 120.9852628, 14.3971068 ], [ 120.9853834, 14.3968263 ], [ 120.9855372, 14.3965548 ], [ 120.9857815, 14.3961597 ], [ 120.9858901, 14.3959667 ], [ 120.9859384, 14.3957737 ], [ 120.9859866, 14.3955294 ], [ 120.986053, 14.39508 ], [ 120.9862098, 14.3945612 ], [ 120.9876242, 14.3945826 ], [ 120.9885939, 14.3945973 ], [ 120.9911271, 14.3946385 ], [ 120.9911055, 14.3950119 ], [ 120.9910984, 14.3951447 ], [ 120.9911199, 14.395256 ], [ 120.9914069, 14.3958912 ], [ 120.9914717, 14.3961284 ], [ 120.9914861, 14.3963475 ], [ 120.9914788, 14.3964234 ], [ 120.9914717, 14.3965018 ], [ 120.991443, 14.3966742 ], [ 120.9914071, 14.396807 ], [ 120.9912672, 14.3971038 ], [ 120.9912094, 14.3972743 ], [ 120.9911593, 14.3974291 ], [ 120.9911296, 14.3975324 ], [ 120.9910952, 14.3976387 ], [ 120.9910764, 14.3977169 ], [ 120.9910842, 14.3977936 ], [ 120.991103, 14.3978671 ], [ 120.9911758, 14.39818 ], [ 120.9911859, 14.3983598 ], [ 120.9911875, 14.3984849 ], [ 120.9911746, 14.3986019 ], [ 120.9908395, 14.3985847 ], [ 120.9904511, 14.3985699 ], [ 120.9885537, 14.3985329 ], [ 120.9883762, 14.3985477 ], [ 120.9882097, 14.3985884 ], [ 120.9878842, 14.3987068 ] ] ] } },
{ "type": "Feature", "properties": { "adm4_name": "Queens Row East", "adm4_ref_name": "Queens Row East", "adm4_pcode": "PH0402103027", "adm3_name": "Bacoor City", "adm3_pcode": "PH0402103", "adm2_name": "Cavite", "adm2_pcode": "PH04021", "adm1_name": "Region IV-A (Calabarzon)", "adm1_pcode": "PH04", "adm0_name": "Philippines", "adm0_pcode": "PH", "valid_on": "2025-02-13", "valid_to": null, "area_sqkm": 0.73721335, "version": "v03", "lang": "en", "center_lat": 14.39800647, "center_lon": 120.99417609 }, "bbox": [ 120.9895224, 14.392888, 120.9990777, 14.4030963 ], "geometry": { "type": "Polygon", "coordinates": [ [ [ 120.9953617, 14.4030708 ], [ 120.9953561, 14.4030963 ], [ 120.9952166, 14.4030836 ], [ 120.9949791, 14.4030663 ], [ 120.9948601, 14.4030519 ], [ 120.994267, 14.4030027 ], [ 120.9939253, 14.4029535 ], [ 120.9930027, 14.402879 ], [ 120.9929271, 14.4028754 ], [ 120.9925332, 14.4028793 ], [ 120.9920573, 14.4029066 ], [ 120.9917649, 14.4029245 ], [ 120.991338, 14.4030254 ], [ 120.9912091, 14.4030558 ], [ 120.9909432, 14.4030958 ], [ 120.9909432, 14.4030286 ], [ 120.9909369, 14.4029844 ], [ 120.9908949, 14.4028983 ], [ 120.9907891, 14.402731 ], [ 120.9907733, 14.4027012 ], [ 120.9907364, 14.4026766 ], [ 120.9906608, 14.4026643 ], [ 120.9903481, 14.4026608 ], [ 120.9902876, 14.402662 ], [ 120.9902533, 14.4026571 ], [ 120.990221, 14.4026444 ], [ 120.99019, 14.4026203 ], [ 120.990176, 14.4025949 ], [ 120.9901619, 14.4025571 ], [ 120.9901179, 14.4023779 ], [ 120.9900687, 14.4022514 ], [ 120.9899844, 14.4021354 ], [ 120.9898649, 14.4020125 ], [ 120.9898087, 14.4019474 ], [ 120.9895955, 14.4016927 ], [ 120.9895472, 14.4016113 ], [ 120.9895224, 14.4014954 ], [ 120.9895417, 14.4013699 ], [ 120.9895665, 14.4012995 ], [ 120.9896275, 14.4011084 ], [ 120.9896275, 14.4009951 ], [ 120.9895496, 14.4008889 ], [ 120.9895249, 14.4007685 ], [ 120.9895603, 14.4006375 ], [ 120.9896629, 14.4004782 ], [ 120.9898293, 14.4003225 ], [ 120.9900099, 14.4001915 ], [ 120.990378, 14.3999543 ], [ 120.9905126, 14.3998764 ], [ 120.9906081, 14.3997879 ], [ 120.9906931, 14.3996711 ], [ 120.990863, 14.3993524 ], [ 120.9910613, 14.3988816 ], [ 120.9911711, 14.3986104 ], [ 120.9911746, 14.3986019 ], [ 120.9911875, 14.3984849 ], [ 120.9911859, 14.3983598 ], [ 120.9911758, 14.39818 ], [ 120.991103, 14.3978671 ], [ 120.9910842, 14.3977936 ], [ 120.9910764, 14.3977169 ], [ 120.9910952, 14.3976387 ], [ 120.9911296, 14.3975324 ], [ 120.9911593, 14.3974291 ], [ 120.9912094, 14.3972743 ], [ 120.9912672, 14.3971038 ], [ 120.9914071, 14.396807 ], [ 120.991443, 14.3966742 ], [ 120.9914717, 14.3965018 ], [ 120.9914788, 14.3964234 ], [ 120.9914861, 14.3963475 ], [ 120.9914717, 14.3961284 ], [ 120.9914069, 14.3958912 ], [ 120.9911199, 14.395256 ], [ 120.9910984, 14.3951447 ], [ 120.9911055, 14.3950119 ], [ 120.9911271, 14.3946385 ], [ 120.9911414, 14.3943261 ], [ 120.991247, 14.3942877 ], [ 120.9913916, 14.3942262 ], [ 120.9915544, 14.394143 ], [ 120.9916882, 14.3940526 ], [ 120.9917714, 14.3940924 ], [ 120.9918727, 14.3940345 ], [ 120.9919884, 14.3940056 ], [ 120.9921765, 14.3940056 ], [ 120.9922741, 14.3939224 ], [ 120.9925417, 14.3939405 ], [ 120.9926575, 14.3939513 ], [ 120.9927262, 14.3939405 ], [ 120.9928889, 14.3938573 ], [ 120.9930083, 14.3937741 ], [ 120.9930701, 14.3937241 ], [ 120.9930842, 14.3937126 ], [ 120.9932325, 14.3936547 ], [ 120.9933121, 14.3936113 ], [ 120.993417, 14.3934775 ], [ 120.9938256, 14.3931556 ], [ 120.9939992, 14.3931122 ], [ 120.9942054, 14.3931593 ], [ 120.9944839, 14.3931918 ], [ 120.9946755, 14.3932207 ], [ 120.9948238, 14.3932207 ], [ 120.9949287, 14.3932135 ], [ 120.9949938, 14.3931231 ], [ 120.9950842, 14.3931086 ], [ 120.9952072, 14.3931122 ], [ 120.995341, 14.3930688 ], [ 120.9954459, 14.3930471 ], [ 120.9955218, 14.393011 ], [ 120.99581, 14.392888 ], [ 120.9959635, 14.3929757 ], [ 120.9961433, 14.3930152 ], [ 120.9964634, 14.3930722 ], [ 120.9967616, 14.3931248 ], [ 120.996994, 14.3931774 ], [ 120.997187, 14.3932432 ], [ 120.9974676, 14.393366 ], [ 120.997643, 14.3935458 ], [ 120.9977834, 14.3939405 ], [ 120.9978404, 14.3941948 ], [ 120.9979018, 14.3944886 ], [ 120.9978842, 14.3947386 ], [ 120.9978316, 14.3949885 ], [ 120.9978404, 14.3951289 ], [ 120.9978711, 14.3952253 ], [ 120.9979281, 14.3953569 ], [ 120.9980333, 14.3955279 ], [ 120.9982394, 14.3956683 ], [ 120.9984524, 14.3957509 ], [ 120.9990777, 14.3960564 ], [ 120.9989426, 14.3961262 ], [ 120.9989081, 14.3961356 ], [ 120.9988829, 14.396162 ], [ 120.9987972, 14.3962377 ], [ 120.9987156, 14.3963313 ], [ 120.998629, 14.396403 ], [ 120.9985174, 14.3964876 ], [ 120.9984428, 14.3965294 ], [ 120.9983987, 14.3965574 ], [ 120.9983691, 14.3965762 ], [ 120.9982954, 14.396636 ], [ 120.9982288, 14.3966999 ], [ 120.9982132, 14.3967217 ], [ 120.9981922, 14.3967792 ], [ 120.9981845, 14.3968111 ], [ 120.9981798, 14.39685 ], [ 120.9981736, 14.396892 ], [ 120.9981798, 14.3969145 ], [ 120.9981992, 14.3969394 ], [ 120.9982101, 14.3969565 ], [ 120.9982163, 14.3969837 ], [ 120.9982202, 14.3970024 ], [ 120.9982202, 14.3970249 ], [ 120.9982093, 14.3970545 ], [ 120.9981914, 14.3970809 ], [ 120.9981689, 14.3971136 ], [ 120.9981355, 14.3971377 ], [ 120.9980974, 14.3971439 ], [ 120.9980632, 14.3971392 ], [ 120.9980131, 14.3971253 ], [ 120.9979543, 14.397126 ], [ 120.9979042, 14.3971319 ], [ 120.9978597, 14.3971385 ], [ 120.9978353, 14.3971454 ], [ 120.9978004, 14.3971715 ], [ 120.9977691, 14.3972028 ], [ 120.9977545, 14.397217 ], [ 120.997741, 14.3972374 ], [ 120.9977328, 14.3972935 ], [ 120.9977328, 14.3973528 ], [ 120.9977278, 14.3974039 ], [ 120.9977048, 14.3974633 ], [ 120.9976701, 14.3975028 ], [ 120.9976124, 14.397516 ], [ 120.9975564, 14.3975045 ], [ 120.9974806, 14.3974995 ], [ 120.9974443, 14.3974995 ], [ 120.9973833, 14.3975193 ], [ 120.9973305, 14.3975721 ], [ 120.9973091, 14.3976215 ], [ 120.9972992, 14.3976726 ], [ 120.9972959, 14.3977518 ], [ 120.9972893, 14.3978754 ], [ 120.9972811, 14.397915 ], [ 120.9972613, 14.3979628 ], [ 120.9971723, 14.3980502 ], [ 120.9971228, 14.3981145 ], [ 120.9971129, 14.398159 ], [ 120.9971096, 14.398215 ], [ 120.9971212, 14.3982925 ], [ 120.9971475, 14.3983799 ], [ 120.9971673, 14.3984359 ], [ 120.9971888, 14.3985728 ], [ 120.9971805, 14.3986832 ], [ 120.9971607, 14.3987624 ], [ 120.9970797, 14.3989917 ], [ 120.9970309, 14.3991082 ], [ 120.9969852, 14.3992428 ], [ 120.9969451, 14.3993979 ], [ 120.9969348, 14.3994483 ], [ 120.9969236, 14.3994863 ], [ 120.9969096, 14.3995046 ], [ 120.9968773, 14.399525 ], [ 120.9968268, 14.39955 ], [ 120.9967642, 14.3995734 ], [ 120.9967547, 14.3995793 ], [ 120.996717, 14.3996036 ], [ 120.9966887, 14.3996292 ], [ 120.996677, 14.3996549 ], [ 120.9966743, 14.3996742 ], [ 120.9966779, 14.3996976 ], [ 120.9966873, 14.3997192 ], [ 120.9967599, 14.3998644 ], [ 120.9967663, 14.3998957 ], [ 120.9967631, 14.3999469 ], [ 120.9967486, 14.399971 ], [ 120.996689, 14.400016 ], [ 120.9964754, 14.4001689 ], [ 120.9963831, 14.4002671 ], [ 120.9963619, 14.400302 ], [ 120.9963427, 14.4003421 ], [ 120.996334, 14.4004374 ], [ 120.9963427, 14.4006452 ], [ 120.9963571, 14.4008963 ], [ 120.9963427, 14.4011388 ], [ 120.9963278, 14.4012842 ], [ 120.9963068, 14.4013891 ], [ 120.9962686, 14.4014997 ], [ 120.9962228, 14.4016752 ], [ 120.9962019, 14.4017477 ], [ 120.9961771, 14.4018335 ], [ 120.9961466, 14.4019117 ], [ 120.9960939, 14.4019798 ], [ 120.9960421, 14.4020606 ], [ 120.9960222, 14.4021156 ], [ 120.9960082, 14.4021756 ], [ 120.996016, 14.4022232 ], [ 120.9960289, 14.4022775 ], [ 120.9960653, 14.4023274 ], [ 120.9961739, 14.4024848 ], [ 120.9961968, 14.4025268 ], [ 120.9962161, 14.4025658 ], [ 120.9962306, 14.4026445 ], [ 120.9962321, 14.4026657 ], [ 120.9962304, 14.4026923 ], [ 120.996223, 14.4027175 ], [ 120.996209, 14.4027354 ], [ 120.9961933, 14.402748 ], [ 120.9961291, 14.4027708 ], [ 120.9958413, 14.4028308 ], [ 120.995595, 14.4028333 ], [ 120.9955415, 14.4028328 ], [ 120.995481, 14.4028474 ], [ 120.9954403, 14.4028733 ], [ 120.9954122, 14.4029065 ], [ 120.9953946, 14.4029382 ], [ 120.9953617, 14.4030708 ] ] ] } },
{ "type": "Feature", "properties": { "adm4_name": "Queens Row West", "adm4_ref_name": "Queens Row West", "adm4_pcode": "PH0402103028", "adm3_name": "Bacoor City", "adm3_pcode": "PH0402103", "adm2_name": "Cavite", "adm2_pcode": "PH04021", "adm1_name": "Region IV-A (Calabarzon)", "adm1_pcode": "PH04", "adm0_name": "Philippines", "adm0_pcode": "PH", "valid_on": "2025-02-13", "valid_to": null, "area_sqkm": 0.62020161, "version": "v03", "lang": "en", "center_lat": 14.40153502, "center_lon": 120.98636122000001 }, "bbox": [ 120.9813588, 14.3977432, 120.9911746, 14.4053555 ], "geometry": { "type": "Polygon", "coordinates": [ [ [ 120.9894814, 14.4050946 ], [ 120.9892329, 14.4053555 ], [ 120.9881433, 14.4053043 ], [ 120.9877675, 14.4052987 ], [ 120.9871497, 14.4052945 ], [ 120.9859704, 14.4052873 ], [ 120.9854956, 14.4052842 ], [ 120.984659, 14.4052787 ], [ 120.9844986, 14.4052788 ], [ 120.9814342, 14.4052845 ], [ 120.9818796, 14.4047853 ], [ 120.9819438, 14.40469 ], [ 120.9819655, 14.4046565 ], [ 120.9820031, 14.4045223 ], [ 120.9820085, 14.4043345 ], [ 120.9818999, 14.4043734 ], [ 120.981749, 14.4043715 ], [ 120.9816567, 14.4043658 ], [ 120.9815756, 14.4043338 ], [ 120.9815077, 14.4042904 ], [ 120.9814587, 14.4042357 ], [ 120.9814078, 14.4041245 ], [ 120.9813757, 14.4039774 ], [ 120.9813588, 14.4038719 ], [ 120.9813607, 14.4038021 ], [ 120.9813644, 14.4037474 ], [ 120.9813927, 14.4036777 ], [ 120.981438, 14.40364 ], [ 120.9815416, 14.4035928 ], [ 120.9816171, 14.4035382 ], [ 120.981668, 14.4034797 ], [ 120.9817038, 14.4034156 ], [ 120.9817321, 14.4033421 ], [ 120.9817396, 14.4032214 ], [ 120.981749, 14.4031158 ], [ 120.981766, 14.4030517 ], [ 120.9818282, 14.4029499 ], [ 120.9819073, 14.4028295 ], [ 120.9819251, 14.4026976 ], [ 120.9819251, 14.4025278 ], [ 120.9819998, 14.4023145 ], [ 120.9820347, 14.4022305 ], [ 120.9820412, 14.4022187 ], [ 120.9820433, 14.4022028 ], [ 120.9820383, 14.4021892 ], [ 120.9820275, 14.4021753 ], [ 120.9820077, 14.4021664 ], [ 120.9819702, 14.4021496 ], [ 120.981905, 14.402118 ], [ 120.9818952, 14.4021105 ], [ 120.9818889, 14.402101 ], [ 120.9818867, 14.4020887 ], [ 120.9818882, 14.4020745 ], [ 120.9818952, 14.4020666 ], [ 120.981904, 14.4020627 ], [ 120.9819341, 14.4020472 ], [ 120.9819811, 14.4020242 ], [ 120.9820521, 14.4020044 ], [ 120.9821375, 14.4019667 ], [ 120.9822492, 14.4018863 ], [ 120.9823722, 14.401817 ], [ 120.9824118, 14.4018097 ], [ 120.9824396, 14.4018087 ], [ 120.9824728, 14.4018125 ], [ 120.98258, 14.401855 ], [ 120.9826246, 14.4018801 ], [ 120.9826583, 14.4018863 ], [ 120.9827175, 14.4018749 ], [ 120.9827765, 14.4018547 ], [ 120.9828103, 14.4018282 ], [ 120.9828376, 14.4017736 ], [ 120.9828728, 14.4017132 ], [ 120.9829198, 14.4016746 ], [ 120.982987, 14.4016545 ], [ 120.9831078, 14.4016108 ], [ 120.9831612, 14.4015734 ], [ 120.983222, 14.4014967 ], [ 120.9833126, 14.4014312 ], [ 120.9833764, 14.4013909 ], [ 120.9833923, 14.4013663 ], [ 120.9833997, 14.401332 ], [ 120.983402, 14.4013131 ], [ 120.9833949, 14.4012885 ], [ 120.9833779, 14.4012644 ], [ 120.9833625, 14.4012478 ], [ 120.9833344, 14.4012415 ], [ 120.9832874, 14.4012449 ], [ 120.9832304, 14.4012583 ], [ 120.9832061, 14.4012598 ], [ 120.9831783, 14.401255 ], [ 120.983154, 14.4012432 ], [ 120.9831351, 14.401226 ], [ 120.9831288, 14.4012077 ], [ 120.9831297, 14.4011845 ], [ 120.9831649, 14.4011526 ], [ 120.9832085, 14.4011039 ], [ 120.9832239, 14.401076 ], [ 120.9832857, 14.4008916 ], [ 120.9833371, 14.4007585 ], [ 120.9833436, 14.4007381 ], [ 120.983354, 14.4006297 ], [ 120.9833439, 14.4004772 ], [ 120.9833303, 14.4003812 ], [ 120.9833213, 14.400344 ], [ 120.9833269, 14.4003135 ], [ 120.9833597, 14.4002796 ], [ 120.983397, 14.400266 ], [ 120.9834139, 14.4002751 ], [ 120.9834568, 14.4003236 ], [ 120.9835178, 14.4003745 ], [ 120.9835359, 14.4003925 ], [ 120.9835754, 14.4004027 ], [ 120.9836296, 14.4004061 ], [ 120.9837109, 14.4003767 ], [ 120.9838374, 14.400327 ], [ 120.9840001, 14.4002242 ], [ 120.9840481, 14.4000476 ], [ 120.9841624, 14.3998458 ], [ 120.9842163, 14.3996305 ], [ 120.9842095, 14.3990049 ], [ 120.9842034, 14.398898 ], [ 120.9841826, 14.398534 ], [ 120.9842132, 14.3984339 ], [ 120.9842644, 14.3983313 ], [ 120.9843718, 14.3982073 ], [ 120.9844002, 14.3981745 ], [ 120.984566, 14.398084 ], [ 120.9847259, 14.3980237 ], [ 120.9849642, 14.3978578 ], [ 120.9850908, 14.3977432 ], [ 120.9868934, 14.3985146 ], [ 120.9876697, 14.3988473 ], [ 120.9878842, 14.3987068 ], [ 120.9882097, 14.3985884 ], [ 120.9883762, 14.3985477 ], [ 120.9885537, 14.3985329 ], [ 120.9904511, 14.3985699 ], [ 120.9908395, 14.3985847 ], [ 120.9911746, 14.3986019 ], [ 120.9911711, 14.3986104 ], [ 120.9910613, 14.3988816 ], [ 120.990863, 14.3993524 ], [ 120.9906931, 14.3996711 ], [ 120.9906081, 14.3997879 ], [ 120.9905126, 14.3998764 ], [ 120.990378, 14.3999543 ], [ 120.9900099, 14.4001915 ], [ 120.9898293, 14.4003225 ], [ 120.9896629, 14.4004782 ], [ 120.9895603, 14.4006375 ], [ 120.9895249, 14.4007685 ], [ 120.9895496, 14.4008889 ], [ 120.9896275, 14.4009951 ], [ 120.9896275, 14.4011084 ], [ 120.9895665, 14.4012995 ], [ 120.9895417, 14.4013699 ], [ 120.9895224, 14.4014954 ], [ 120.9895472, 14.4016113 ], [ 120.9895955, 14.4016927 ], [ 120.9898087, 14.4019474 ], [ 120.9898649, 14.4020125 ], [ 120.9899844, 14.4021354 ], [ 120.9900687, 14.4022514 ], [ 120.9901179, 14.4023779 ], [ 120.9901619, 14.4025571 ], [ 120.990176, 14.4025949 ], [ 120.99019, 14.4026203 ], [ 120.990221, 14.4026444 ], [ 120.9902533, 14.4026571 ], [ 120.9902876, 14.402662 ], [ 120.9903481, 14.4026608 ], [ 120.9906608, 14.4026643 ], [ 120.9907364, 14.4026766 ], [ 120.9907733, 14.4027012 ], [ 120.9907891, 14.402731 ], [ 120.9908949, 14.4028983 ], [ 120.9909369, 14.4029844 ], [ 120.9909432, 14.4030286 ], [ 120.9909432, 14.4030958 ], [ 120.9909369, 14.40314 ], [ 120.9908991, 14.4032051 ], [ 120.9908738, 14.403285 ], [ 120.990864, 14.403317 ], [ 120.990857, 14.4033586 ], [ 120.9908669, 14.4033932 ], [ 120.9908822, 14.4034258 ], [ 120.9909809, 14.4035237 ], [ 120.9909966, 14.4035472 ], [ 120.991008, 14.4035928 ], [ 120.9910042, 14.4036234 ], [ 120.9909909, 14.4036613 ], [ 120.9909705, 14.4036948 ], [ 120.9907351, 14.4039386 ], [ 120.9905502, 14.4040648 ], [ 120.9904275, 14.4041712 ], [ 120.9903841, 14.4042371 ], [ 120.990382, 14.4043037 ], [ 120.9903861, 14.4044362 ], [ 120.9903364, 14.4045004 ], [ 120.9902412, 14.4045211 ], [ 120.9901708, 14.4045522 ], [ 120.9901273, 14.4046039 ], [ 120.990117, 14.4047074 ], [ 120.9900963, 14.4047695 ], [ 120.9900549, 14.4048172 ], [ 120.9899658, 14.4048627 ], [ 120.9897919, 14.4049186 ], [ 120.9896097, 14.4050056 ], [ 120.9894814, 14.4050946 ] ] ] } },
{ "type": "Feature", "properties": { "adm4_name": "Aniban II", "adm4_ref_name": "Aniban II", "adm4_pcode": "PH0402103029", "adm3_name": "Bacoor City", "adm3_pcode": "PH0402103", "adm2_name": "Cavite", "adm2_pcode": "PH04021", "adm1_name": "Region IV-A (Calabarzon)", "adm1_pcode": "PH04", "adm0_name": "Philippines", "adm0_pcode": "PH", "valid_on": "2025-02-13", "valid_to": null, "area_sqkm": 0.08472236, "version": "v03", "lang": "en", "center_lat": 14.46088665, "center_lon": 120.96555146 }, "bbox": [ 120.9633735, 14.4592997, 120.9675834, 14.4626618 ], "geometry": { "type": "Polygon", "coordinates": [ [ [ 120.9675187, 14.4624557 ], [ 120.9673567, 14.4626618 ], [ 120.9668049, 14.4623057 ], [ 120.9664894, 14.4621526 ], [ 120.9661488, 14.4620213 ], [ 120.965827, 14.4619276 ], [ 120.9656576, 14.461874 ], [ 120.9648216, 14.4616384 ], [ 120.9641054, 14.4613866 ], [ 120.9633735, 14.461125 ], [ 120.9637541, 14.460676 ], [ 120.9639123, 14.4604987 ], [ 120.9644463, 14.4599308 ], [ 120.9650774, 14.4592997 ], [ 120.9651889, 14.4594489 ], [ 120.9653824, 14.4596171 ], [ 120.9655456, 14.4597667 ], [ 120.9657012, 14.4598737 ], [ 120.9659379, 14.4600228 ], [ 120.9661115, 14.4601106 ], [ 120.9661844, 14.4601623 ], [ 120.9663271, 14.4602563 ], [ 120.9665538, 14.4603354 ], [ 120.9668719, 14.4604152 ], [ 120.9671021, 14.4604412 ], [ 120.9673485, 14.4604379 ], [ 120.9673694, 14.4604386 ], [ 120.9675834, 14.460446 ], [ 120.9675483, 14.4606801 ], [ 120.9675064, 14.4610932 ], [ 120.9675304, 14.4614045 ], [ 120.9675304, 14.4616721 ], [ 120.9675817, 14.4620782 ], [ 120.9675817, 14.4623037 ], [ 120.9675187, 14.4624557 ] ] ] } },
{ "type": "Feature", "properties": { "adm4_name": "Aniban III", "adm4_ref_name": "Aniban III", "adm4_pcode": "PH0402103030", "adm3_name": "Bacoor City", "adm3_pcode": "PH0402103", "adm2_name": "Cavite", "adm2_pcode": "PH04021", "adm1_name": "Region IV-A (Calabarzon)", "adm1_pcode": "PH04", "adm0_name": "Philippines", "adm0_pcode": "PH", "valid_on": "2025-02-13", "valid_to": null, "area_sqkm": 0.04587617, "version": "v03", "lang": "en", "center_lat": 14.45882883, "center_lon": 120.96506486 }, "bbox": [ 120.9631315, 14.4565784, 120.9674026, 14.461125 ], "geometry": { "type": "Polygon", "coordinates": [ [ [ 120.9637541, 14.460676 ], [ 120.9633735, 14.461125 ], [ 120.9632223, 14.460975 ], [ 120.9631315, 14.4607934 ], [ 120.9634519, 14.4604807 ], [ 120.9635027, 14.4603745 ], [ 120.9636405, 14.460183 ], [ 120.9642635, 14.4593786 ], [ 120.9644231, 14.459115 ], [ 120.9647696, 14.4585427 ], [ 120.9652947, 14.4578818 ], [ 120.9658051, 14.4568344 ], [ 120.9660031, 14.4570389 ], [ 120.966414, 14.4565784 ], [ 120.9666567, 14.4569491 ], [ 120.9670232, 14.4568618 ], [ 120.9671987, 14.4568937 ], [ 120.9674026, 14.4569308 ], [ 120.9667695, 14.4575666 ], [ 120.9667691, 14.457567 ], [ 120.9662667, 14.4580716 ], [ 120.9650774, 14.4592997 ], [ 120.9644463, 14.4599308 ], [ 120.9639123, 14.4604987 ], [ 120.9637541, 14.460676 ] ] ] } },
{ "type": "Feature", "properties": { "adm4_name": "Aniban IV", "adm4_ref_name": "Aniban IV", "adm4_pcode": "PH0402103031", "adm3_name": "Bacoor City", "adm3_pcode": "PH0402103", "adm2_name": "Cavite", "adm2_pcode": "PH04021", "adm1_name": "Region IV-A (Calabarzon)", "adm1_pcode": "PH04", "adm0_name": "Philippines", "adm0_pcode": "PH", "valid_on": "2025-02-13", "valid_to": null, "area_sqkm": 0.09485072, "version": "v03", "lang": "en", "center_lat": 14.45829778, "center_lon": 120.96721756 }, "bbox": [ 120.9650774, 14.4561231, 120.9687018, 14.460446 ], "geometry": { "type": "Polygon", "coordinates": [ [ [ 120.967698, 14.4601951 ], [ 120.9675834, 14.460446 ], [ 120.9673694, 14.4604386 ], [ 120.9673485, 14.4604379 ], [ 120.9671021, 14.4604412 ], [ 120.9668719, 14.4604152 ], [ 120.9665538, 14.4603354 ], [ 120.9663271, 14.4602563 ], [ 120.9661844, 14.4601623 ], [ 120.9661115, 14.4601106 ], [ 120.9659379, 14.4600228 ], [ 120.9657012, 14.4598737 ], [ 120.9655456, 14.4597667 ], [ 120.9653824, 14.4596171 ], [ 120.9651889, 14.4594489 ], [ 120.9650774, 14.4592997 ], [ 120.9662667, 14.4580716 ], [ 120.9667691, 14.457567 ], [ 120.9667695, 14.4575666 ], [ 120.9674026, 14.4569308 ], [ 120.9675081, 14.4568181 ], [ 120.9677813, 14.4565327 ], [ 120.9681302, 14.4561645 ], [ 120.9681868, 14.4561231 ], [ 120.968275, 14.4562298 ], [ 120.9683283, 14.4562762 ], [ 120.9686531, 14.4564571 ], [ 120.9686995, 14.4565174 ], [ 120.9687018, 14.4565801 ], [ 120.9686879, 14.4566497 ], [ 120.9685, 14.4573131 ], [ 120.968377, 14.4579046 ], [ 120.9683353, 14.4580391 ], [ 120.9683214, 14.4581737 ], [ 120.9683515, 14.4582433 ], [ 120.9684234, 14.4583523 ], [ 120.9682751, 14.4586296 ], [ 120.968165, 14.458884 ], [ 120.9679375, 14.4595904 ], [ 120.9677573, 14.460042 ], [ 120.967698, 14.4601951 ] ] ] } },
{ "type": "Feature", "properties": { "adm4_name": "Aniban V", "adm4_ref_name": "Aniban V", "adm4_pcode": "PH0402103032", "adm3_name": "Bacoor City", "adm3_pcode": "PH0402103", "adm2_name": "Cavite", "adm2_pcode": "PH04021", "adm1_name": "Region IV-A (Calabarzon)", "adm1_pcode": "PH04", "adm0_name": "Philippines", "adm0_pcode": "PH", "valid_on": "2025-02-13", "valid_to": null, "area_sqkm": 0.28868292, "version": "v03", "lang": "en", "center_lat": 14.45207013, "center_lon": 120.96476651 }, "bbox": [ 120.9622472, 14.4472573, 120.9681868, 14.4570389 ], "geometry": { "type": "Polygon", "coordinates": [ [ [ 120.966414, 14.4565784 ], [ 120.9660031, 14.4570389 ], [ 120.9658051, 14.4568344 ], [ 120.9658937, 14.4564378 ], [ 120.9659014, 14.4562914 ], [ 120.9658475, 14.4561721 ], [ 120.9654753, 14.4559342 ], [ 120.9650105, 14.4557439 ], [ 120.9649984, 14.4557947 ], [ 120.9649724, 14.4558337 ], [ 120.9649334, 14.455871 ], [ 120.964888, 14.4558921 ], [ 120.9648474, 14.4559002 ], [ 120.964802, 14.455884 ], [ 120.9647468, 14.4558402 ], [ 120.9647208, 14.4557947 ], [ 120.9647167, 14.4557527 ], [ 120.9642842, 14.4555489 ], [ 120.9644848, 14.4550976 ], [ 120.9646854, 14.4546713 ], [ 120.9639817, 14.4543775 ], [ 120.9638758, 14.4543634 ], [ 120.9638738, 14.4541201 ], [ 120.9637278, 14.4540771 ], [ 120.9632856, 14.4542836 ], [ 120.9631057, 14.4543215 ], [ 120.9629606, 14.4543752 ], [ 120.9628076, 14.4544507 ], [ 120.962738, 14.4544725 ], [ 120.9626844, 14.4544705 ], [ 120.962428, 14.4544109 ], [ 120.9622472, 14.4543831 ], [ 120.9625909, 14.4528295 ], [ 120.9626891, 14.4524508 ], [ 120.963179, 14.4526029 ], [ 120.9636266, 14.4510357 ], [ 120.9637184, 14.4507644 ], [ 120.9648124, 14.4475286 ], [ 120.9649041, 14.4472573 ], [ 120.9649923, 14.4476485 ], [ 120.9650789, 14.4477751 ], [ 120.9651156, 14.4479117 ], [ 120.9651778, 14.4481816 ], [ 120.9651909, 14.4482779 ], [ 120.9652455, 14.448447 ], [ 120.9652637, 14.4486655 ], [ 120.9652845, 14.4488893 ], [ 120.9653053, 14.4490584 ], [ 120.9653522, 14.4491547 ], [ 120.9654302, 14.4492353 ], [ 120.9654666, 14.4492483 ], [ 120.96569, 14.4493691 ], [ 120.9657372, 14.4494096 ], [ 120.9657631, 14.449465 ], [ 120.9657585, 14.4495839 ], [ 120.9657494, 14.4497164 ], [ 120.9656452, 14.450042 ], [ 120.965594, 14.4501323 ], [ 120.9655653, 14.4501939 ], [ 120.9655666, 14.4502557 ], [ 120.9655856, 14.4503176 ], [ 120.9656306, 14.4503745 ], [ 120.9657768, 14.4504705 ], [ 120.9659688, 14.4505665 ], [ 120.9660876, 14.4506442 ], [ 120.9661233, 14.4507046 ], [ 120.9661287, 14.4507584 ], [ 120.9661301, 14.4508159 ], [ 120.9661104, 14.450859 ], [ 120.9660524, 14.4509453 ], [ 120.9660236, 14.4510372 ], [ 120.9660053, 14.4513434 ], [ 120.9660052, 14.4514729 ], [ 120.96602, 14.4515946 ], [ 120.966115, 14.4519147 ], [ 120.9662887, 14.4522255 ], [ 120.9663252, 14.4523718 ], [ 120.9663298, 14.4525774 ], [ 120.9662978, 14.4528517 ], [ 120.9662918, 14.4529579 ], [ 120.9662887, 14.4530116 ], [ 120.9663435, 14.4531167 ], [ 120.9664852, 14.4532401 ], [ 120.9666177, 14.4533041 ], [ 120.9668371, 14.4533544 ], [ 120.9668973, 14.4533819 ], [ 120.9670474, 14.4534504 ], [ 120.9674313, 14.4537749 ], [ 120.9675684, 14.4538617 ], [ 120.9677009, 14.4538983 ], [ 120.9678746, 14.4539028 ], [ 120.9680039, 14.4538888 ], [ 120.9680392, 14.4538925 ], [ 120.9680682, 14.4539173 ], [ 120.9680786, 14.4539588 ], [ 120.968077, 14.4539972 ], [ 120.968063, 14.4540339 ], [ 120.9680407, 14.454057 ], [ 120.9679386, 14.4541242 ], [ 120.9678739, 14.4541634 ], [ 120.9678418, 14.4541992 ], [ 120.9678296, 14.4542326 ], [ 120.9678215, 14.4543086 ], [ 120.9678342, 14.4544205 ], [ 120.9678482, 14.4544901 ], [ 120.9678945, 14.4545782 ], [ 120.9679293, 14.4546316 ], [ 120.9679201, 14.4546826 ], [ 120.9679108, 14.4547568 ], [ 120.9679015, 14.4548658 ], [ 120.9679085, 14.4549331 ], [ 120.9679386, 14.4550073 ], [ 120.9679873, 14.4550932 ], [ 120.9680128, 14.455186 ], [ 120.9680221, 14.455752 ], [ 120.9680291, 14.4558842 ], [ 120.9680384, 14.4559422 ], [ 120.9680616, 14.4559932 ], [ 120.9681868, 14.4561231 ], [ 120.9681302, 14.4561645 ], [ 120.9677813, 14.4565327 ], [ 120.9675081, 14.4568181 ], [ 120.9674026, 14.4569308 ], [ 120.9671987, 14.4568937 ], [ 120.9670232, 14.4568618 ], [ 120.9666567, 14.4569491 ], [ 120.966414, 14.4565784 ] ] ] } },
{ "type": "Feature", "properties": { "adm4_name": "Campo Santo", "adm4_ref_name": "Campo Santo", "adm4_pcode": "PH0402103033", "adm3_name": "Bacoor City", "adm3_pcode": "PH0402103", "adm2_name": "Cavite", "adm2_pcode": "PH04021", "adm1_name": "Region IV-A (Calabarzon)", "adm1_pcode": "PH04", "adm0_name": "Philippines", "adm0_pcode": "PH", "valid_on": "2025-02-13", "valid_to": null, "area_sqkm": 0.12049055, "version": "v03", "lang": "en", "center_lat": 14.45985467, "center_lon": 120.93838777000001 }, "bbox": [ 120.9365572, 14.4564375, 120.9401468, 14.4644183 ], "geometry": { "type": "Polygon", "coordinates": [ [ [ 120.9377006, 14.4635617 ], [ 120.9375237, 14.4644183 ], [ 120.9374916, 14.464407 ], [ 120.9373307, 14.4643695 ], [ 120.9371823, 14.464349 ], [ 120.9371752, 14.4643542 ], [ 120.9371646, 14.4643559 ], [ 120.9371575, 14.4643542 ], [ 120.9371451, 14.4643542 ], [ 120.9371257, 14.4643491 ], [ 120.9371045, 14.4643422 ], [ 120.9370992, 14.4643388 ], [ 120.9370833, 14.46432 ], [ 120.9370762, 14.4643149 ], [ 120.9370461, 14.4643029 ], [ 120.9370232, 14.4642961 ], [ 120.9370126, 14.4642909 ], [ 120.9369772, 14.4642807 ], [ 120.9369666, 14.464279 ], [ 120.9369595, 14.4642756 ], [ 120.9369295, 14.4642722 ], [ 120.9368994, 14.4642653 ], [ 120.9368552, 14.46425 ], [ 120.936811, 14.464238 ], [ 120.9367881, 14.4642261 ], [ 120.9367633, 14.4642107 ], [ 120.9367456, 14.4641901 ], [ 120.9367368, 14.4641645 ], [ 120.9367261, 14.4641234 ], [ 120.9367261, 14.464096 ], [ 120.9367279, 14.4640841 ], [ 120.9367226, 14.4640755 ], [ 120.9367137, 14.4640687 ], [ 120.9367067, 14.464067 ], [ 120.9366996, 14.4640618 ], [ 120.9366943, 14.4640601 ], [ 120.9365572, 14.4640203 ], [ 120.9369205, 14.4626988 ], [ 120.9369222, 14.4626913 ], [ 120.9374905, 14.4606249 ], [ 120.9377558, 14.4590978 ], [ 120.9378006, 14.458708 ], [ 120.9379819, 14.4581652 ], [ 120.9380729, 14.4576583 ], [ 120.9380918, 14.4575154 ], [ 120.9382049, 14.4571194 ], [ 120.9383084, 14.4566829 ], [ 120.9383349, 14.4564375 ], [ 120.938427, 14.4564698 ], [ 120.9385401, 14.4564844 ], [ 120.9386838, 14.4565021 ], [ 120.938792, 14.456528 ], [ 120.9388647, 14.4565474 ], [ 120.9399211, 14.4570388 ], [ 120.9401468, 14.4571378 ], [ 120.9401054, 14.4576077 ], [ 120.9400996, 14.4576644 ], [ 120.9395395, 14.4575919 ], [ 120.9395212, 14.457873 ], [ 120.9395096, 14.4580039 ], [ 120.9395011, 14.4583547 ], [ 120.9395379, 14.4588046 ], [ 120.939247, 14.4587812 ], [ 120.9392086, 14.4591514 ], [ 120.9390939, 14.460558 ], [ 120.9389439, 14.4610272 ], [ 120.9382023, 14.4611329 ], [ 120.9380599, 14.4618222 ], [ 120.9380596, 14.4618226 ], [ 120.9377011, 14.4635559 ], [ 120.9377006, 14.4635617 ] ] ] } },
{ "type": "Feature", "properties": { "adm4_name": "Habay II", "adm4_ref_name": "Habay II", "adm4_pcode": "PH0402103034", "adm3_name": "Bacoor City", "adm3_pcode": "PH0402103", "adm2_name": "Cavite", "adm2_pcode": "PH04021", "adm1_name": "Region IV-A (Calabarzon)", "adm1_pcode": "PH04", "adm0_name": "Philippines", "adm0_pcode": "PH", "valid_on": "2025-02-13", "valid_to": null, "area_sqkm": 0.60182388, "version": "v03", "lang": "en", "center_lat": 14.44288817, "center_lon": 120.94748612 }, "bbox": [ 120.9426657, 14.4386641, 120.9528724, 14.4471603 ], "geometry": { "type": "Polygon", "coordinates": [ [ [ 120.944566, 14.4471041 ], [ 120.9442961, 14.4471603 ], [ 120.9442318, 14.4464496 ], [ 120.9442056, 14.4462622 ], [ 120.9441662, 14.4458753 ], [ 120.9440771, 14.4451545 ], [ 120.9440869, 14.4448412 ], [ 120.9440913, 14.4447037 ], [ 120.9441169, 14.4441173 ], [ 120.9426657, 14.4439674 ], [ 120.9427113, 14.4437994 ], [ 120.9427146, 14.4437071 ], [ 120.9428365, 14.4436181 ], [ 120.9429354, 14.4436181 ], [ 120.9429486, 14.4435917 ], [ 120.9430277, 14.443539 ], [ 120.9431298, 14.4433841 ], [ 120.9431793, 14.4432227 ], [ 120.943232, 14.4429755 ], [ 120.9433045, 14.4428008 ], [ 120.94339, 14.4426361 ], [ 120.9433935, 14.4426295 ], [ 120.943634, 14.4425833 ], [ 120.9438416, 14.4425768 ], [ 120.9439965, 14.442524 ], [ 120.9440459, 14.4424219 ], [ 120.9440558, 14.442234 ], [ 120.9440394, 14.442089 ], [ 120.9439669, 14.4418715 ], [ 120.9438021, 14.4417002 ], [ 120.943634, 14.4415684 ], [ 120.9435516, 14.4414069 ], [ 120.943545, 14.4412817 ], [ 120.9436867, 14.4409785 ], [ 120.943779, 14.4408137 ], [ 120.9452153, 14.4407299 ], [ 120.9458697, 14.4406156 ], [ 120.9460082, 14.4405872 ], [ 120.9463489, 14.440502 ], [ 120.9466462, 14.4405323 ], [ 120.9467404, 14.4394965 ], [ 120.9479587, 14.4396246 ], [ 120.9489379, 14.4397461 ], [ 120.9490157, 14.4397072 ], [ 120.9491755, 14.4392492 ], [ 120.9493613, 14.4388345 ], [ 120.9494045, 14.4387827 ], [ 120.9497342, 14.4386641 ], [ 120.9499811, 14.439222 ], [ 120.9502057, 14.439699 ], [ 120.9504468, 14.4402126 ], [ 120.9509826, 14.4413237 ], [ 120.9511221, 14.441642 ], [ 120.9516403, 14.4427605 ], [ 120.9517942, 14.4430689 ], [ 120.952126, 14.4437345 ], [ 120.9522551, 14.4439983 ], [ 120.952336, 14.444177 ], [ 120.9525495, 14.4446686 ], [ 120.9526051, 14.4447915 ], [ 120.9528724, 14.4453819 ], [ 120.9525695, 14.4454495 ], [ 120.952192, 14.4455026 ], [ 120.9515418, 14.4456138 ], [ 120.951007, 14.4457492 ], [ 120.9506014, 14.4458396 ], [ 120.9505885, 14.4458424 ], [ 120.9502615, 14.445913 ], [ 120.9501291, 14.4459398 ], [ 120.9499752, 14.4459774 ], [ 120.9499149, 14.4459831 ], [ 120.9496764, 14.4460391 ], [ 120.9494945, 14.4460756 ], [ 120.9489258, 14.4461841 ], [ 120.9487582, 14.446226 ], [ 120.9486519, 14.4462453 ], [ 120.947273, 14.4465224 ], [ 120.946081, 14.4467801 ], [ 120.9459199, 14.4468123 ], [ 120.9456106, 14.4468735 ], [ 120.9453809, 14.446928 ], [ 120.945142, 14.44698 ], [ 120.9450949, 14.446988 ], [ 120.944566, 14.4471041 ] ] ] } },
{ "type": "Feature", "properties": { "adm4_name": "Ligas II", "adm4_ref_name": "Ligas II", "adm4_pcode": "PH0402103035", "adm3_name": "Bacoor City", "adm3_pcode": "PH0402103", "adm2_name": "Cavite", "adm2_pcode": "PH04021", "adm1_name": "Region IV-A (Calabarzon)", "adm1_pcode": "PH04", "adm0_name": "Philippines", "adm0_pcode": "PH", "valid_on": "2025-02-13", "valid_to": null, "area_sqkm": 0.37653631, "version": "v03", "lang": "en", "center_lat": 14.44747815, "center_lon": 120.96742857 }, "bbox": [ 120.9644723, 14.4434017, 120.9701993, 14.4516406 ], "geometry": { "type": "Polygon", "coordinates": [ [ [ 120.9680483, 14.4516099 ], [ 120.9677001, 14.4516406 ], [ 120.967262, 14.4516362 ], [ 120.9662259, 14.451588 ], [ 120.96602, 14.4515946 ], [ 120.9660052, 14.4514729 ], [ 120.9660053, 14.4513434 ], [ 120.9660236, 14.4510372 ], [ 120.9660524, 14.4509453 ], [ 120.9661104, 14.450859 ], [ 120.9661301, 14.4508159 ], [ 120.9661287, 14.4507584 ], [ 120.9661233, 14.4507046 ], [ 120.9660876, 14.4506442 ], [ 120.9659688, 14.4505665 ], [ 120.9657768, 14.4504705 ], [ 120.9656306, 14.4503745 ], [ 120.9655856, 14.4503176 ], [ 120.9655666, 14.4502557 ], [ 120.9655653, 14.4501939 ], [ 120.965594, 14.4501323 ], [ 120.9656452, 14.450042 ], [ 120.9657494, 14.4497164 ], [ 120.9657585, 14.4495839 ], [ 120.9657631, 14.449465 ], [ 120.9657372, 14.4494096 ], [ 120.96569, 14.4493691 ], [ 120.9654666, 14.4492483 ], [ 120.9654302, 14.4492353 ], [ 120.9653522, 14.4491547 ], [ 120.9653053, 14.4490584 ], [ 120.9652845, 14.4488893 ], [ 120.9652637, 14.4486655 ], [ 120.9652455, 14.448447 ], [ 120.9651909, 14.4482779 ], [ 120.9651778, 14.4481816 ], [ 120.9651156, 14.4479117 ], [ 120.9650789, 14.4477751 ], [ 120.9649923, 14.4476485 ], [ 120.9649041, 14.4472573 ], [ 120.9648124, 14.4475286 ], [ 120.9646858, 14.4474286 ], [ 120.9646158, 14.4472953 ], [ 120.9645492, 14.4471554 ], [ 120.9645092, 14.4470321 ], [ 120.9644992, 14.4469155 ], [ 120.9645059, 14.4467689 ], [ 120.9645125, 14.4465623 ], [ 120.9645227, 14.4465147 ], [ 120.96455, 14.4464816 ], [ 120.9645831, 14.4464651 ], [ 120.9646055, 14.4464419 ], [ 120.9646212, 14.4464204 ], [ 120.9646278, 14.4463865 ], [ 120.9646262, 14.4463526 ], [ 120.9646113, 14.4463195 ], [ 120.9644888, 14.44613 ], [ 120.9644781, 14.4460977 ], [ 120.9644723, 14.446058 ], [ 120.9644825, 14.4460126 ], [ 120.9645004, 14.4459852 ], [ 120.9645225, 14.4459693 ], [ 120.9646058, 14.4459393 ], [ 120.9648124, 14.445876 ], [ 120.9649357, 14.445836 ], [ 120.9650357, 14.4458123 ], [ 120.9650746, 14.4457907 ], [ 120.9650928, 14.4457494 ], [ 120.9650953, 14.4457022 ], [ 120.9650813, 14.4456617 ], [ 120.9650656, 14.4456294 ], [ 120.9650434, 14.4455731 ], [ 120.9650356, 14.4455161 ], [ 120.9650424, 14.4454647 ], [ 120.9650834, 14.44541 ], [ 120.9651789, 14.4453062 ], [ 120.9652322, 14.4452063 ], [ 120.9652728, 14.4451153 ], [ 120.9653055, 14.4450037 ], [ 120.965397, 14.4447153 ], [ 120.9654507, 14.4445754 ], [ 120.9654549, 14.4445375 ], [ 120.9654539, 14.4444796 ], [ 120.9654591, 14.4444406 ], [ 120.965477, 14.4443954 ], [ 120.9655286, 14.444347 ], [ 120.9655738, 14.4443154 ], [ 120.9656107, 14.4443038 ], [ 120.9656413, 14.4442694 ], [ 120.9656432, 14.4442113 ], [ 120.96563, 14.4441719 ], [ 120.9655719, 14.4441007 ], [ 120.9655644, 14.4440539 ], [ 120.9655701, 14.4440126 ], [ 120.965615, 14.443962 ], [ 120.9656863, 14.4439283 ], [ 120.9657762, 14.4438852 ], [ 120.9658343, 14.4438309 ], [ 120.965898, 14.4437334 ], [ 120.9659168, 14.4436809 ], [ 120.9660123, 14.4434017 ], [ 120.967543, 14.4445832 ], [ 120.9685935, 14.4454089 ], [ 120.9687045, 14.4453653 ], [ 120.9687942, 14.4454614 ], [ 120.9688308, 14.4455311 ], [ 120.9688535, 14.4455624 ], [ 120.9688987, 14.4456025 ], [ 120.9689876, 14.4456426 ], [ 120.9691641, 14.4457359 ], [ 120.9693603, 14.4458533 ], [ 120.9694648, 14.4459177 ], [ 120.9695745, 14.4459805 ], [ 120.9697679, 14.4461076 ], [ 120.9698342, 14.4461735 ], [ 120.9701993, 14.4464557 ], [ 120.970109, 14.446479 ], [ 120.9699255, 14.4466258 ], [ 120.9698521, 14.4468041 ], [ 120.9698626, 14.4470191 ], [ 120.9698993, 14.4473232 ], [ 120.9699045, 14.4475277 ], [ 120.9698626, 14.4476483 ], [ 120.9698049, 14.4477951 ], [ 120.9698101, 14.4480415 ], [ 120.9698318, 14.4481773 ], [ 120.9699202, 14.4489067 ], [ 120.9699961, 14.4491539 ], [ 120.9700146, 14.4492685 ], [ 120.9700323, 14.4493297 ], [ 120.9700566, 14.4494625 ], [ 120.9700461, 14.4496041 ], [ 120.9699779, 14.4497404 ], [ 120.9698608, 14.4499468 ], [ 120.969742, 14.4501442 ], [ 120.9696895, 14.4503277 ], [ 120.9696423, 14.450506 ], [ 120.9696867, 14.4508653 ], [ 120.9698241, 14.4512653 ], [ 120.9699229, 14.4515536 ], [ 120.9694042, 14.4515595 ], [ 120.9686179, 14.4515836 ], [ 120.9680483, 14.4516099 ] ] ] } },
{ "type": "Feature", "properties": { "adm4_name": "Ligas III", "adm4_ref_name": "Ligas III", "adm4_pcode": "PH0402103036", "adm3_name": "Bacoor City", "adm3_pcode": "PH0402103", "adm2_name": "Cavite", "adm2_pcode": "PH04021", "adm1_name": "Region IV-A (Calabarzon)", "adm1_pcode": "PH04", "adm0_name": "Philippines", "adm0_pcode": "PH", "valid_on": "2025-02-13", "valid_to": null, "area_sqkm": 0.28363153, "version": "v03", "lang": "en", "center_lat": 14.44329241, "center_lon": 120.96908575 }, "bbox": [ 120.9660123, 14.439966, 120.972899, 14.4464557 ], "geometry": { "type": "Polygon", "coordinates": [ [ [ 120.9705686, 14.446197 ], [ 120.9701993, 14.4464557 ], [ 120.9698342, 14.4461735 ], [ 120.9697679, 14.4461076 ], [ 120.9695745, 14.4459805 ], [ 120.9694648, 14.4459177 ], [ 120.9693603, 14.4458533 ], [ 120.9691641, 14.4457359 ], [ 120.9689876, 14.4456426 ], [ 120.9688987, 14.4456025 ], [ 120.9688535, 14.4455624 ], [ 120.9688308, 14.4455311 ], [ 120.9687942, 14.4454614 ], [ 120.9687045, 14.4453653 ], [ 120.9685935, 14.4454089 ], [ 120.967543, 14.4445832 ], [ 120.9660123, 14.4434017 ], [ 120.9662216, 14.443094 ], [ 120.9664237, 14.4428188 ], [ 120.9666469, 14.4425104 ], [ 120.9667718, 14.4423666 ], [ 120.9668796, 14.4422475 ], [ 120.9670064, 14.4420772 ], [ 120.9671507, 14.4419101 ], [ 120.9671778, 14.4418159 ], [ 120.9671826, 14.441728 ], [ 120.9671794, 14.4416929 ], [ 120.9672034, 14.441653 ], [ 120.9672194, 14.4416434 ], [ 120.9672545, 14.4416258 ], [ 120.9673136, 14.4416242 ], [ 120.9673887, 14.4416338 ], [ 120.9674765, 14.4416642 ], [ 120.9675452, 14.4416721 ], [ 120.9676027, 14.441661 ], [ 120.9676378, 14.4416258 ], [ 120.9676394, 14.4415939 ], [ 120.9676235, 14.4415108 ], [ 120.9676235, 14.4414725 ], [ 120.9676282, 14.4414198 ], [ 120.9676426, 14.4413879 ], [ 120.9676825, 14.4413639 ], [ 120.9677448, 14.4413623 ], [ 120.9678135, 14.4413639 ], [ 120.9678396, 14.4413584 ], [ 120.967861, 14.441336 ], [ 120.9678678, 14.4413097 ], [ 120.967859, 14.4412727 ], [ 120.9678391, 14.4412313 ], [ 120.9678337, 14.4411997 ], [ 120.9678439, 14.4411627 ], [ 120.9678726, 14.44111 ], [ 120.9679077, 14.4410682 ], [ 120.9679778, 14.4409991 ], [ 120.967999, 14.4409476 ], [ 120.967999, 14.4408847 ], [ 120.9679957, 14.4402581 ], [ 120.9680023, 14.4401762 ], [ 120.96802, 14.4400921 ], [ 120.968082, 14.439966 ], [ 120.9685661, 14.4403046 ], [ 120.968865, 14.4404544 ], [ 120.9696012, 14.440776 ], [ 120.9698939, 14.4409017 ], [ 120.9700794, 14.4408989 ], [ 120.9706233, 14.4409902 ], [ 120.970728, 14.4410113 ], [ 120.9710549, 14.4412165 ], [ 120.9712392, 14.4413208 ], [ 120.9714029, 14.4413882 ], [ 120.97166, 14.4414808 ], [ 120.9722339, 14.4416651 ], [ 120.972899, 14.4420375 ], [ 120.9727979, 14.4422734 ], [ 120.9722419, 14.4429894 ], [ 120.9721156, 14.4431831 ], [ 120.9720398, 14.4434527 ], [ 120.9720313, 14.4438739 ], [ 120.9719821, 14.444098 ], [ 120.9719555, 14.4442192 ], [ 120.971235, 14.4452182 ], [ 120.9709122, 14.4456477 ], [ 120.9707534, 14.4459419 ], [ 120.9705686, 14.446197 ] ] ] } },
{ "type": "Feature", "properties": { "adm4_name": "Mabolo II", "adm4_ref_name": "Mabolo II", "adm4_pcode": "PH0402103037", "adm3_name": "Bacoor City", "adm3_pcode": "PH0402103", "adm2_name": "Cavite", "adm2_pcode": "PH04021", "adm1_name": "Region IV-A (Calabarzon)", "adm1_pcode": "PH04", "adm0_name": "Philippines", "adm0_pcode": "PH", "valid_on": "2025-02-13", "valid_to": null, "area_sqkm": 0.22930221, "version": "v03", "lang": "en", "center_lat": 14.45252733, "center_lon": 120.93369174 }, "bbox": [ 120.9298054, 14.4495766, 120.9370477, 14.4553712 ], "geometry": { "type": "Polygon", "coordinates": [ [ [ 120.9321175, 14.4553167 ], [ 120.9319112, 14.4553712 ], [ 120.9316621, 14.4553673 ], [ 120.9313079, 14.4553517 ], [ 120.9308798, 14.4552466 ], [ 120.9307007, 14.4551727 ], [ 120.9305294, 14.4550403 ], [ 120.9303776, 14.4548846 ], [ 120.9302453, 14.454655 ], [ 120.9299962, 14.4539232 ], [ 120.9298755, 14.453678 ], [ 120.9298054, 14.4535534 ], [ 120.9300601, 14.4533832 ], [ 120.9304523, 14.4529548 ], [ 120.9309847, 14.452277 ], [ 120.9310525, 14.4521818 ], [ 120.931024, 14.4521047 ], [ 120.9310525, 14.452039 ], [ 120.9312867, 14.4518705 ], [ 120.9313724, 14.4516734 ], [ 120.9316266, 14.4517448 ], [ 120.9317323, 14.4515592 ], [ 120.9323948, 14.4509423 ], [ 120.9325519, 14.4506596 ], [ 120.9325166, 14.4496264 ], [ 120.932772, 14.4495766 ], [ 120.9329447, 14.4496385 ], [ 120.9333815, 14.4497694 ], [ 120.9336006, 14.4498306 ], [ 120.9337387, 14.4498733 ], [ 120.9337256, 14.4502527 ], [ 120.9337671, 14.4502671 ], [ 120.9351107, 14.4509726 ], [ 120.9370477, 14.4520419 ], [ 120.936684, 14.452472 ], [ 120.9365069, 14.4525827 ], [ 120.9363803, 14.4526206 ], [ 120.936295, 14.452627 ], [ 120.9361526, 14.452627 ], [ 120.9356529, 14.452589 ], [ 120.9355359, 14.452608 ], [ 120.9354442, 14.4526491 ], [ 120.9353873, 14.4527408 ], [ 120.9353651, 14.4528958 ], [ 120.9353841, 14.4530697 ], [ 120.9354379, 14.4534018 ], [ 120.9354505, 14.4535758 ], [ 120.9354157, 14.4537529 ], [ 120.9353588, 14.4538604 ], [ 120.9352386, 14.4539458 ], [ 120.9350773, 14.4539553 ], [ 120.9349413, 14.4539331 ], [ 120.9348433, 14.4539047 ], [ 120.9346883, 14.4538446 ], [ 120.9344827, 14.4536517 ], [ 120.9343183, 14.4534208 ], [ 120.9342028, 14.4531987 ], [ 120.9341615, 14.4531303 ], [ 120.9341273, 14.4530378 ], [ 120.9340903, 14.4527373 ], [ 120.9340646, 14.4526789 ], [ 120.9340233, 14.4526404 ], [ 120.9339792, 14.4526162 ], [ 120.9339194, 14.4526134 ], [ 120.9336616, 14.452649 ], [ 120.9336132, 14.4526647 ], [ 120.9335577, 14.4526917 ], [ 120.9335178, 14.4527316 ], [ 120.9334751, 14.4527886 ], [ 120.9333719, 14.4530186 ], [ 120.9330519, 14.4540987 ], [ 120.9330079, 14.4542708 ], [ 120.9329919, 14.4544668 ], [ 120.9329839, 14.4546348 ], [ 120.9330119, 14.4550228 ], [ 120.932787, 14.4550637 ], [ 120.932464, 14.4552077 ], [ 120.9321175, 14.4553167 ] ] ] } },
{ "type": "Feature", "properties": { "adm4_name": "Mabolo III", "adm4_ref_name": "Mabolo III", "adm4_pcode": "PH0402103038", "adm3_name": "Bacoor City", "adm3_pcode": "PH0402103", "adm2_name": "Cavite", "adm2_pcode": "PH04021", "adm1_name": "Region IV-A (Calabarzon)", "adm1_pcode": "PH04", "adm0_name": "Philippines", "adm0_pcode": "PH", "valid_on": "2025-02-13", "valid_to": null, "area_sqkm": 0.20772946, "version": "v03", "lang": "en", "center_lat": 14.448545, "center_lon": 120.93018262 }, "bbox": [ 120.9271423, 14.4463744, 120.9335472, 14.4506099 ], "geometry": { "type": "Polygon", "coordinates": [ [ [ 120.928107, 14.450527 ], [ 120.9276871, 14.4506099 ], [ 120.9276758, 14.4505405 ], [ 120.9275591, 14.4502154 ], [ 120.9274341, 14.449907 ], [ 120.9272757, 14.4495069 ], [ 120.9271507, 14.4491568 ], [ 120.9271423, 14.4487984 ], [ 120.9271647, 14.4486664 ], [ 120.9272019, 14.4484502 ], [ 120.9272414, 14.4482787 ], [ 120.9273734, 14.4479841 ], [ 120.9275537, 14.4478081 ], [ 120.9278044, 14.4475795 ], [ 120.9280902, 14.4474211 ], [ 120.9283365, 14.4472936 ], [ 120.9286928, 14.4471485 ], [ 120.9289918, 14.4470649 ], [ 120.929392, 14.4469286 ], [ 120.9297219, 14.446845 ], [ 120.9300517, 14.4467087 ], [ 120.9303552, 14.4466295 ], [ 120.930685, 14.4464404 ], [ 120.9307534, 14.4463744 ], [ 120.9309591, 14.4464971 ], [ 120.9312619, 14.4467372 ], [ 120.9335472, 14.4474752 ], [ 120.9331348, 14.4476802 ], [ 120.9332506, 14.4478539 ], [ 120.9333912, 14.4481683 ], [ 120.9331265, 14.4486398 ], [ 120.9326881, 14.4487059 ], [ 120.9324317, 14.4488714 ], [ 120.9325166, 14.4496264 ], [ 120.9315188, 14.4498182 ], [ 120.930813, 14.4499503 ], [ 120.9292565, 14.4503074 ], [ 120.9286483, 14.4504434 ], [ 120.928107, 14.450527 ] ] ] } },
{ "type": "Feature", "properties": { "adm4_name": "Maliksi II", "adm4_ref_name": "Maliksi II", "adm4_pcode": "PH0402103039", "adm3_name": "Bacoor City", "adm3_pcode": "PH0402103", "adm2_name": "Cavite", "adm2_pcode": "PH04021", "adm1_name": "Region IV-A (Calabarzon)", "adm1_pcode": "PH04", "adm0_name": "Philippines", "adm0_pcode": "PH", "valid_on": "2025-02-13", "valid_to": null, "area_sqkm": 0.08626706, "version": "v03", "lang": "en", "center_lat": 14.45898206, "center_lon": 120.95070273 }, "bbox": [ 120.9474127, 14.4576216, 120.9522112, 14.4603389 ], "geometry": { "type": "Polygon", "coordinates": [ [ [ 120.9521916, 14.4596202 ], [ 120.952056, 14.4603389 ], [ 120.9515397, 14.4602695 ], [ 120.9509575, 14.4601809 ], [ 120.9503875, 14.4601518 ], [ 120.9501899, 14.46013 ], [ 120.9486426, 14.4599598 ], [ 120.9484641, 14.4599379 ], [ 120.9481416, 14.4599125 ], [ 120.9481389, 14.4599122 ], [ 120.9481363, 14.459912 ], [ 120.9474127, 14.459855 ], [ 120.9475751, 14.4576216 ], [ 120.947711, 14.4578058 ], [ 120.948022, 14.458331 ], [ 120.9481932, 14.4585569 ], [ 120.948355, 14.4587087 ], [ 120.9486485, 14.4589962 ], [ 120.9487643, 14.4590661 ], [ 120.9488522, 14.459092 ], [ 120.948946, 14.4590881 ], [ 120.9490958, 14.4590541 ], [ 120.9493713, 14.4589163 ], [ 120.949602, 14.4587991 ], [ 120.9496888, 14.4587666 ], [ 120.9500158, 14.4586653 ], [ 120.9501952, 14.4585588 ], [ 120.9504173, 14.4584614 ], [ 120.9508949, 14.4583276 ], [ 120.9510713, 14.458282 ], [ 120.9511839, 14.458282 ], [ 120.9512782, 14.4583154 ], [ 120.9513451, 14.458358 ], [ 120.9515185, 14.4583976 ], [ 120.9516159, 14.4584006 ], [ 120.9517497, 14.4583641 ], [ 120.9518261, 14.4583332 ], [ 120.9518862, 14.4582731 ], [ 120.9519445, 14.4582722 ], [ 120.9519332, 14.4584258 ], [ 120.952075, 14.4583989 ], [ 120.9520941, 14.4585123 ], [ 120.9520984, 14.4586165 ], [ 120.9521635, 14.4589679 ], [ 120.9522112, 14.4592933 ], [ 120.9521916, 14.4596202 ] ] ] } },
{ "type": "Feature", "properties": { "adm4_name": "Maliksi III", "adm4_ref_name": "Maliksi III", "adm4_pcode": "PH0402103040", "adm3_name": "Bacoor City", "adm3_pcode": "PH0402103", "adm2_name": "Cavite", "adm2_pcode": "PH04021", "adm1_name": "Region IV-A (Calabarzon)", "adm1_pcode": "PH04", "adm0_name": "Philippines", "adm0_pcode": "PH", "valid_on": "2025-02-13", "valid_to": null, "area_sqkm": 0.36615967, "version": "v03", "lang": "en", "center_lat": 14.46348519, "center_lon": 120.94927948 }, "bbox": [ 120.946682, 14.4598482, 120.952056, 14.4673691 ], "geometry": { "type": "Polygon", "coordinates": [ [ [ 120.9514343, 14.4642364 ], [ 120.9509257, 14.4673691 ], [ 120.9509127, 14.4673654 ], [ 120.9509009, 14.467364 ], [ 120.9508554, 14.4673526 ], [ 120.9508421, 14.4673512 ], [ 120.9507716, 14.4673341 ], [ 120.9507246, 14.4673198 ], [ 120.9506335, 14.4673042 ], [ 120.9505673, 14.4672814 ], [ 120.9504483, 14.4672515 ], [ 120.9504057, 14.4672444 ], [ 120.9503881, 14.4672387 ], [ 120.9503552, 14.467222 ], [ 120.9503375, 14.4672192 ], [ 120.9503081, 14.4672178 ], [ 120.9502714, 14.4672135 ], [ 120.9501906, 14.4672135 ], [ 120.9501612, 14.4672106 ], [ 120.9501244, 14.4672035 ], [ 120.9500466, 14.4671793 ], [ 120.9500039, 14.4671679 ], [ 120.949954, 14.4671508 ], [ 120.949904, 14.467128 ], [ 120.9498893, 14.4671209 ], [ 120.9498702, 14.4671053 ], [ 120.9498555, 14.4670839 ], [ 120.9498497, 14.4670697 ], [ 120.9498438, 14.4670398 ], [ 120.9498394, 14.4669857 ], [ 120.9498306, 14.4669729 ], [ 120.9498247, 14.4669687 ], [ 120.9498218, 14.4669644 ], [ 120.9498144, 14.4669601 ], [ 120.9497679, 14.466947 ], [ 120.9497612, 14.4669437 ], [ 120.9497325, 14.4669421 ], [ 120.9497156, 14.4669356 ], [ 120.9496666, 14.4669225 ], [ 120.9496598, 14.4669193 ], [ 120.9496075, 14.4669079 ], [ 120.9495973, 14.466903 ], [ 120.9495855, 14.4669013 ], [ 120.9495787, 14.4668981 ], [ 120.9495534, 14.4668916 ], [ 120.9495314, 14.4668883 ], [ 120.9495044, 14.4668801 ], [ 120.9494926, 14.4668785 ], [ 120.9494875, 14.4668753 ], [ 120.9494504, 14.4668655 ], [ 120.9494369, 14.4668589 ], [ 120.949425, 14.4668589 ], [ 120.9493744, 14.4668475 ], [ 120.9493406, 14.4668427 ], [ 120.9493085, 14.4668345 ], [ 120.9492916, 14.4668263 ], [ 120.9492544, 14.4668149 ], [ 120.9492359, 14.4668068 ], [ 120.9492257, 14.4668051 ], [ 120.9492071, 14.4667986 ], [ 120.9491919, 14.466797 ], [ 120.949148, 14.4667856 ], [ 120.9491278, 14.4667823 ], [ 120.9491176, 14.4667823 ], [ 120.9491024, 14.4667987 ], [ 120.9490906, 14.4668085 ], [ 120.9490889, 14.466815 ], [ 120.9490839, 14.4668232 ], [ 120.9490738, 14.4668347 ], [ 120.9490721, 14.4668428 ], [ 120.9490636, 14.466851 ], [ 120.9490417, 14.4668674 ], [ 120.949013, 14.4668805 ], [ 120.9489978, 14.4668838 ], [ 120.9489758, 14.466892 ], [ 120.9489404, 14.466892 ], [ 120.9489286, 14.4668838 ], [ 120.9489201, 14.4668822 ], [ 120.9489117, 14.4668773 ], [ 120.9488914, 14.4668757 ], [ 120.9488523, 14.4668594 ], [ 120.9488116, 14.4668526 ], [ 120.9487922, 14.4668509 ], [ 120.9487904, 14.4668492 ], [ 120.9487727, 14.4668458 ], [ 120.9487339, 14.4668338 ], [ 120.9486791, 14.4668219 ], [ 120.9486225, 14.4668065 ], [ 120.9486084, 14.4668048 ], [ 120.9485801, 14.466798 ], [ 120.9485288, 14.4667844 ], [ 120.9485094, 14.4667775 ], [ 120.9485041, 14.4667775 ], [ 120.9484528, 14.4667639 ], [ 120.9484139, 14.4667553 ], [ 120.9483573, 14.4667348 ], [ 120.9483308, 14.466728 ], [ 120.9483167, 14.4667263 ], [ 120.948276, 14.4667127 ], [ 120.948253, 14.4667075 ], [ 120.9482407, 14.4667024 ], [ 120.9482142, 14.4666956 ], [ 120.9481452, 14.4666802 ], [ 120.9480993, 14.4666734 ], [ 120.9480745, 14.4666649 ], [ 120.9480409, 14.4666563 ], [ 120.9479932, 14.4666478 ], [ 120.9479702, 14.4666461 ], [ 120.9479349, 14.4666393 ], [ 120.9479172, 14.4666342 ], [ 120.9479031, 14.4666325 ], [ 120.94782, 14.4666103 ], [ 120.9477581, 14.4665984 ], [ 120.9477139, 14.4665847 ], [ 120.9476856, 14.4665779 ], [ 120.9476379, 14.4665694 ], [ 120.9476043, 14.4665591 ], [ 120.947592, 14.4665523 ], [ 120.9475389, 14.4665386 ], [ 120.9474947, 14.4665301 ], [ 120.94747, 14.4665233 ], [ 120.9474488, 14.4665147 ], [ 120.9474099, 14.4665062 ], [ 120.9473834, 14.4665045 ], [ 120.9473639, 14.4664994 ], [ 120.9473586, 14.4664943 ], [ 120.9473551, 14.466484 ], [ 120.9473551, 14.4664652 ], [ 120.9473533, 14.4664549 ], [ 120.947348, 14.4664481 ], [ 120.9473392, 14.4664446 ], [ 120.9473179, 14.4664464 ], [ 120.9473073, 14.4664498 ], [ 120.947295, 14.4664566 ], [ 120.9472738, 14.4664755 ], [ 120.947249, 14.4664772 ], [ 120.9472225, 14.4664721 ], [ 120.9471925, 14.4664636 ], [ 120.9471359, 14.4664396 ], [ 120.9471271, 14.4664379 ], [ 120.9471076, 14.4664294 ], [ 120.9470705, 14.4664174 ], [ 120.9470528, 14.466414 ], [ 120.9470352, 14.466414 ], [ 120.9470086, 14.4664072 ], [ 120.9469927, 14.4664055 ], [ 120.9469539, 14.466409 ], [ 120.9468955, 14.4664022 ], [ 120.9468583, 14.466388 ], [ 120.9468247, 14.4663795 ], [ 120.9468123, 14.4663744 ], [ 120.9467293, 14.4663556 ], [ 120.946701, 14.4663437 ], [ 120.946682, 14.4663401 ], [ 120.9466984, 14.4661909 ], [ 120.9469245, 14.4644374 ], [ 120.9470656, 14.462734 ], [ 120.9472362, 14.4620205 ], [ 120.9472982, 14.4606189 ], [ 120.9473273, 14.4598482 ], [ 120.9474127, 14.459855 ], [ 120.9481363, 14.459912 ], [ 120.9481389, 14.4599122 ], [ 120.9481416, 14.4599125 ], [ 120.9484641, 14.4599379 ], [ 120.9486426, 14.4599598 ], [ 120.9501899, 14.46013 ], [ 120.9503875, 14.4601518 ], [ 120.9509575, 14.4601809 ], [ 120.9515397, 14.4602695 ], [ 120.952056, 14.4603389 ], [ 120.9518224, 14.4618329 ], [ 120.9514343, 14.4642364 ] ] ] } },
{ "type": "Feature", "properties": { "adm4_name": "Mambog II", "adm4_ref_name": "Mambog II", "adm4_pcode": "PH0402103041", "adm3_name": "Bacoor City", "adm3_pcode": "PH0402103", "adm2_name": "Cavite", "adm2_pcode": "PH04021", "adm1_name": "Region IV-A (Calabarzon)", "adm1_pcode": "PH04", "adm0_name": "Philippines", "adm0_pcode": "PH", "valid_on": "2025-02-13", "valid_to": null, "area_sqkm": 0.50582444, "version": "v03", "lang": "en", "center_lat": 14.42558086, "center_lon": 120.95313161 }, "bbox": [ 120.9501863, 14.4182023, 120.9557442, 14.4330265 ], "geometry": { "type": "Polygon", "coordinates": [ [ [ 120.9557442, 14.432314 ], [ 120.9557384, 14.4330265 ], [ 120.9544641, 14.4329885 ], [ 120.9545517, 14.4303693 ], [ 120.9517134, 14.4298875 ], [ 120.9517794, 14.4287401 ], [ 120.9518587, 14.4273626 ], [ 120.9520438, 14.4273509 ], [ 120.9521232, 14.4273303 ], [ 120.9521584, 14.427295 ], [ 120.9521731, 14.4272216 ], [ 120.9521819, 14.4271246 ], [ 120.9522466, 14.4266338 ], [ 120.9522903, 14.4264232 ], [ 120.9507563, 14.4263534 ], [ 120.9508204, 14.4262141 ], [ 120.9509061, 14.4260282 ], [ 120.9509685, 14.4257005 ], [ 120.9510309, 14.4254612 ], [ 120.9511245, 14.4251387 ], [ 120.9511297, 14.4249879 ], [ 120.9510725, 14.4248111 ], [ 120.9504952, 14.4249047 ], [ 120.950412, 14.4248839 ], [ 120.9503524, 14.4248384 ], [ 120.9502917, 14.4245549 ], [ 120.9502565, 14.4243997 ], [ 120.9501863, 14.4241074 ], [ 120.9503302, 14.423715 ], [ 120.9513431, 14.4235362 ], [ 120.9513756, 14.4231841 ], [ 120.9513811, 14.4215157 ], [ 120.9525676, 14.4215583 ], [ 120.9528736, 14.4203731 ], [ 120.9529845, 14.4202373 ], [ 120.9540919, 14.4195202 ], [ 120.9541273, 14.4194213 ], [ 120.954238, 14.4191409 ], [ 120.9543283, 14.4189199 ], [ 120.9544425, 14.4186721 ], [ 120.9545417, 14.4184178 ], [ 120.9546692, 14.4182546 ], [ 120.9549985, 14.4182337 ], [ 120.9551322, 14.4182023 ], [ 120.9552883, 14.4183004 ], [ 120.95555, 14.4184484 ], [ 120.955444, 14.4187381 ], [ 120.9553569, 14.4189855 ], [ 120.9552697, 14.4192375 ], [ 120.9551708, 14.4194707 ], [ 120.9550836, 14.419711 ], [ 120.9550506, 14.419784 ], [ 120.9550589, 14.4236072 ], [ 120.9550569, 14.4238755 ], [ 120.9550459, 14.4241106 ], [ 120.9550357, 14.4243756 ], [ 120.9550284, 14.4245676 ], [ 120.9551831, 14.4246363 ], [ 120.9552232, 14.4253293 ], [ 120.9552976, 14.4257932 ], [ 120.9553606, 14.4264347 ], [ 120.9554122, 14.4270797 ], [ 120.9557442, 14.432314 ] ] ] } },
{ "type": "Feature", "properties": { "adm4_name": "Mambog III", "adm4_ref_name": "Mambog III", "adm4_pcode": "PH0402103042", "adm3_name": "Bacoor City", "adm3_pcode": "PH0402103", "adm2_name": "Cavite", "adm2_pcode": "PH04021", "adm1_name": "Region IV-A (Calabarzon)", "adm1_pcode": "PH04", "adm0_name": "Philippines", "adm0_pcode": "PH", "valid_on": "2025-02-13", "valid_to": null, "area_sqkm": 1.47395021, "version": "v03", "lang": "en", "center_lat": 14.41517669, "center_lon": 120.95868141 }, "bbox": [ 120.9550284, 14.4032464, 120.9669955, 14.4270797 ], "geometry": { "type": "Polygon", "coordinates": [ [ [ 120.9569935, 14.427031 ], [ 120.9554122, 14.4270797 ], [ 120.9553606, 14.4264347 ], [ 120.9552976, 14.4257932 ], [ 120.9552232, 14.4253293 ], [ 120.9551831, 14.4246363 ], [ 120.9550284, 14.4245676 ], [ 120.9550357, 14.4243756 ], [ 120.9550459, 14.4241106 ], [ 120.9550569, 14.4238755 ], [ 120.9550589, 14.4236072 ], [ 120.9550506, 14.419784 ], [ 120.9550836, 14.419711 ], [ 120.9551708, 14.4194707 ], [ 120.9552697, 14.4192375 ], [ 120.9553569, 14.4189855 ], [ 120.955444, 14.4187381 ], [ 120.95555, 14.4184484 ], [ 120.9552883, 14.4183004 ], [ 120.9551322, 14.4182023 ], [ 120.9552818, 14.4179381 ], [ 120.9554198, 14.4175827 ], [ 120.9554736, 14.417412 ], [ 120.9554759, 14.4173068 ], [ 120.9554712, 14.4172249 ], [ 120.9554525, 14.4171524 ], [ 120.955387, 14.4169116 ], [ 120.9551952, 14.4162624 ], [ 120.955044, 14.4157899 ], [ 120.9551444, 14.4157937 ], [ 120.9552545, 14.4158169 ], [ 120.955353, 14.415815 ], [ 120.9554419, 14.4157899 ], [ 120.9555037, 14.4157532 ], [ 120.9555461, 14.415674 ], [ 120.9555693, 14.415589 ], [ 120.9556079, 14.415506 ], [ 120.9556099, 14.4154307 ], [ 120.95555, 14.4153495 ], [ 120.9554785, 14.4152414 ], [ 120.955438, 14.4151912 ], [ 120.9553762, 14.4151622 ], [ 120.9552796, 14.4151371 ], [ 120.9551985, 14.4151081 ], [ 120.955129, 14.4150792 ], [ 120.9550807, 14.4150367 ], [ 120.955073, 14.4149845 ], [ 120.9550962, 14.4149382 ], [ 120.9551908, 14.4148725 ], [ 120.9553028, 14.4147817 ], [ 120.9553472, 14.4147084 ], [ 120.9553472, 14.4145963 ], [ 120.9553009, 14.4145249 ], [ 120.9552545, 14.4144747 ], [ 120.955158, 14.4143581 ], [ 120.9550652, 14.4142538 ], [ 120.9550421, 14.4141958 ], [ 120.9550421, 14.414135 ], [ 120.9550624, 14.4140655 ], [ 120.9551203, 14.4139815 ], [ 120.9552159, 14.4139438 ], [ 120.9553492, 14.413909 ], [ 120.9554534, 14.4138714 ], [ 120.9555346, 14.4138482 ], [ 120.9556302, 14.4138366 ], [ 120.9556939, 14.4138192 ], [ 120.9557518, 14.4137584 ], [ 120.9557866, 14.4137005 ], [ 120.955775, 14.4135933 ], [ 120.9557515, 14.4135497 ], [ 120.9557171, 14.4134861 ], [ 120.9554563, 14.4130805 ], [ 120.9554824, 14.4130197 ], [ 120.9555259, 14.4129849 ], [ 120.9556997, 14.4129588 ], [ 120.95583, 14.4129733 ], [ 120.9560097, 14.4130081 ], [ 120.9561835, 14.4130457 ], [ 120.9563225, 14.4130747 ], [ 120.956479, 14.4130805 ], [ 120.9566238, 14.4130776 ], [ 120.9567744, 14.41304 ], [ 120.9568324, 14.4129849 ], [ 120.9567773, 14.412898 ], [ 120.9567194, 14.4128314 ], [ 120.9566557, 14.4126981 ], [ 120.956648, 14.4126577 ], [ 120.9566644, 14.4126141 ], [ 120.9566991, 14.4125764 ], [ 120.9568121, 14.4125388 ], [ 120.9569801, 14.4124779 ], [ 120.9570989, 14.4123997 ], [ 120.9571797, 14.4122801 ], [ 120.9572264, 14.4121854 ], [ 120.9572582, 14.4120898 ], [ 120.9572582, 14.4120813 ], [ 120.9572582, 14.4120579 ], [ 120.9572351, 14.4119739 ], [ 120.9572177, 14.411913 ], [ 120.9572032, 14.4118377 ], [ 120.9572148, 14.4117682 ], [ 120.9572466, 14.4117045 ], [ 120.9573307, 14.4116176 ], [ 120.9574176, 14.411577 ], [ 120.9574784, 14.4115422 ], [ 120.9575914, 14.4115075 ], [ 120.9577044, 14.4114785 ], [ 120.9578029, 14.4114611 ], [ 120.9579187, 14.4114611 ], [ 120.9580028, 14.4114495 ], [ 120.9580752, 14.4114322 ], [ 120.958136, 14.4113829 ], [ 120.9581911, 14.4113192 ], [ 120.9582606, 14.411212 ], [ 120.9582896, 14.4111309 ], [ 120.9583214, 14.4110324 ], [ 120.9583475, 14.4109599 ], [ 120.9584257, 14.4108904 ], [ 120.9584981, 14.4108759 ], [ 120.9585532, 14.4108586 ], [ 120.9586315, 14.4107653 ], [ 120.9586951, 14.4107166 ], [ 120.9587444, 14.4106152 ], [ 120.9587965, 14.4105399 ], [ 120.958866, 14.4105196 ], [ 120.9588992, 14.4104952 ], [ 120.9589211, 14.4104791 ], [ 120.9589732, 14.4104385 ], [ 120.9590196, 14.4103892 ], [ 120.9590543, 14.4103458 ], [ 120.9590601, 14.4102386 ], [ 120.9590399, 14.4101343 ], [ 120.9590109, 14.4099286 ], [ 120.9590196, 14.4098446 ], [ 120.9590399, 14.4097519 ], [ 120.9590862, 14.4096882 ], [ 120.9591644, 14.4095926 ], [ 120.9592079, 14.4094854 ], [ 120.9592571, 14.4092363 ], [ 120.9592658, 14.4091436 ], [ 120.9592571, 14.4090885 ], [ 120.9592629, 14.4090074 ], [ 120.959318, 14.4089089 ], [ 120.9594078, 14.4087003 ], [ 120.9594715, 14.4086192 ], [ 120.9594628, 14.4085178 ], [ 120.9594252, 14.4083846 ], [ 120.9593527, 14.4083034 ], [ 120.9592832, 14.40826 ], [ 120.9592282, 14.4082223 ], [ 120.9591847, 14.4081702 ], [ 120.959147, 14.4081036 ], [ 120.9590804, 14.4080311 ], [ 120.959037, 14.4079906 ], [ 120.9589819, 14.407895 ], [ 120.9589877, 14.4078283 ], [ 120.9589443, 14.4077328 ], [ 120.9588805, 14.4076487 ], [ 120.9588458, 14.4075705 ], [ 120.9588313, 14.407472 ], [ 120.9588306, 14.4073409 ], [ 120.9588545, 14.407262 ], [ 120.9588776, 14.4071852 ], [ 120.9588602, 14.4070809 ], [ 120.9588545, 14.4070288 ], [ 120.9588545, 14.4069477 ], [ 120.9588776, 14.406855 ], [ 120.9589558, 14.4067043 ], [ 120.959008, 14.4066319 ], [ 120.9591181, 14.4065885 ], [ 120.959234, 14.4064842 ], [ 120.9592919, 14.4063654 ], [ 120.9592919, 14.4062292 ], [ 120.9592716, 14.4061047 ], [ 120.9592513, 14.405983 ], [ 120.9592513, 14.4058555 ], [ 120.9592803, 14.4056614 ], [ 120.9593353, 14.4054876 ], [ 120.959486, 14.4052095 ], [ 120.9595932, 14.4049807 ], [ 120.9596279, 14.4048532 ], [ 120.9596308, 14.4047431 ], [ 120.9595932, 14.4046243 ], [ 120.9595816, 14.4045751 ], [ 120.9595845, 14.4045027 ], [ 120.9596048, 14.4044215 ], [ 120.9596627, 14.4043839 ], [ 120.9597583, 14.4043028 ], [ 120.9598191, 14.4042419 ], [ 120.9598481, 14.4041724 ], [ 120.9598974, 14.4041087 ], [ 120.9598974, 14.4040594 ], [ 120.9599118, 14.4040073 ], [ 120.9599814, 14.4039262 ], [ 120.9600728, 14.4039317 ], [ 120.9602173, 14.4039202 ], [ 120.9603214, 14.4038913 ], [ 120.9604486, 14.4038566 ], [ 120.9605353, 14.4038913 ], [ 120.9606624, 14.4039837 ], [ 120.9607896, 14.4040126 ], [ 120.9608991, 14.4039786 ], [ 120.9610456, 14.4039555 ], [ 120.9612177, 14.4039169 ], [ 120.9614155, 14.4038656 ], [ 120.9615851, 14.4037782 ], [ 120.9616904, 14.4036703 ], [ 120.9617829, 14.4035778 ], [ 120.9617929, 14.4035748 ], [ 120.9618934, 14.4035444 ], [ 120.961937, 14.403493 ], [ 120.9619833, 14.4034108 ], [ 120.9620321, 14.4033646 ], [ 120.9621837, 14.403344 ], [ 120.9623507, 14.4033106 ], [ 120.9624945, 14.4032644 ], [ 120.962569, 14.4032464 ], [ 120.9626281, 14.4032772 ], [ 120.9627052, 14.4033338 ], [ 120.9627489, 14.4033677 ], [ 120.9628491, 14.4034134 ], [ 120.9629467, 14.4034648 ], [ 120.9630212, 14.4035136 ], [ 120.9630906, 14.4035624 ], [ 120.9631098, 14.4035718 ], [ 120.9631856, 14.4036087 ], [ 120.9632884, 14.4036087 ], [ 120.9635532, 14.4035242 ], [ 120.9636326, 14.4034751 ], [ 120.9637226, 14.4034468 ], [ 120.9638048, 14.4034545 ], [ 120.9638716, 14.4035059 ], [ 120.9638921, 14.403565 ], [ 120.9639255, 14.4036266 ], [ 120.9639615, 14.4036806 ], [ 120.9640334, 14.4037217 ], [ 120.9641387, 14.4037088 ], [ 120.9641346, 14.4059172 ], [ 120.9639146, 14.4066964 ], [ 120.963904, 14.4067337 ], [ 120.9642443, 14.4068544 ], [ 120.9648508, 14.4070201 ], [ 120.965332, 14.4071819 ], [ 120.9656837, 14.4072991 ], [ 120.9658535, 14.4073961 ], [ 120.9659748, 14.4074972 ], [ 120.9658325, 14.4078534 ], [ 120.9657999, 14.40813 ], [ 120.9656373, 14.408252 ], [ 120.9656047, 14.4083984 ], [ 120.9656779, 14.4085123 ], [ 120.9659463, 14.4086424 ], [ 120.9655722, 14.4093581 ], [ 120.9659789, 14.4095452 ], [ 120.9669955, 14.4101959 ], [ 120.9668898, 14.4103667 ], [ 120.9666865, 14.4104643 ], [ 120.9664136, 14.4107371 ], [ 120.9663205, 14.4108303 ], [ 120.9658731, 14.4110743 ], [ 120.9651655, 14.4123187 ], [ 120.9648565, 14.4125952 ], [ 120.9646206, 14.4126684 ], [ 120.9641732, 14.4125139 ], [ 120.9634575, 14.4133841 ], [ 120.9621114, 14.4149726 ], [ 120.961922, 14.415221 ], [ 120.9600775, 14.4176884 ], [ 120.9592918, 14.4198608 ], [ 120.958987, 14.4206952 ], [ 120.9588373, 14.4211049 ], [ 120.9585997, 14.4217554 ], [ 120.9585517, 14.4218866 ], [ 120.9588098, 14.4219726 ], [ 120.9586976, 14.4226501 ], [ 120.9585, 14.4231249 ], [ 120.9584482, 14.4232684 ], [ 120.9583859, 14.4235516 ], [ 120.9583651, 14.4240348 ], [ 120.9583829, 14.4241088 ], [ 120.9583544, 14.424434 ], [ 120.9582995, 14.4250631 ], [ 120.9581862, 14.4263593 ], [ 120.9582077, 14.4269937 ], [ 120.9569935, 14.427031 ] ] ] } },
{ "type": "Feature", "properties": { "adm4_name": "Mambog IV", "adm4_ref_name": "Mambog IV", "adm4_pcode": "PH0402103043", "adm3_name": "Bacoor City", "adm3_pcode": "PH0402103", "adm2_name": "Cavite", "adm2_pcode": "PH04021", "adm1_name": "Region IV-A (Calabarzon)", "adm1_pcode": "PH04", "adm0_name": "Philippines", "adm0_pcode": "PH", "valid_on": "2025-02-13", "valid_to": null, "area_sqkm": 0.93476571, "version": "v03", "lang": "en", "center_lat": 14.41794492, "center_lon": 120.96264349 }, "bbox": [ 120.9581862, 14.4086424, 120.9686459, 14.4274374 ], "geometry": { "type": "Polygon", "coordinates": [ [ [ 120.9611792, 14.4272884 ], [ 120.9609996, 14.4274374 ], [ 120.9604967, 14.4271082 ], [ 120.9599542, 14.4269602 ], [ 120.9582077, 14.4269937 ], [ 120.9581862, 14.4263593 ], [ 120.9582995, 14.4250631 ], [ 120.9583544, 14.424434 ], [ 120.9583829, 14.4241088 ], [ 120.9583651, 14.4240348 ], [ 120.9583859, 14.4235516 ], [ 120.9584482, 14.4232684 ], [ 120.9585, 14.4231249 ], [ 120.9586976, 14.4226501 ], [ 120.9588098, 14.4219726 ], [ 120.9585517, 14.4218866 ], [ 120.9585997, 14.4217554 ], [ 120.9588373, 14.4211049 ], [ 120.958987, 14.4206952 ], [ 120.9592918, 14.4198608 ], [ 120.9600775, 14.4176884 ], [ 120.961922, 14.415221 ], [ 120.9621114, 14.4149726 ], [ 120.9634575, 14.4133841 ], [ 120.9641732, 14.4125139 ], [ 120.9646206, 14.4126684 ], [ 120.9648565, 14.4125952 ], [ 120.9651655, 14.4123187 ], [ 120.9658731, 14.4110743 ], [ 120.9663205, 14.4108303 ], [ 120.9664136, 14.4107371 ], [ 120.9666865, 14.4104643 ], [ 120.9668898, 14.4103667 ], [ 120.9669955, 14.4101959 ], [ 120.9659789, 14.4095452 ], [ 120.9655722, 14.4093581 ], [ 120.9659463, 14.4086424 ], [ 120.9666427, 14.409026 ], [ 120.9686459, 14.4102211 ], [ 120.9683465, 14.4108703 ], [ 120.968096, 14.4114244 ], [ 120.968096, 14.411436 ], [ 120.9680932, 14.4114465 ], [ 120.9679856, 14.4116923 ], [ 120.9678853, 14.4119383 ], [ 120.967788, 14.4122183 ], [ 120.9672747, 14.4134375 ], [ 120.9657615, 14.4150612 ], [ 120.9654662, 14.4165854 ], [ 120.9653737, 14.4169678 ], [ 120.9653107, 14.4173503 ], [ 120.9653107, 14.4177495 ], [ 120.9652939, 14.4181403 ], [ 120.9652561, 14.418464 ], [ 120.9651006, 14.4189935 ], [ 120.9649955, 14.4193801 ], [ 120.9648946, 14.4197542 ], [ 120.9648148, 14.4201324 ], [ 120.9647685, 14.4202879 ], [ 120.9647055, 14.4204392 ], [ 120.964282, 14.4221734 ], [ 120.9640767, 14.4229378 ], [ 120.964019, 14.4233172 ], [ 120.9638547, 14.4240319 ], [ 120.9637667, 14.4246702 ], [ 120.9637344, 14.4249082 ], [ 120.9636788, 14.4253238 ], [ 120.9636559, 14.4254155 ], [ 120.9636024, 14.425492 ], [ 120.9634954, 14.4255722 ], [ 120.9631437, 14.4258245 ], [ 120.9620965, 14.4265966 ], [ 120.9611792, 14.4272884 ] ] ] } },
{ "type": "Feature", "properties": { "adm4_name": "Mambog V", "adm4_ref_name": "Mambog V", "adm4_pcode": "PH0402103044", "adm3_name": "Bacoor City", "adm3_pcode": "PH0402103", "adm2_name": "Cavite", "adm2_pcode": "PH04021", "adm1_name": "Region IV-A (Calabarzon)", "adm1_pcode": "PH04", "adm0_name": "Philippines", "adm0_pcode": "PH", "valid_on": "2025-02-13", "valid_to": null, "area_sqkm": 0.26065041, "version": "v03", "lang": "en", "center_lat": 14.43017073, "center_lon": 120.95109332 }, "bbox": [ 120.9483458, 14.4273451, 120.9545517, 14.4329885 ], "geometry": { "type": "Polygon", "coordinates": [ [ [ 120.9545517, 14.4303693 ], [ 120.9544641, 14.4329885 ], [ 120.9530505, 14.4329651 ], [ 120.9515143, 14.4328591 ], [ 120.9508648, 14.4327875 ], [ 120.9503655, 14.4327098 ], [ 120.9494152, 14.4325618 ], [ 120.9492176, 14.4326007 ], [ 120.9491546, 14.4326305 ], [ 120.949095, 14.4326843 ], [ 120.9490194, 14.4327577 ], [ 120.9489828, 14.4327817 ], [ 120.948937, 14.4328046 ], [ 120.9488705, 14.4328356 ], [ 120.9487938, 14.4328413 ], [ 120.9487491, 14.4328321 ], [ 120.9486929, 14.4328092 ], [ 120.9486586, 14.4327886 ], [ 120.9486208, 14.4327565 ], [ 120.9485921, 14.4327096 ], [ 120.9485695, 14.4326462 ], [ 120.948549, 14.432579 ], [ 120.9485371, 14.4325263 ], [ 120.9485266, 14.4324903 ], [ 120.9485188, 14.4324182 ], [ 120.9484993, 14.4320958 ], [ 120.9485032, 14.4320198 ], [ 120.9485032, 14.4319176 ], [ 120.948511, 14.431787 ], [ 120.9485169, 14.4317237 ], [ 120.9485393, 14.4316594 ], [ 120.9485743, 14.4315932 ], [ 120.9486006, 14.4315552 ], [ 120.9486367, 14.431523 ], [ 120.9486805, 14.431489 ], [ 120.9487039, 14.4314588 ], [ 120.9487214, 14.4314344 ], [ 120.9487477, 14.4313857 ], [ 120.9487594, 14.4313506 ], [ 120.9487584, 14.4313126 ], [ 120.9487428, 14.4312698 ], [ 120.948626, 14.4310292 ], [ 120.9485348, 14.4308097 ], [ 120.9485013, 14.4307555 ], [ 120.9484737, 14.4307263 ], [ 120.9484292, 14.4306974 ], [ 120.9483803, 14.4306574 ], [ 120.9483625, 14.4306252 ], [ 120.9483536, 14.430594 ], [ 120.9483458, 14.4305407 ], [ 120.948357, 14.4304918 ], [ 120.9483725, 14.4304607 ], [ 120.9483971, 14.4304248 ], [ 120.9485558, 14.4302683 ], [ 120.9486415, 14.4302576 ], [ 120.9487102, 14.4302297 ], [ 120.9487831, 14.4301804 ], [ 120.9488259, 14.4301611 ], [ 120.9489224, 14.4301547 ], [ 120.9489889, 14.4301289 ], [ 120.9490382, 14.4300839 ], [ 120.9490682, 14.430011 ], [ 120.9490939, 14.4299531 ], [ 120.9491733, 14.4296808 ], [ 120.949188, 14.4296486 ], [ 120.9492033, 14.4296229 ], [ 120.9492376, 14.4296015 ], [ 120.9492693, 14.4295897 ], [ 120.9492869, 14.4295822 ], [ 120.9493038, 14.4295663 ], [ 120.9493199, 14.4295414 ], [ 120.9493414, 14.4294675 ], [ 120.9493925, 14.4293574 ], [ 120.949508, 14.4291438 ], [ 120.949594, 14.4289718 ], [ 120.9496812, 14.4288246 ], [ 120.9497295, 14.4287656 ], [ 120.9497777, 14.4287093 ], [ 120.9498447, 14.428628 ], [ 120.9498668, 14.4285898 ], [ 120.9498938, 14.4285432 ], [ 120.9499385, 14.428444 ], [ 120.949976, 14.4283288 ], [ 120.949993, 14.428243 ], [ 120.949993, 14.4282046 ], [ 120.9499823, 14.4281689 ], [ 120.9499635, 14.4281403 ], [ 120.949918, 14.4280965 ], [ 120.949884, 14.4280634 ], [ 120.9498724, 14.4280375 ], [ 120.9498599, 14.4279866 ], [ 120.9498385, 14.4278955 ], [ 120.9498389, 14.4278751 ], [ 120.9498277, 14.4278383 ], [ 120.9498185, 14.4278155 ], [ 120.9498214, 14.4277705 ], [ 120.9498418, 14.4277429 ], [ 120.9498723, 14.4277139 ], [ 120.9500073, 14.427605 ], [ 120.9501118, 14.4275513 ], [ 120.9502236, 14.4275164 ], [ 120.950349, 14.4274906 ], [ 120.9504516, 14.4274032 ], [ 120.9505183, 14.427364 ], [ 120.9505677, 14.4273553 ], [ 120.9506447, 14.4273451 ], [ 120.9507155, 14.4273567 ], [ 120.9507564, 14.4273742 ], [ 120.9509183, 14.427442 ], [ 120.951077, 14.4275066 ], [ 120.951221, 14.4275625 ], [ 120.9513356, 14.427583 ], [ 120.9513973, 14.427583 ], [ 120.9514972, 14.4275213 ], [ 120.9516324, 14.4274126 ], [ 120.9517176, 14.4273626 ], [ 120.951797, 14.4273626 ], [ 120.9518587, 14.4273626 ], [ 120.9517794, 14.4287401 ], [ 120.9517134, 14.4298875 ], [ 120.9545517, 14.4303693 ] ] ] } },
{ "type": "Feature", "properties": { "adm4_name": "Molino II", "adm4_ref_name": "Molino II", "adm4_pcode": "PH0402103045", "adm3_name": "Bacoor City", "adm3_pcode": "PH0402103", "adm2_name": "Cavite", "adm2_pcode": "PH04021", "adm1_name": "Region IV-A (Calabarzon)", "adm1_pcode": "PH04", "adm0_name": "Philippines", "adm0_pcode": "PH", "valid_on": "2025-02-13", "valid_to": null, "area_sqkm": 2.39229456, "version": "v03", "lang": "en", "center_lat": 14.4076361, "center_lon": 120.97827778 }, "bbox": [ 120.963904, 14.3987308, 120.9912233, 14.4166254 ], "geometry": { "type": "Polygon", "coordinates": [ [ [ 120.9720541, 14.4164315 ], [ 120.9694527, 14.4166254 ], [ 120.9695476, 14.4163492 ], [ 120.9696858, 14.4159564 ], [ 120.969811, 14.4157014 ], [ 120.9698525, 14.4155934 ], [ 120.9698664, 14.4154687 ], [ 120.9698553, 14.4153829 ], [ 120.9698276, 14.415128 ], [ 120.9698276, 14.4147928 ], [ 120.9698054, 14.4146321 ], [ 120.9697112, 14.4144105 ], [ 120.9695059, 14.4141022 ], [ 120.9694285, 14.4139089 ], [ 120.9694575, 14.4136092 ], [ 120.9696219, 14.4130969 ], [ 120.9697062, 14.4129505 ], [ 120.9696285, 14.4128729 ], [ 120.9695628, 14.4128072 ], [ 120.9688099, 14.4125829 ], [ 120.9684215, 14.4124484 ], [ 120.9681387, 14.412328 ], [ 120.967788, 14.4122183 ], [ 120.9678853, 14.4119383 ], [ 120.9679856, 14.4116923 ], [ 120.9680932, 14.4114465 ], [ 120.968096, 14.411436 ], [ 120.968096, 14.4114244 ], [ 120.9683465, 14.4108703 ], [ 120.9686459, 14.4102211 ], [ 120.9666427, 14.409026 ], [ 120.9659463, 14.4086424 ], [ 120.9656779, 14.4085123 ], [ 120.9656047, 14.4083984 ], [ 120.9656373, 14.408252 ], [ 120.9657999, 14.40813 ], [ 120.9658325, 14.4078534 ], [ 120.9659748, 14.4074972 ], [ 120.9658535, 14.4073961 ], [ 120.9656837, 14.4072991 ], [ 120.965332, 14.4071819 ], [ 120.9648508, 14.4070201 ], [ 120.9642443, 14.4068544 ], [ 120.963904, 14.4067337 ], [ 120.9639146, 14.4066964 ], [ 120.9641346, 14.4059172 ], [ 120.9641387, 14.4037088 ], [ 120.9641799, 14.4036754 ], [ 120.9642261, 14.4036343 ], [ 120.9642698, 14.4036241 ], [ 120.9643468, 14.4036164 ], [ 120.9644881, 14.4036164 ], [ 120.9645755, 14.4036009 ], [ 120.9646474, 14.4035419 ], [ 120.9647245, 14.403511 ], [ 120.9647785, 14.4034956 ], [ 120.964804, 14.4034751 ], [ 120.9648401, 14.4034417 ], [ 120.9648504, 14.4033723 ], [ 120.9648735, 14.4031848 ], [ 120.9649403, 14.4031334 ], [ 120.9650659, 14.4031108 ], [ 120.9651356, 14.4030743 ], [ 120.9651767, 14.403028 ], [ 120.9651561, 14.4029767 ], [ 120.9651047, 14.4029433 ], [ 120.9650636, 14.4028944 ], [ 120.9650662, 14.4028431 ], [ 120.9651227, 14.4027454 ], [ 120.9652383, 14.4026478 ], [ 120.9654336, 14.402563 ], [ 120.9655697, 14.402486 ], [ 120.9656422, 14.4024052 ], [ 120.9657042, 14.4023362 ], [ 120.9657239, 14.4021802 ], [ 120.9657187, 14.4021109 ], [ 120.9656545, 14.4020698 ], [ 120.9655646, 14.402021 ], [ 120.9654901, 14.4019721 ], [ 120.9654644, 14.401931 ], [ 120.9654593, 14.4018925 ], [ 120.9654721, 14.4018437 ], [ 120.9655338, 14.401818 ], [ 120.9655903, 14.4017743 ], [ 120.9656545, 14.4017461 ], [ 120.9657085, 14.4017152 ], [ 120.9658164, 14.4016484 ], [ 120.9658523, 14.4016099 ], [ 120.9658292, 14.4015816 ], [ 120.9658035, 14.4015611 ], [ 120.9657547, 14.4015303 ], [ 120.9657213, 14.4014917 ], [ 120.9656828, 14.4014121 ], [ 120.9656725, 14.4013401 ], [ 120.9657213, 14.4012862 ], [ 120.9657341, 14.4012746 ], [ 120.9657778, 14.4012348 ], [ 120.9658369, 14.4011911 ], [ 120.9659166, 14.4011603 ], [ 120.9659834, 14.4011346 ], [ 120.9660424, 14.401073 ], [ 120.9660604, 14.4010139 ], [ 120.9660476, 14.4009342 ], [ 120.9659705, 14.4008674 ], [ 120.9659243, 14.4008263 ], [ 120.9658806, 14.4007724 ], [ 120.9658729, 14.4006645 ], [ 120.9658755, 14.4006105 ], [ 120.965877, 14.4006033 ], [ 120.965896, 14.4005129 ], [ 120.9659294, 14.400423 ], [ 120.9660579, 14.4002586 ], [ 120.9663122, 14.400053 ], [ 120.9664946, 14.3999554 ], [ 120.9665614, 14.39994 ], [ 120.9666205, 14.3999374 ], [ 120.9667001, 14.3999348 ], [ 120.9667875, 14.3999348 ], [ 120.9668414, 14.3999169 ], [ 120.9669442, 14.3998475 ], [ 120.9670238, 14.3997345 ], [ 120.9670932, 14.3995803 ], [ 120.96716, 14.3995212 ], [ 120.967345, 14.3994904 ], [ 120.9674349, 14.3994955 ], [ 120.9675659, 14.3995289 ], [ 120.9676481, 14.399493 ], [ 120.9678183, 14.3995906 ], [ 120.9681388, 14.3997264 ], [ 120.9685083, 14.3999111 ], [ 120.9682194, 14.4006843 ], [ 120.9684416, 14.4007522 ], [ 120.9686953, 14.4008308 ], [ 120.9688479, 14.4008768 ], [ 120.970303, 14.4012489 ], [ 120.9705511, 14.4013183 ], [ 120.9706163, 14.4012368 ], [ 120.9707956, 14.4008293 ], [ 120.970946, 14.4003674 ], [ 120.9712471, 14.4004987 ], [ 120.9720654, 14.3993716 ], [ 120.9720037, 14.3989469 ], [ 120.972683, 14.3987308 ], [ 120.9728802, 14.3989234 ], [ 120.9727069, 14.3994261 ], [ 120.9725075, 14.4004663 ], [ 120.9720741, 14.401099 ], [ 120.9719267, 14.401099 ], [ 120.9718271, 14.4017362 ], [ 120.9718116, 14.4017781 ], [ 120.97171, 14.4020525 ], [ 120.9715193, 14.4023949 ], [ 120.9714847, 14.4028803 ], [ 120.9708894, 14.4035164 ], [ 120.9702673, 14.4036159 ], [ 120.9697924, 14.4036919 ], [ 120.9691561, 14.4039113 ], [ 120.9691027, 14.4045962 ], [ 120.9692337, 14.4047075 ], [ 120.9695043, 14.4049318 ], [ 120.9698078, 14.4051384 ], [ 120.9701363, 14.4053345 ], [ 120.9704506, 14.405451 ], [ 120.9707456, 14.4055252 ], [ 120.9713108, 14.4056435 ], [ 120.9716199, 14.4057177 ], [ 120.9717435, 14.405753 ], [ 120.9718442, 14.4058166 ], [ 120.9719148, 14.4059226 ], [ 120.9719819, 14.406018 ], [ 120.9721003, 14.4061239 ], [ 120.9722592, 14.4062741 ], [ 120.9723828, 14.4063694 ], [ 120.9724641, 14.4063977 ], [ 120.9725728, 14.4064191 ], [ 120.9728244, 14.4064401 ], [ 120.9729654, 14.4064522 ], [ 120.9730929, 14.4064671 ], [ 120.9732171, 14.4065019 ], [ 120.9732949, 14.40654 ], [ 120.9734241, 14.4066112 ], [ 120.9735566, 14.4067139 ], [ 120.9736328, 14.4068646 ], [ 120.9736908, 14.4070071 ], [ 120.973739, 14.4071562 ], [ 120.9741106, 14.4070463 ], [ 120.9747075, 14.4068876 ], [ 120.9749191, 14.4068225 ], [ 120.9752202, 14.4068062 ], [ 120.9765224, 14.4067411 ], [ 120.9776129, 14.4066923 ], [ 120.9776119, 14.4066313 ], [ 120.9781744, 14.4065739 ], [ 120.9782463, 14.4065595 ], [ 120.9782921, 14.4065315 ], [ 120.9783529, 14.4064794 ], [ 120.9787636, 14.4059559 ], [ 120.9788555, 14.4058205 ], [ 120.9792611, 14.4052415 ], [ 120.9793652, 14.4050911 ], [ 120.9794086, 14.4050188 ], [ 120.9794198, 14.4049052 ], [ 120.9796092, 14.4048429 ], [ 120.9800203, 14.4046812 ], [ 120.9800941, 14.4046374 ], [ 120.9801542, 14.4045681 ], [ 120.9802601, 14.4044155 ], [ 120.9803994, 14.4044967 ], [ 120.9805503, 14.4045605 ], [ 120.9806285, 14.4046133 ], [ 120.9806958, 14.4046913 ], [ 120.98072, 14.4047774 ], [ 120.9807417, 14.4049087 ], [ 120.9808462, 14.405106 ], [ 120.980968, 14.4053032 ], [ 120.9811479, 14.4054773 ], [ 120.981264, 14.405634 ], [ 120.9813268, 14.4054831 ], [ 120.9814342, 14.4052845 ], [ 120.9844986, 14.4052788 ], [ 120.984659, 14.4052787 ], [ 120.9854956, 14.4052842 ], [ 120.9859704, 14.4052873 ], [ 120.9871497, 14.4052945 ], [ 120.9877675, 14.4052987 ], [ 120.9881433, 14.4053043 ], [ 120.9892329, 14.4053555 ], [ 120.9894814, 14.4050946 ], [ 120.9896097, 14.4050056 ], [ 120.9897919, 14.4049186 ], [ 120.9899658, 14.4048627 ], [ 120.9900549, 14.4048172 ], [ 120.9900963, 14.4047695 ], [ 120.990117, 14.4047074 ], [ 120.9901273, 14.4046039 ], [ 120.9901708, 14.4045522 ], [ 120.9902412, 14.4045211 ], [ 120.9903364, 14.4045004 ], [ 120.9903861, 14.4044362 ], [ 120.990382, 14.4043037 ], [ 120.9903841, 14.4042371 ], [ 120.9904275, 14.4041712 ], [ 120.9905502, 14.4040648 ], [ 120.9907351, 14.4039386 ], [ 120.9909705, 14.4036948 ], [ 120.9909909, 14.4036613 ], [ 120.9910042, 14.4036234 ], [ 120.991008, 14.4035928 ], [ 120.9909966, 14.4035472 ], [ 120.9909809, 14.4035237 ], [ 120.9908822, 14.4034258 ], [ 120.9908669, 14.4033932 ], [ 120.990857, 14.4033586 ], [ 120.990864, 14.403317 ], [ 120.9908738, 14.403285 ], [ 120.9908991, 14.4032051 ], [ 120.9909369, 14.40314 ], [ 120.9909432, 14.4030958 ], [ 120.9912091, 14.4030558 ], [ 120.9912188, 14.4034831 ], [ 120.9912091, 14.4040461 ], [ 120.9911939, 14.4045514 ], [ 120.9912233, 14.4054914 ], [ 120.9906388, 14.405502 ], [ 120.9906562, 14.4063369 ], [ 120.9906548, 14.4064112 ], [ 120.9906478, 14.4067722 ], [ 120.9906344, 14.407775 ], [ 120.9906562, 14.4086317 ], [ 120.990665, 14.4095715 ], [ 120.990665, 14.410131 ], [ 120.9906737, 14.4106818 ], [ 120.990665, 14.4111189 ], [ 120.9906388, 14.4115429 ], [ 120.9906431, 14.4120499 ], [ 120.9906519, 14.4125701 ], [ 120.9900493, 14.4125696 ], [ 120.9892735, 14.4125724 ], [ 120.9878664, 14.4125772 ], [ 120.9874545, 14.4125806 ], [ 120.9868326, 14.412542 ], [ 120.9866858, 14.4125342 ], [ 120.9864866, 14.4125824 ], [ 120.9864636, 14.4125298 ], [ 120.9864783, 14.4124806 ], [ 120.9865095, 14.4124247 ], [ 120.9867049, 14.4121933 ], [ 120.9869019, 14.411883 ], [ 120.9869676, 14.4117927 ], [ 120.9869807, 14.4117467 ], [ 120.9869774, 14.4116958 ], [ 120.9869709, 14.4116515 ], [ 120.9869545, 14.4116186 ], [ 120.9868346, 14.4114578 ], [ 120.9865374, 14.4111343 ], [ 120.9864849, 14.4110637 ], [ 120.9864669, 14.4109915 ], [ 120.9864636, 14.410957 ], [ 120.9864767, 14.4109045 ], [ 120.9864997, 14.4108454 ], [ 120.9865703, 14.4107928 ], [ 120.9866898, 14.4107308 ], [ 120.9867148, 14.4107206 ], [ 120.9868744, 14.4106648 ], [ 120.9869865, 14.4106437 ], [ 120.9870894, 14.4106543 ], [ 120.9871527, 14.4106754 ], [ 120.9872054, 14.4106965 ], [ 120.9872529, 14.410707 ], [ 120.9873083, 14.4107176 ], [ 120.9873966, 14.4107097 ], [ 120.9875193, 14.4106767 ], [ 120.9876525, 14.4106661 ], [ 120.9877461, 14.4106622 ], [ 120.9878331, 14.4106345 ], [ 120.9878806, 14.4105936 ], [ 120.9879058, 14.4105314 ], [ 120.9878966, 14.4104266 ], [ 120.9878727, 14.4102979 ], [ 120.9877917, 14.4100441 ], [ 120.987755, 14.4098308 ], [ 120.9877513, 14.4096947 ], [ 120.9877476, 14.4095807 ], [ 120.9877476, 14.409441 ], [ 120.9877388, 14.4091986 ], [ 120.9877347, 14.4090861 ], [ 120.9877403, 14.4089978 ], [ 120.9877623, 14.4089316 ], [ 120.9875276, 14.4089641 ], [ 120.9872904, 14.4089976 ], [ 120.9872852, 14.4088481 ], [ 120.9872697, 14.408812 ], [ 120.9872259, 14.4087887 ], [ 120.9869964, 14.408781 ], [ 120.9865864, 14.4087887 ], [ 120.9862615, 14.4088171 ], [ 120.9858387, 14.4088893 ], [ 120.9851141, 14.4089976 ], [ 120.9845475, 14.4090819 ], [ 120.9843338, 14.40907 ], [ 120.9836989, 14.4090345 ], [ 120.9829876, 14.409462 ], [ 120.982724, 14.409449 ], [ 120.9823324, 14.4097917 ], [ 120.9820931, 14.4100255 ], [ 120.981794, 14.4103518 ], [ 120.9815492, 14.410515 ], [ 120.9813317, 14.4105422 ], [ 120.9811413, 14.4105476 ], [ 120.9808477, 14.4106401 ], [ 120.9806138, 14.4107217 ], [ 120.9805105, 14.4108848 ], [ 120.9803364, 14.4110208 ], [ 120.9802494, 14.410999 ], [ 120.9801352, 14.4110643 ], [ 120.9800264, 14.4111948 ], [ 120.9798198, 14.4113362 ], [ 120.9796566, 14.4113743 ], [ 120.9795641, 14.4114667 ], [ 120.9794989, 14.4115592 ], [ 120.9793925, 14.4116172 ], [ 120.9793925, 14.4117161 ], [ 120.9793554, 14.4118126 ], [ 120.9793265, 14.4118876 ], [ 120.9792045, 14.4120591 ], [ 120.9790462, 14.4121679 ], [ 120.9788517, 14.4122767 ], [ 120.9786835, 14.412346 ], [ 120.9784989, 14.4123822 ], [ 120.9783834, 14.4123921 ], [ 120.9782219, 14.4123657 ], [ 120.9780273, 14.4123526 ], [ 120.9778756, 14.4123427 ], [ 120.9777141, 14.4123624 ], [ 120.9774371, 14.4124812 ], [ 120.9772986, 14.4125339 ], [ 120.9771601, 14.4126229 ], [ 120.9770941, 14.4127186 ], [ 120.977081, 14.4129131 ], [ 120.9771304, 14.4131044 ], [ 120.9771172, 14.413233 ], [ 120.9770579, 14.4133022 ], [ 120.976982, 14.413355 ], [ 120.9768765, 14.4133814 ], [ 120.9766853, 14.413411 ], [ 120.9765501, 14.4134341 ], [ 120.9764248, 14.4134902 ], [ 120.9762496, 14.4137393 ], [ 120.976217, 14.4137836 ], [ 120.9761798, 14.4138419 ], [ 120.9761017, 14.4140761 ], [ 120.976036, 14.4144293 ], [ 120.975999, 14.4146922 ], [ 120.9759456, 14.4148976 ], [ 120.9759087, 14.4150003 ], [ 120.9758265, 14.4151194 ], [ 120.9757937, 14.4153002 ], [ 120.9757813, 14.4154932 ], [ 120.9757978, 14.4156411 ], [ 120.9758101, 14.4157356 ], [ 120.9757526, 14.4159779 ], [ 120.9756458, 14.4162038 ], [ 120.9745331, 14.4162818 ], [ 120.9727243, 14.4163274 ], [ 120.9720541, 14.4164315 ] ] ] } },
{ "type": "Feature", "properties": { "adm4_name": "Molino III", "adm4_ref_name": "Molino III", "adm4_pcode": "PH0402103046", "adm3_name": "Bacoor City", "adm3_pcode": "PH0402103", "adm2_name": "Cavite", "adm2_pcode": "PH04021", "adm1_name": "Region IV-A (Calabarzon)", "adm1_pcode": "PH04", "adm0_name": "Philippines", "adm0_pcode": "PH", "valid_on": "2025-02-13", "valid_to": null, "area_sqkm": 4.60974521, "version": "v03", "lang": "en", "center_lat": 14.3960001, "center_lon": 120.97991086 }, "bbox": [ 120.9691027, 14.3848581, 121.0026089, 14.4071562 ], "geometry": { "type": "Polygon", "coordinates": [ [ [ 120.9741106, 14.4070463 ], [ 120.973739, 14.4071562 ], [ 120.9736908, 14.4070071 ], [ 120.9736328, 14.4068646 ], [ 120.9735566, 14.4067139 ], [ 120.9734241, 14.4066112 ], [ 120.9732949, 14.40654 ], [ 120.9732171, 14.4065019 ], [ 120.9730929, 14.4064671 ], [ 120.9729654, 14.4064522 ], [ 120.9728244, 14.4064401 ], [ 120.9725728, 14.4064191 ], [ 120.9724641, 14.4063977 ], [ 120.9723828, 14.4063694 ], [ 120.9722592, 14.4062741 ], [ 120.9721003, 14.4061239 ], [ 120.9719819, 14.406018 ], [ 120.9719148, 14.4059226 ], [ 120.9718442, 14.4058166 ], [ 120.9717435, 14.405753 ], [ 120.9716199, 14.4057177 ], [ 120.9713108, 14.4056435 ], [ 120.9707456, 14.4055252 ], [ 120.9704506, 14.405451 ], [ 120.9701363, 14.4053345 ], [ 120.9698078, 14.4051384 ], [ 120.9695043, 14.4049318 ], [ 120.9692337, 14.4047075 ], [ 120.9691027, 14.4045962 ], [ 120.9691561, 14.4039113 ], [ 120.9697924, 14.4036919 ], [ 120.9702673, 14.4036159 ], [ 120.9708894, 14.4035164 ], [ 120.9714847, 14.4028803 ], [ 120.9715193, 14.4023949 ], [ 120.97171, 14.4020525 ], [ 120.9718116, 14.4017781 ], [ 120.9718271, 14.4017362 ], [ 120.9719267, 14.401099 ], [ 120.9720741, 14.401099 ], [ 120.9725075, 14.4004663 ], [ 120.9727069, 14.3994261 ], [ 120.9728802, 14.3989234 ], [ 120.972683, 14.3987308 ], [ 120.9727911, 14.3985764 ], [ 120.9738024, 14.3986381 ], [ 120.9738797, 14.3985223 ], [ 120.9738411, 14.3984297 ], [ 120.9739877, 14.3983062 ], [ 120.9739074, 14.3981399 ], [ 120.9739853, 14.3981121 ], [ 120.974052, 14.3980592 ], [ 120.9742949, 14.3978034 ], [ 120.9744587, 14.3975496 ], [ 120.9739211, 14.3971269 ], [ 120.9739487, 14.3960654 ], [ 120.9739623, 14.3955424 ], [ 120.9740225, 14.3942815 ], [ 120.9734409, 14.3936484 ], [ 120.9730933, 14.393511 ], [ 120.9716277, 14.3929315 ], [ 120.971751, 14.3928519 ], [ 120.9718666, 14.3928262 ], [ 120.9719128, 14.392803 ], [ 120.9719154, 14.3927619 ], [ 120.9719411, 14.3927234 ], [ 120.9720053, 14.3927208 ], [ 120.9720413, 14.3927234 ], [ 120.9720593, 14.392708 ], [ 120.9720695, 14.3926617 ], [ 120.9720695, 14.3925975 ], [ 120.9721029, 14.3925538 ], [ 120.9721697, 14.3925204 ], [ 120.9722211, 14.3924999 ], [ 120.9722597, 14.3924588 ], [ 120.9722494, 14.3923971 ], [ 120.9722442, 14.3923046 ], [ 120.9722674, 14.3922455 ], [ 120.9723008, 14.3921916 ], [ 120.9723265, 14.3921222 ], [ 120.9723385, 14.392031 ], [ 120.9723393, 14.3920246 ], [ 120.9723753, 14.3918653 ], [ 120.9723444, 14.3916726 ], [ 120.9723033, 14.3914954 ], [ 120.9722083, 14.391259 ], [ 120.9721158, 14.3910895 ], [ 120.9720772, 14.3910406 ], [ 120.972067, 14.3909764 ], [ 120.9720772, 14.3908968 ], [ 120.9721338, 14.3907555 ], [ 120.9722441, 14.3905651 ], [ 120.9722853, 14.3904909 ], [ 120.9724112, 14.390347 ], [ 120.9726296, 14.3901389 ], [ 120.9726707, 14.3900567 ], [ 120.9726952, 14.3899885 ], [ 120.9726823, 14.3899154 ], [ 120.972678, 14.3898509 ], [ 120.9726952, 14.3897306 ], [ 120.9727941, 14.3895802 ], [ 120.9729273, 14.3893996 ], [ 120.9730562, 14.3892449 ], [ 120.9730434, 14.3891718 ], [ 120.9729617, 14.3890515 ], [ 120.9729144, 14.3890042 ], [ 120.9729316, 14.3888795 ], [ 120.9729359, 14.3887291 ], [ 120.9728929, 14.3886646 ], [ 120.9727812, 14.3886174 ], [ 120.9726952, 14.3885701 ], [ 120.9726479, 14.3884927 ], [ 120.9726737, 14.3883938 ], [ 120.9727812, 14.3882563 ], [ 120.9728886, 14.3880414 ], [ 120.9728757, 14.3878995 ], [ 120.9728241, 14.3877663 ], [ 120.9727382, 14.3876846 ], [ 120.9726654, 14.3875531 ], [ 120.9725933, 14.38727 ], [ 120.9727189, 14.3872367 ], [ 120.9736055, 14.3870064 ], [ 120.9742662, 14.3868823 ], [ 120.9745656, 14.386826 ], [ 120.9747577, 14.386774 ], [ 120.9761929, 14.3863859 ], [ 120.9776268, 14.3860457 ], [ 120.9778336, 14.3860161 ], [ 120.9784338, 14.385979 ], [ 120.9791607, 14.385859 ], [ 120.9793868, 14.3857801 ], [ 120.9795896, 14.3856593 ], [ 120.9797147, 14.3854609 ], [ 120.9797372, 14.3854084 ], [ 120.9803947, 14.3854086 ], [ 120.9834484, 14.3853566 ], [ 120.9869313, 14.3853686 ], [ 120.9890333, 14.385393 ], [ 120.9900478, 14.3854047 ], [ 120.9909091, 14.3854143 ], [ 120.99116, 14.3854206 ], [ 120.9913854, 14.3854313 ], [ 120.9916405, 14.3854249 ], [ 120.9918702, 14.3854355 ], [ 120.9921189, 14.385444 ], [ 120.9924553, 14.385496 ], [ 120.9972716, 14.3855449 ], [ 120.997262, 14.3850133 ], [ 120.997266, 14.3849672 ], [ 120.9972746, 14.3848671 ], [ 121.0003355, 14.3848581 ], [ 121.0004835, 14.3849691 ], [ 121.0005666, 14.3850669 ], [ 121.0006595, 14.3851744 ], [ 121.0007181, 14.3852526 ], [ 121.0007817, 14.3853112 ], [ 121.0008354, 14.3854041 ], [ 121.0007621, 14.3854383 ], [ 121.0007817, 14.3855263 ], [ 121.0008403, 14.3856045 ], [ 121.0008256, 14.3857755 ], [ 121.000982, 14.3858098 ], [ 121.0010602, 14.3858537 ], [ 121.0011335, 14.3859515 ], [ 121.0012069, 14.3859759 ], [ 121.001285, 14.3860639 ], [ 121.0013681, 14.3861128 ], [ 121.0014561, 14.3861079 ], [ 121.0015539, 14.3861274 ], [ 121.0016516, 14.3861861 ], [ 121.0016614, 14.3863131 ], [ 121.001632, 14.3864304 ], [ 121.00172, 14.386621 ], [ 121.0017787, 14.3867286 ], [ 121.0017933, 14.3868312 ], [ 121.0017933, 14.3869876 ], [ 121.0017933, 14.3871147 ], [ 121.0018569, 14.3872564 ], [ 121.0019057, 14.3873346 ], [ 121.0020035, 14.3874421 ], [ 121.0021012, 14.3875447 ], [ 121.002199, 14.3876425 ], [ 121.0022283, 14.3877451 ], [ 121.0022381, 14.387838 ], [ 121.0023065, 14.3878917 ], [ 121.0023945, 14.3879211 ], [ 121.0024433, 14.3879797 ], [ 121.0024776, 14.3880775 ], [ 121.0025118, 14.3881996 ], [ 121.0025606, 14.3883414 ], [ 121.0026089, 14.3885449 ], [ 121.0024116, 14.3887993 ], [ 121.0022649, 14.3890161 ], [ 121.0020904, 14.3893031 ], [ 121.0020129, 14.3894709 ], [ 121.0019763, 14.389595 ], [ 121.0019684, 14.3897061 ], [ 121.0019621, 14.3898116 ], [ 121.0019608, 14.3899107 ], [ 121.001971, 14.3900531 ], [ 121.00199, 14.3901776 ], [ 121.0020365, 14.390359 ], [ 121.0021255, 14.3907068 ], [ 121.0021552, 14.3908123 ], [ 121.0021733, 14.3909161 ], [ 121.0021618, 14.3910628 ], [ 121.0021453, 14.3911452 ], [ 121.0020843, 14.3912425 ], [ 121.0020118, 14.3913282 ], [ 121.0018815, 14.3915293 ], [ 121.0018519, 14.3915821 ], [ 121.0018288, 14.3916348 ], [ 121.0018156, 14.3917387 ], [ 121.0018041, 14.3918425 ], [ 121.0017876, 14.3919661 ], [ 121.0017629, 14.3920733 ], [ 121.001748, 14.3921738 ], [ 121.0017381, 14.3922612 ], [ 121.0017282, 14.3923815 ], [ 121.0017001, 14.3924853 ], [ 121.0016405, 14.3925739 ], [ 121.0015656, 14.3926233 ], [ 121.001477, 14.3926489 ], [ 121.0013458, 14.3926778 ], [ 121.00123, 14.3927238 ], [ 121.0010903, 14.392838 ], [ 121.0009966, 14.3929896 ], [ 121.0009608, 14.3931582 ], [ 121.0009267, 14.3933303 ], [ 121.0009267, 14.3934478 ], [ 121.000954, 14.3935926 ], [ 121.0009932, 14.3937 ], [ 121.0010358, 14.3938124 ], [ 121.0010818, 14.3938771 ], [ 121.0012322, 14.3940208 ], [ 121.0011849, 14.3940745 ], [ 121.0010321, 14.3941682 ], [ 121.0009921, 14.3942125 ], [ 121.0009574, 14.3942715 ], [ 121.0008794, 14.3944315 ], [ 121.0008426, 14.3945084 ], [ 121.0007857, 14.3945864 ], [ 121.0007517, 14.3946757 ], [ 121.0007387, 14.3947405 ], [ 121.0007258, 14.394769 ], [ 121.0007122, 14.3947994 ], [ 121.0006973, 14.3948163 ], [ 121.0006765, 14.3948286 ], [ 121.0006494, 14.3948337 ], [ 121.0003985, 14.3948646 ], [ 121.0003612, 14.3948765 ], [ 121.0003048, 14.3948909 ], [ 121.000231, 14.3949036 ], [ 121.0001794, 14.3948962 ], [ 121.0001405, 14.394872 ], [ 121.0000994, 14.3948414 ], [ 121.0000847, 14.3948161 ], [ 121.0000657, 14.3947835 ], [ 121.0000446, 14.3947561 ], [ 121.0000288, 14.3947466 ], [ 121.0000025, 14.3947424 ], [ 120.9999562, 14.3947466 ], [ 120.999912, 14.3947561 ], [ 120.9998551, 14.3947772 ], [ 120.9998309, 14.3947951 ], [ 120.9998109, 14.3948288 ], [ 120.9998024, 14.3948667 ], [ 120.9998056, 14.3949067 ], [ 120.999794, 14.3949415 ], [ 120.9997571, 14.3949752 ], [ 120.9997256, 14.3949983 ], [ 120.9996634, 14.3950162 ], [ 120.9996013, 14.3950341 ], [ 120.9994803, 14.3950839 ], [ 120.9993728, 14.3951289 ], [ 120.9992451, 14.3951857 ], [ 120.9991931, 14.3952083 ], [ 120.9991674, 14.3952311 ], [ 120.999141, 14.3952671 ], [ 120.9991094, 14.3953643 ], [ 120.9991071, 14.3954367 ], [ 120.9991433, 14.3955588 ], [ 120.9991478, 14.3956425 ], [ 120.999141, 14.3957375 ], [ 120.9991546, 14.3958415 ], [ 120.9991523, 14.3958958 ], [ 120.9991207, 14.3959772 ], [ 120.9990959, 14.396023 ], [ 120.9990777, 14.3960564 ], [ 120.9984524, 14.3957509 ], [ 120.9982394, 14.3956683 ], [ 120.9980333, 14.3955279 ], [ 120.9979281, 14.3953569 ], [ 120.9978711, 14.3952253 ], [ 120.9978404, 14.3951289 ], [ 120.9978316, 14.3949885 ], [ 120.9978842, 14.3947386 ], [ 120.9979018, 14.3944886 ], [ 120.9978404, 14.3941948 ], [ 120.9977834, 14.3939405 ], [ 120.997643, 14.3935458 ], [ 120.9974676, 14.393366 ], [ 120.997187, 14.3932432 ], [ 120.996994, 14.3931774 ], [ 120.9967616, 14.3931248 ], [ 120.9964634, 14.3930722 ], [ 120.9961433, 14.3930152 ], [ 120.9959635, 14.3929757 ], [ 120.99581, 14.392888 ], [ 120.9955218, 14.393011 ], [ 120.9954459, 14.3930471 ], [ 120.995341, 14.3930688 ], [ 120.9952072, 14.3931122 ], [ 120.9950842, 14.3931086 ], [ 120.9949938, 14.3931231 ], [ 120.9949287, 14.3932135 ], [ 120.9948238, 14.3932207 ], [ 120.9946755, 14.3932207 ], [ 120.9944839, 14.3931918 ], [ 120.9942054, 14.3931593 ], [ 120.9939992, 14.3931122 ], [ 120.9938256, 14.3931556 ], [ 120.993417, 14.3934775 ], [ 120.9933121, 14.3936113 ], [ 120.9932325, 14.3936547 ], [ 120.9930842, 14.3937126 ], [ 120.9930701, 14.3937241 ], [ 120.9930083, 14.3937741 ], [ 120.9928889, 14.3938573 ], [ 120.9927262, 14.3939405 ], [ 120.9926575, 14.3939513 ], [ 120.9925417, 14.3939405 ], [ 120.9922741, 14.3939224 ], [ 120.9921765, 14.3940056 ], [ 120.9919884, 14.3940056 ], [ 120.9918727, 14.3940345 ], [ 120.9917714, 14.3940924 ], [ 120.9916882, 14.3940526 ], [ 120.9915544, 14.394143 ], [ 120.9913916, 14.3942262 ], [ 120.991247, 14.3942877 ], [ 120.9911414, 14.3943261 ], [ 120.9911271, 14.3946385 ], [ 120.9885939, 14.3945973 ], [ 120.9876242, 14.3945826 ], [ 120.9862098, 14.3945612 ], [ 120.986053, 14.39508 ], [ 120.9859866, 14.3955294 ], [ 120.9859384, 14.3957737 ], [ 120.9858901, 14.3959667 ], [ 120.9857815, 14.3961597 ], [ 120.9855372, 14.3965548 ], [ 120.9853834, 14.3968263 ], [ 120.9852628, 14.3971068 ], [ 120.9851874, 14.397517 ], [ 120.9850908, 14.3977432 ], [ 120.9849642, 14.3978578 ], [ 120.9847259, 14.3980237 ], [ 120.984566, 14.398084 ], [ 120.9844002, 14.3981745 ], [ 120.9843718, 14.3982073 ], [ 120.9842644, 14.3983313 ], [ 120.9842132, 14.3984339 ], [ 120.9841826, 14.398534 ], [ 120.9842034, 14.398898 ], [ 120.9842095, 14.3990049 ], [ 120.9842163, 14.3996305 ], [ 120.9841624, 14.3998458 ], [ 120.9840481, 14.4000476 ], [ 120.9840001, 14.4002242 ], [ 120.9838374, 14.400327 ], [ 120.9837109, 14.4003767 ], [ 120.9836296, 14.4004061 ], [ 120.9835754, 14.4004027 ], [ 120.9835359, 14.4003925 ], [ 120.9835178, 14.4003745 ], [ 120.9834568, 14.4003236 ], [ 120.9834139, 14.4002751 ], [ 120.983397, 14.400266 ], [ 120.9833597, 14.4002796 ], [ 120.9833269, 14.4003135 ], [ 120.9833213, 14.400344 ], [ 120.9833303, 14.4003812 ], [ 120.9833439, 14.4004772 ], [ 120.983354, 14.4006297 ], [ 120.9833436, 14.4007381 ], [ 120.9833371, 14.4007585 ], [ 120.9832857, 14.4008916 ], [ 120.9832239, 14.401076 ], [ 120.9832085, 14.4011039 ], [ 120.9831649, 14.4011526 ], [ 120.9831297, 14.4011845 ], [ 120.9831288, 14.4012077 ], [ 120.9831351, 14.401226 ], [ 120.983154, 14.4012432 ], [ 120.9831783, 14.401255 ], [ 120.9832061, 14.4012598 ], [ 120.9832304, 14.4012583 ], [ 120.9832874, 14.4012449 ], [ 120.9833344, 14.4012415 ], [ 120.9833625, 14.4012478 ], [ 120.9833779, 14.4012644 ], [ 120.9833949, 14.4012885 ], [ 120.983402, 14.4013131 ], [ 120.9833997, 14.401332 ], [ 120.9833923, 14.4013663 ], [ 120.9833764, 14.4013909 ], [ 120.9833126, 14.4014312 ], [ 120.983222, 14.4014967 ], [ 120.9831612, 14.4015734 ], [ 120.9831078, 14.4016108 ], [ 120.982987, 14.4016545 ], [ 120.9829198, 14.4016746 ], [ 120.9828728, 14.4017132 ], [ 120.9828376, 14.4017736 ], [ 120.9828103, 14.4018282 ], [ 120.9827765, 14.4018547 ], [ 120.9827175, 14.4018749 ], [ 120.9826583, 14.4018863 ], [ 120.9826246, 14.4018801 ], [ 120.98258, 14.401855 ], [ 120.9824728, 14.4018125 ], [ 120.9824396, 14.4018087 ], [ 120.9824118, 14.4018097 ], [ 120.9823722, 14.401817 ], [ 120.9822492, 14.4018863 ], [ 120.9821375, 14.4019667 ], [ 120.9820521, 14.4020044 ], [ 120.9819811, 14.4020242 ], [ 120.9819341, 14.4020472 ], [ 120.981904, 14.4020627 ], [ 120.9818952, 14.4020666 ], [ 120.9818882, 14.4020745 ], [ 120.9818867, 14.4020887 ], [ 120.9818889, 14.402101 ], [ 120.9818952, 14.4021105 ], [ 120.981905, 14.402118 ], [ 120.9819702, 14.4021496 ], [ 120.9820077, 14.4021664 ], [ 120.9820275, 14.4021753 ], [ 120.9820383, 14.4021892 ], [ 120.9820433, 14.4022028 ], [ 120.9820412, 14.4022187 ], [ 120.9820347, 14.4022305 ], [ 120.9819998, 14.4023145 ], [ 120.9819251, 14.4025278 ], [ 120.9819251, 14.4026976 ], [ 120.9819073, 14.4028295 ], [ 120.9818282, 14.4029499 ], [ 120.981766, 14.4030517 ], [ 120.981749, 14.4031158 ], [ 120.9817396, 14.4032214 ], [ 120.9817321, 14.4033421 ], [ 120.9817038, 14.4034156 ], [ 120.981668, 14.4034797 ], [ 120.9816171, 14.4035382 ], [ 120.9815416, 14.4035928 ], [ 120.981438, 14.40364 ], [ 120.9813927, 14.4036777 ], [ 120.9813644, 14.4037474 ], [ 120.9813607, 14.4038021 ], [ 120.9813588, 14.4038719 ], [ 120.9813757, 14.4039774 ], [ 120.9814078, 14.4041245 ], [ 120.9814587, 14.4042357 ], [ 120.9815077, 14.4042904 ], [ 120.9815756, 14.4043338 ], [ 120.9816567, 14.4043658 ], [ 120.981749, 14.4043715 ], [ 120.9818999, 14.4043734 ], [ 120.9820085, 14.4043345 ], [ 120.9820031, 14.4045223 ], [ 120.9819655, 14.4046565 ], [ 120.9819438, 14.40469 ], [ 120.9818796, 14.4047853 ], [ 120.9814342, 14.4052845 ], [ 120.9813268, 14.4054831 ], [ 120.981264, 14.405634 ], [ 120.9811479, 14.4054773 ], [ 120.980968, 14.4053032 ], [ 120.9808462, 14.405106 ], [ 120.9807417, 14.4049087 ], [ 120.98072, 14.4047774 ], [ 120.9806958, 14.4046913 ], [ 120.9806285, 14.4046133 ], [ 120.9805503, 14.4045605 ], [ 120.9803994, 14.4044967 ], [ 120.9802601, 14.4044155 ], [ 120.9801542, 14.4045681 ], [ 120.9800941, 14.4046374 ], [ 120.9800203, 14.4046812 ], [ 120.9796092, 14.4048429 ], [ 120.9794198, 14.4049052 ], [ 120.9794086, 14.4050188 ], [ 120.9793652, 14.4050911 ], [ 120.9792611, 14.4052415 ], [ 120.9788555, 14.4058205 ], [ 120.9787636, 14.4059559 ], [ 120.9783529, 14.4064794 ], [ 120.9782921, 14.4065315 ], [ 120.9782463, 14.4065595 ], [ 120.9781744, 14.4065739 ], [ 120.9776119, 14.4066313 ], [ 120.9776129, 14.4066923 ], [ 120.9765224, 14.4067411 ], [ 120.9752202, 14.4068062 ], [ 120.9749191, 14.4068225 ], [ 120.9747075, 14.4068876 ], [ 120.9741106, 14.4070463 ] ] ] } },
{ "type": "Feature", "properties": { "adm4_name": "Molino IV", "adm4_ref_name": "Molino IV", "adm4_pcode": "PH0402103047", "adm3_name": "Bacoor City", "adm3_pcode": "PH0402103", "adm2_name": "Cavite", "adm2_pcode": "PH04021", "adm1_name": "Region IV-A (Calabarzon)", "adm1_pcode": "PH04", "adm0_name": "Philippines", "adm0_pcode": "PH", "valid_on": "2025-02-13", "valid_to": null, "area_sqkm": 11.20197831, "version": "v03", "lang": "en", "center_lat": 14.37072807, "center_lon": 120.99139262 }, "bbox": [ 120.9690678, 14.3539431, 121.0116283, 14.3875927 ], "geometry": { "type": "Polygon", "coordinates": [ [ [ 120.9721254, 14.3873968 ], [ 120.9714062, 14.3875927 ], [ 120.9713528, 14.387371 ], [ 120.9713002, 14.3871434 ], [ 120.9707083, 14.3872221 ], [ 120.9702505, 14.3872832 ], [ 120.9697957, 14.3872708 ], [ 120.9692555, 14.3873821 ], [ 120.9692549, 14.3873798 ], [ 120.9691328, 14.3868731 ], [ 120.9690858, 14.386837 ], [ 120.969075, 14.3867684 ], [ 120.9690678, 14.386671 ], [ 120.9691039, 14.3865807 ], [ 120.9691255, 14.3865158 ], [ 120.9691364, 14.3864183 ], [ 120.969158, 14.3863389 ], [ 120.9692158, 14.3862595 ], [ 120.969288, 14.3861765 ], [ 120.969288, 14.3860285 ], [ 120.9692699, 14.3859238 ], [ 120.9692916, 14.3858661 ], [ 120.9693457, 14.3858336 ], [ 120.9694035, 14.3858372 ], [ 120.9694648, 14.3857939 ], [ 120.9695515, 14.3856675 ], [ 120.9695479, 14.3855376 ], [ 120.969519, 14.3854365 ], [ 120.9694829, 14.385321 ], [ 120.9694793, 14.3852597 ], [ 120.9695695, 14.3852885 ], [ 120.9696597, 14.3854149 ], [ 120.9697572, 14.3854907 ], [ 120.9698438, 14.3855376 ], [ 120.9699232, 14.3855701 ], [ 120.9699918, 14.3855845 ], [ 120.9700424, 14.385534 ], [ 120.9700929, 14.385451 ], [ 120.9701615, 14.3853138 ], [ 120.9701759, 14.3852236 ], [ 120.9701434, 14.3851117 ], [ 120.9701001, 14.3850322 ], [ 120.9700676, 14.3849601 ], [ 120.970046, 14.3848373 ], [ 120.970014, 14.3847777 ], [ 120.9699918, 14.3847363 ], [ 120.9699269, 14.3846063 ], [ 120.9699485, 14.3845269 ], [ 120.9699846, 14.3844439 ], [ 120.9699954, 14.3843573 ], [ 120.9699557, 14.3842598 ], [ 120.9699232, 14.3841948 ], [ 120.9699341, 14.3841118 ], [ 120.9700063, 14.3840252 ], [ 120.9700424, 14.3839494 ], [ 120.9700279, 14.3838339 ], [ 120.9699954, 14.3837436 ], [ 120.9699702, 14.3836715 ], [ 120.9699449, 14.3836065 ], [ 120.9698944, 14.3835235 ], [ 120.9698871, 14.3834621 ], [ 120.9699413, 14.3833755 ], [ 120.9699593, 14.3832925 ], [ 120.9700135, 14.3832636 ], [ 120.9700315, 14.3832022 ], [ 120.9700063, 14.3831481 ], [ 120.9699918, 14.3830867 ], [ 120.9699918, 14.3830181 ], [ 120.9700099, 14.3829387 ], [ 120.9704683, 14.3825345 ], [ 120.9705441, 14.3824514 ], [ 120.9706704, 14.3823648 ], [ 120.9707137, 14.3823034 ], [ 120.9706957, 14.3822349 ], [ 120.9708834, 14.381614 ], [ 120.9709592, 14.3815996 ], [ 120.9710097, 14.3815166 ], [ 120.9709772, 14.3814552 ], [ 120.9709159, 14.3814516 ], [ 120.970887, 14.3813866 ], [ 120.970905, 14.381318 ], [ 120.9709664, 14.3812856 ], [ 120.9710205, 14.3812711 ], [ 120.9710927, 14.3812278 ], [ 120.9712913, 14.380921 ], [ 120.9712732, 14.3808488 ], [ 120.9713021, 14.3807983 ], [ 120.9713851, 14.3807911 ], [ 120.9714429, 14.3808488 ], [ 120.9715548, 14.3808705 ], [ 120.9715836, 14.3808163 ], [ 120.9716342, 14.3807658 ], [ 120.9717208, 14.3807333 ], [ 120.9718038, 14.3807369 ], [ 120.9719085, 14.3807152 ], [ 120.971941, 14.3806719 ], [ 120.9720059, 14.3806431 ], [ 120.9721178, 14.3806755 ], [ 120.9721828, 14.3807369 ], [ 120.9722442, 14.3807586 ], [ 120.9722839, 14.3807044 ], [ 120.9723272, 14.3806322 ], [ 120.9724138, 14.3805853 ], [ 120.9724896, 14.3805636 ], [ 120.9725293, 14.3805023 ], [ 120.9725293, 14.3804229 ], [ 120.9725474, 14.3803399 ], [ 120.9725835, 14.3802893 ], [ 120.9726881, 14.3802027 ], [ 120.9727856, 14.380181 ], [ 120.9728939, 14.380098 ], [ 120.97293, 14.380015 ], [ 120.9729841, 14.3799572 ], [ 120.9730491, 14.3799572 ], [ 120.9731069, 14.3799428 ], [ 120.9731971, 14.3799067 ], [ 120.9732476, 14.3799464 ], [ 120.973309, 14.37995 ], [ 120.9733595, 14.3798959 ], [ 120.9734064, 14.3797948 ], [ 120.9733631, 14.3797082 ], [ 120.9733451, 14.3796432 ], [ 120.9735472, 14.3780189 ], [ 120.9736194, 14.3778709 ], [ 120.9736735, 14.3778132 ], [ 120.9737457, 14.3777446 ], [ 120.9738215, 14.3776905 ], [ 120.973937, 14.3775858 ], [ 120.9740381, 14.3774883 ], [ 120.9740814, 14.377427 ], [ 120.9741175, 14.3773223 ], [ 120.9741211, 14.3772429 ], [ 120.9741067, 14.3771346 ], [ 120.9740562, 14.3770155 ], [ 120.9739804, 14.3769072 ], [ 120.9739009, 14.3768133 ], [ 120.9738432, 14.3767592 ], [ 120.9738215, 14.3766942 ], [ 120.9737999, 14.3766293 ], [ 120.973771, 14.376521 ], [ 120.9737746, 14.3764668 ], [ 120.9738288, 14.3763982 ], [ 120.9739587, 14.3762466 ], [ 120.9740598, 14.3760662 ], [ 120.9740778, 14.3759218 ], [ 120.9740778, 14.3756872 ], [ 120.9740381, 14.375106 ], [ 120.9740598, 14.3749472 ], [ 120.9740201, 14.3749003 ], [ 120.9740165, 14.3748353 ], [ 120.9740562, 14.3747667 ], [ 120.9740886, 14.3746873 ], [ 120.9740995, 14.3745935 ], [ 120.9740562, 14.3745213 ], [ 120.9740706, 14.3744563 ], [ 120.9741247, 14.3743986 ], [ 120.9741681, 14.3742614 ], [ 120.9741861, 14.3740304 ], [ 120.9741717, 14.3738391 ], [ 120.9741428, 14.3737128 ], [ 120.9741067, 14.3736189 ], [ 120.9740453, 14.3735756 ], [ 120.9739515, 14.3735395 ], [ 120.9738865, 14.373507 ], [ 120.9738649, 14.3734565 ], [ 120.9738504, 14.3733915 ], [ 120.9738143, 14.3733265 ], [ 120.9737313, 14.3733265 ], [ 120.9736663, 14.3733121 ], [ 120.973623, 14.3732688 ], [ 120.9737133, 14.3731425 ], [ 120.9737674, 14.3730919 ], [ 120.9738901, 14.3729909 ], [ 120.9739659, 14.3729475 ], [ 120.9740417, 14.3729042 ], [ 120.9741211, 14.3728573 ], [ 120.9741933, 14.3728573 ], [ 120.9742475, 14.3728501 ], [ 120.974316, 14.3728465 ], [ 120.9743882, 14.3727779 ], [ 120.9744893, 14.3726588 ], [ 120.9745615, 14.372601 ], [ 120.9746156, 14.3726046 ], [ 120.9747023, 14.372518 ], [ 120.9748322, 14.3724603 ], [ 120.9749441, 14.3724205 ], [ 120.9749779, 14.3711007 ], [ 120.9749537, 14.3706807 ], [ 120.9749788, 14.3702552 ], [ 120.9749788, 14.369864 ], [ 120.9749788, 14.3696059 ], [ 120.9750632, 14.3690673 ], [ 120.9751354, 14.3690709 ], [ 120.975287, 14.3690168 ], [ 120.975352, 14.3690601 ], [ 120.9754278, 14.3690709 ], [ 120.9755144, 14.3690889 ], [ 120.9756155, 14.3690889 ], [ 120.9756732, 14.3690456 ], [ 120.9757021, 14.3689771 ], [ 120.9757671, 14.3688652 ], [ 120.975796, 14.3687677 ], [ 120.9758104, 14.3686775 ], [ 120.9757707, 14.3686017 ], [ 120.9757671, 14.3685475 ], [ 120.9757815, 14.3684898 ], [ 120.9758248, 14.3684212 ], [ 120.9759223, 14.3682804 ], [ 120.9759764, 14.3681433 ], [ 120.9759945, 14.3680458 ], [ 120.9759836, 14.3679375 ], [ 120.9759692, 14.3678148 ], [ 120.975962, 14.3677354 ], [ 120.9758934, 14.3677101 ], [ 120.9758429, 14.3676848 ], [ 120.9758104, 14.3676379 ], [ 120.9757635, 14.3675874 ], [ 120.9757202, 14.3675296 ], [ 120.9757454, 14.3674574 ], [ 120.975814, 14.3674647 ], [ 120.9757923, 14.3673636 ], [ 120.9758032, 14.3673058 ], [ 120.9757671, 14.3672156 ], [ 120.9757382, 14.3671687 ], [ 120.9754639, 14.3667283 ], [ 120.9816151, 14.365694 ], [ 120.9816218, 14.3648743 ], [ 120.98161, 14.3644354 ], [ 120.9816085, 14.364038 ], [ 120.9816218, 14.363454 ], [ 120.9816213, 14.3631291 ], [ 120.981621, 14.3629364 ], [ 120.9816251, 14.3626276 ], [ 120.9816088, 14.3622448 ], [ 120.9816247, 14.3617925 ], [ 120.98168, 14.3602147 ], [ 120.98168, 14.3597161 ], [ 120.98168, 14.3592649 ], [ 120.9816726, 14.3586503 ], [ 120.9832276, 14.3586121 ], [ 120.9836222, 14.3575351 ], [ 120.9925848, 14.3565069 ], [ 120.9964788, 14.3558113 ], [ 120.9981791, 14.355517 ], [ 121.006891, 14.3539431 ], [ 121.0071446, 14.3543184 ], [ 121.00729, 14.3546599 ], [ 121.0075097, 14.3550182 ], [ 121.0075909, 14.3551704 ], [ 121.0075942, 14.3553665 ], [ 121.0076111, 14.3555727 ], [ 121.0076449, 14.3558431 ], [ 121.0075942, 14.3559851 ], [ 121.0074455, 14.3561846 ], [ 121.0073272, 14.3563232 ], [ 121.0073238, 14.3564145 ], [ 121.0073339, 14.35657 ], [ 121.0073474, 14.3567289 ], [ 121.007317, 14.356827 ], [ 121.0072731, 14.3569385 ], [ 121.007246, 14.3570332 ], [ 121.0072697, 14.3571245 ], [ 121.0073373, 14.3573375 ], [ 121.0073508, 14.3575369 ], [ 121.0073677, 14.3576992 ], [ 121.0074508, 14.3578225 ], [ 121.007472, 14.3579049 ], [ 121.0075122, 14.3580823 ], [ 121.0075591, 14.3582397 ], [ 121.007626, 14.3584639 ], [ 121.0076377, 14.3585442 ], [ 121.0076494, 14.3586363 ], [ 121.0076327, 14.3587049 ], [ 121.0075808, 14.3587718 ], [ 121.0074972, 14.3588484 ], [ 121.0074399, 14.3589027 ], [ 121.0074151, 14.3589727 ], [ 121.0074188, 14.3590595 ], [ 121.007449, 14.3592374 ], [ 121.0075153, 14.3594575 ], [ 121.0075153, 14.3596203 ], [ 121.0074821, 14.3597801 ], [ 121.0074128, 14.359958 ], [ 121.007265, 14.3601871 ], [ 121.0071082, 14.3604706 ], [ 121.0069945, 14.3606496 ], [ 121.0068354, 14.3607869 ], [ 121.0068029, 14.3609026 ], [ 121.0067559, 14.3610833 ], [ 121.0067378, 14.3612098 ], [ 121.0067559, 14.3613724 ], [ 121.0068643, 14.3617049 ], [ 121.0069186, 14.3619074 ], [ 121.0069439, 14.362023 ], [ 121.0069475, 14.3621676 ], [ 121.0068933, 14.3623266 ], [ 121.0068643, 14.3625832 ], [ 121.0067559, 14.3630748 ], [ 121.0067631, 14.3631579 ], [ 121.0067306, 14.363223 ], [ 121.0065969, 14.3635049 ], [ 121.0065969, 14.3635844 ], [ 121.006615, 14.3636965 ], [ 121.0066656, 14.3638049 ], [ 121.00668, 14.3638952 ], [ 121.0066872, 14.3640109 ], [ 121.0066728, 14.364141 ], [ 121.0066547, 14.3643073 ], [ 121.0067234, 14.3644482 ], [ 121.0067957, 14.3645675 ], [ 121.0068427, 14.3647952 ], [ 121.0068897, 14.3650663 ], [ 121.0068897, 14.3652723 ], [ 121.0068933, 14.3653988 ], [ 121.0069294, 14.3654928 ], [ 121.0070125, 14.3656301 ], [ 121.0070523, 14.3657458 ], [ 121.0070574, 14.3663942 ], [ 121.0070668, 14.3664289 ], [ 121.0070317, 14.3672432 ], [ 121.0070489, 14.3674061 ], [ 121.0070403, 14.3675176 ], [ 121.0069288, 14.3678306 ], [ 121.0069074, 14.3679549 ], [ 121.0069374, 14.3680664 ], [ 121.0069245, 14.3682808 ], [ 121.0069417, 14.368388 ], [ 121.0069974, 14.3684694 ], [ 121.0071175, 14.3686495 ], [ 121.007143, 14.3688027 ], [ 121.0071646, 14.3688853 ], [ 121.0072335, 14.3692476 ], [ 121.0072335, 14.3693454 ], [ 121.0071944, 14.3694799 ], [ 121.007143, 14.3696828 ], [ 121.0071357, 14.3698246 ], [ 121.0071479, 14.3699175 ], [ 121.0071822, 14.3700739 ], [ 121.0072923, 14.3703149 ], [ 121.0074051, 14.3704888 ], [ 121.0075635, 14.3706019 ], [ 121.0077575, 14.3706674 ], [ 121.0078844, 14.3707754 ], [ 121.0087303, 14.3714474 ], [ 121.0092782, 14.3721182 ], [ 121.0093776, 14.3722245 ], [ 121.0094396, 14.3722988 ], [ 121.009467, 14.3723175 ], [ 121.0094908, 14.3723255 ], [ 121.0095283, 14.3723226 ], [ 121.0095658, 14.3723197 ], [ 121.0096783, 14.3722944 ], [ 121.0096992, 14.3723031 ], [ 121.00971, 14.3723168 ], [ 121.0097251, 14.3723399 ], [ 121.0097468, 14.3723738 ], [ 121.0097571, 14.3724066 ], [ 121.0097691, 14.3724899 ], [ 121.0097756, 14.3725201 ], [ 121.0097944, 14.3725418 ], [ 121.0098153, 14.372554 ], [ 121.009842, 14.3725641 ], [ 121.0098867, 14.3725749 ], [ 121.0100035, 14.3726111 ], [ 121.0100244, 14.3726334 ], [ 121.0100389, 14.372653 ], [ 121.0100711, 14.3727222 ], [ 121.0101371, 14.372814 ], [ 121.0101997, 14.3729711 ], [ 121.0102933, 14.3732891 ], [ 121.0103433, 14.3734356 ], [ 121.0103561, 14.373529 ], [ 121.0103577, 14.3736353 ], [ 121.0103416, 14.3737497 ], [ 121.0103468, 14.3738338 ], [ 121.010435, 14.3741573 ], [ 121.0104656, 14.3742215 ], [ 121.0105784, 14.3743101 ], [ 121.0106235, 14.3743842 ], [ 121.0106428, 14.3744502 ], [ 121.0106818, 14.3746887 ], [ 121.0107845, 14.3748528 ], [ 121.0108022, 14.3749124 ], [ 121.0108022, 14.3749768 ], [ 121.0107732, 14.3751185 ], [ 121.0107488, 14.3752848 ], [ 121.0106884, 14.3758693 ], [ 121.0106713, 14.3761461 ], [ 121.0106474, 14.3762657 ], [ 121.0106645, 14.3763682 ], [ 121.0107294, 14.3766587 ], [ 121.0107055, 14.3768433 ], [ 121.0107294, 14.3770347 ], [ 121.0107908, 14.3772779 ], [ 121.0108183, 14.3773867 ], [ 121.01089, 14.3776499 ], [ 121.0109516, 14.3779301 ], [ 121.0110268, 14.3781898 ], [ 121.0110712, 14.378306 ], [ 121.0111019, 14.378641 ], [ 121.0111019, 14.3787743 ], [ 121.0111395, 14.3788836 ], [ 121.0111532, 14.3789691 ], [ 121.0112079, 14.3790272 ], [ 121.0112728, 14.3791024 ], [ 121.0113754, 14.3792083 ], [ 121.0114369, 14.3793143 ], [ 121.0114369, 14.3793826 ], [ 121.011471, 14.3796116 ], [ 121.011577, 14.3798098 ], [ 121.0116078, 14.3799636 ], [ 121.0116283, 14.3801277 ], [ 121.0116112, 14.3802609 ], [ 121.0115497, 14.3803566 ], [ 121.0114608, 14.3804011 ], [ 121.0111566, 14.380466 ], [ 121.0109892, 14.3804865 ], [ 121.0108935, 14.3804831 ], [ 121.0107841, 14.3804626 ], [ 121.0106645, 14.3804592 ], [ 121.0105825, 14.3804728 ], [ 121.0105004, 14.3805036 ], [ 121.0104013, 14.3805685 ], [ 121.0102954, 14.3806164 ], [ 121.010063, 14.3806813 ], [ 121.0099536, 14.3807155 ], [ 121.0098545, 14.3807223 ], [ 121.0097759, 14.3807292 ], [ 121.009687, 14.3807668 ], [ 121.0096084, 14.3808522 ], [ 121.0095332, 14.3809752 ], [ 121.0094786, 14.381088 ], [ 121.0093999, 14.3811735 ], [ 121.0092735, 14.3812486 ], [ 121.0091436, 14.3813307 ], [ 121.0091265, 14.3813717 ], [ 121.0091231, 14.3814537 ], [ 121.0091334, 14.3815631 ], [ 121.0091368, 14.3816759 ], [ 121.0091094, 14.3817647 ], [ 121.009106, 14.3818467 ], [ 121.0091539, 14.3819288 ], [ 121.009171, 14.3820484 ], [ 121.0091607, 14.3821646 ], [ 121.0091026, 14.382332 ], [ 121.0090479, 14.3824414 ], [ 121.0089557, 14.3827353 ], [ 121.0088587, 14.3829036 ], [ 121.0088258, 14.3829335 ], [ 121.0087491, 14.3829712 ], [ 121.0086162, 14.3830272 ], [ 121.0085177, 14.3830513 ], [ 121.0084182, 14.3830683 ], [ 121.008327, 14.3830785 ], [ 121.0082268, 14.3830925 ], [ 121.0081912, 14.3831191 ], [ 121.0081674, 14.3831711 ], [ 121.0081607, 14.3832118 ], [ 121.0081639, 14.3832566 ], [ 121.0081778, 14.383279 ], [ 121.0082077, 14.3832989 ], [ 121.0082238, 14.3833246 ], [ 121.0082268, 14.3833677 ], [ 121.0082081, 14.383405 ], [ 121.0081824, 14.3834236 ], [ 121.0081458, 14.3834356 ], [ 121.0081032, 14.3834586 ], [ 121.0080251, 14.383511 ], [ 121.0079092, 14.3836076 ], [ 121.0075543, 14.3828265 ], [ 121.0074639, 14.3825253 ], [ 121.0072643, 14.3825626 ], [ 121.0069301, 14.3825737 ], [ 121.0050823, 14.3825717 ], [ 121.0050726, 14.3825708 ], [ 121.004789, 14.3825496 ], [ 121.0042669, 14.3824989 ], [ 121.003081, 14.3824211 ], [ 121.0027083, 14.3824961 ], [ 121.0026947, 14.3825274 ], [ 121.0026597, 14.382572 ], [ 121.0026134, 14.3826044 ], [ 121.0025338, 14.3826481 ], [ 121.00242, 14.3826814 ], [ 121.0023501, 14.3827163 ], [ 121.0023098, 14.3827636 ], [ 121.002288, 14.3828117 ], [ 121.0022678, 14.3828712 ], [ 121.0022617, 14.3829359 ], [ 121.0022495, 14.3829735 ], [ 121.0022184, 14.3830289 ], [ 121.0021629, 14.3830636 ], [ 121.0020745, 14.3830844 ], [ 121.002, 14.383119 ], [ 121.0019306, 14.3831711 ], [ 121.0018769, 14.3832612 ], [ 121.0018318, 14.3833635 ], [ 121.0017954, 14.3835057 ], [ 121.0017434, 14.3836894 ], [ 121.0017191, 14.3838073 ], [ 121.0017191, 14.3838871 ], [ 121.0016311, 14.3848554 ], [ 121.0003355, 14.3848581 ], [ 120.9972746, 14.3848671 ], [ 120.997266, 14.3849672 ], [ 120.997262, 14.3850133 ], [ 120.9972716, 14.3855449 ], [ 120.9924553, 14.385496 ], [ 120.9921189, 14.385444 ], [ 120.9918702, 14.3854355 ], [ 120.9916405, 14.3854249 ], [ 120.9913854, 14.3854313 ], [ 120.99116, 14.3854206 ], [ 120.9909091, 14.3854143 ], [ 120.9900478, 14.3854047 ], [ 120.9890333, 14.385393 ], [ 120.9869313, 14.3853686 ], [ 120.9834484, 14.3853566 ], [ 120.9803947, 14.3854086 ], [ 120.9797372, 14.3854084 ], [ 120.9797147, 14.3854609 ], [ 120.9795896, 14.3856593 ], [ 120.9793868, 14.3857801 ], [ 120.9791607, 14.385859 ], [ 120.9784338, 14.385979 ], [ 120.9778336, 14.3860161 ], [ 120.9776268, 14.3860457 ], [ 120.9761929, 14.3863859 ], [ 120.9747577, 14.386774 ], [ 120.9745656, 14.386826 ], [ 120.9742662, 14.3868823 ], [ 120.9736055, 14.3870064 ], [ 120.9727189, 14.3872367 ], [ 120.9725933, 14.38727 ], [ 120.9724848, 14.3872989 ], [ 120.9721254, 14.3873968 ] ] ] } },
{ "type": "Feature", "properties": { "adm4_name": "Molino V", "adm4_ref_name": "Molino V", "adm4_pcode": "PH0402103048", "adm3_name": "Bacoor City", "adm3_pcode": "PH0402103", "adm2_name": "Cavite", "adm2_pcode": "PH04021", "adm1_name": "Region IV-A (Calabarzon)", "adm1_pcode": "PH04", "adm0_name": "Philippines", "adm0_pcode": "PH", "valid_on": "2025-02-13", "valid_to": null, "area_sqkm": 0.38999845, "version": "v03", "lang": "en", "center_lat": 14.39698302, "center_lon": 120.97122214 }, "bbox": [ 120.9676481, 14.3929315, 120.9744587, 14.4013183 ], "geometry": { "type": "Polygon", "coordinates": [ [ [ 120.9706163, 14.4012368 ], [ 120.9705511, 14.4013183 ], [ 120.970303, 14.4012489 ], [ 120.9688479, 14.4008768 ], [ 120.9686953, 14.4008308 ], [ 120.9684416, 14.4007522 ], [ 120.9682194, 14.4006843 ], [ 120.9685083, 14.3999111 ], [ 120.9681388, 14.3997264 ], [ 120.9678183, 14.3995906 ], [ 120.9676481, 14.399493 ], [ 120.9677072, 14.3994133 ], [ 120.9677252, 14.3993748 ], [ 120.9678126, 14.3993568 ], [ 120.9679282, 14.3993208 ], [ 120.967923, 14.3992412 ], [ 120.9679384, 14.3991127 ], [ 120.967995, 14.3990536 ], [ 120.9680669, 14.3990536 ], [ 120.9681286, 14.3989714 ], [ 120.968144, 14.3989021 ], [ 120.9681825, 14.3988276 ], [ 120.9682056, 14.3987916 ], [ 120.9682673, 14.3987942 ], [ 120.9683033, 14.3987736 ], [ 120.9683212, 14.398712 ], [ 120.9682981, 14.3986529 ], [ 120.9682673, 14.3985758 ], [ 120.9682467, 14.3984962 ], [ 120.9682304, 14.3984595 ], [ 120.9684211, 14.3981301 ], [ 120.9683161, 14.398062 ], [ 120.968239, 14.3980055 ], [ 120.9681902, 14.3979515 ], [ 120.9681568, 14.397895 ], [ 120.968162, 14.3978462 ], [ 120.9682031, 14.3977819 ], [ 120.9682647, 14.3977485 ], [ 120.968406, 14.3977152 ], [ 120.9685113, 14.3976766 ], [ 120.9685679, 14.3975559 ], [ 120.9685781, 14.3974993 ], [ 120.9685779, 14.3974804 ], [ 120.968537, 14.397394 ], [ 120.9684934, 14.3973041 ], [ 120.9684805, 14.3972039 ], [ 120.9685447, 14.3968391 ], [ 120.9686038, 14.396667 ], [ 120.9686835, 14.3965436 ], [ 120.9687554, 14.3964357 ], [ 120.9687991, 14.3962699 ], [ 120.9688119, 14.3961865 ], [ 120.9688042, 14.3961352 ], [ 120.9687837, 14.3960632 ], [ 120.9687811, 14.3959656 ], [ 120.9688094, 14.3958577 ], [ 120.9689892, 14.3957549 ], [ 120.9690791, 14.3957138 ], [ 120.9691151, 14.3956599 ], [ 120.9690817, 14.3955391 ], [ 120.9690226, 14.3954287 ], [ 120.9690277, 14.395385 ], [ 120.969056, 14.3953516 ], [ 120.9691639, 14.3953233 ], [ 120.9692461, 14.3953156 ], [ 120.9693283, 14.3952951 ], [ 120.9693797, 14.3952617 ], [ 120.9694182, 14.3952771 ], [ 120.9694619, 14.3952848 ], [ 120.9695338, 14.3952822 ], [ 120.9696238, 14.3952617 ], [ 120.9697265, 14.3951589 ], [ 120.9698601, 14.3950459 ], [ 120.9700836, 14.3948583 ], [ 120.9701658, 14.3947941 ], [ 120.9702352, 14.3947478 ], [ 120.9703226, 14.3947196 ], [ 120.9704176, 14.3946913 ], [ 120.9705615, 14.3946168 ], [ 120.970672, 14.3944961 ], [ 120.9707054, 14.3944036 ], [ 120.9707696, 14.3942905 ], [ 120.9707953, 14.3942315 ], [ 120.9707953, 14.3941724 ], [ 120.9708261, 14.3941133 ], [ 120.9708749, 14.3941133 ], [ 120.9709648, 14.3941184 ], [ 120.9710368, 14.3941056 ], [ 120.9710907, 14.3940285 ], [ 120.9711318, 14.3939129 ], [ 120.9712269, 14.393656 ], [ 120.9712808, 14.393435 ], [ 120.9713374, 14.3933374 ], [ 120.9714504, 14.393173 ], [ 120.9715634, 14.393006 ], [ 120.9716277, 14.3929315 ], [ 120.9730933, 14.393511 ], [ 120.9734409, 14.3936484 ], [ 120.9740225, 14.3942815 ], [ 120.9739623, 14.3955424 ], [ 120.9739487, 14.3960654 ], [ 120.9739211, 14.3971269 ], [ 120.9744587, 14.3975496 ], [ 120.9742949, 14.3978034 ], [ 120.974052, 14.3980592 ], [ 120.9739853, 14.3981121 ], [ 120.9739074, 14.3981399 ], [ 120.9739877, 14.3983062 ], [ 120.9738411, 14.3984297 ], [ 120.9738797, 14.3985223 ], [ 120.9738024, 14.3986381 ], [ 120.9727911, 14.3985764 ], [ 120.972683, 14.3987308 ], [ 120.9720037, 14.3989469 ], [ 120.9720654, 14.3993716 ], [ 120.9712471, 14.4004987 ], [ 120.970946, 14.4003674 ], [ 120.9707956, 14.4008293 ], [ 120.9706163, 14.4012368 ] ] ] } },
{ "type": "Feature", "properties": { "adm4_name": "Molino VI", "adm4_ref_name": "Molino VI", "adm4_pcode": "PH0402103049", "adm3_name": "Bacoor City", "adm3_pcode": "PH0402103", "adm2_name": "Cavite", "adm2_pcode": "PH04021", "adm1_name": "Region IV-A (Calabarzon)", "adm1_pcode": "PH04", "adm0_name": "Philippines", "adm0_pcode": "PH", "valid_on": "2025-02-13", "valid_to": null, "area_sqkm": 1.31803182, "version": "v03", "lang": "en", "center_lat": 14.41528195, "center_lon": 120.98225722 }, "bbox": [ 120.9755965, 14.408781, 120.9887194, 14.4217836 ], "geometry": { "type": "Polygon", "coordinates": [ [ [ 120.9806776, 14.4207133 ], [ 120.9790907, 14.4217836 ], [ 120.9787062, 14.421357 ], [ 120.9785488, 14.4211563 ], [ 120.9782572, 14.4206216 ], [ 120.9781767, 14.4204741 ], [ 120.9780114, 14.4200882 ], [ 120.9780114, 14.4199572 ], [ 120.9780527, 14.4198745 ], [ 120.9782181, 14.4194886 ], [ 120.9782663, 14.4193233 ], [ 120.9782388, 14.4191579 ], [ 120.9781698, 14.419027 ], [ 120.9780045, 14.4189443 ], [ 120.9777219, 14.4188478 ], [ 120.9771707, 14.4185721 ], [ 120.9767159, 14.4184481 ], [ 120.9765229, 14.4183516 ], [ 120.9763989, 14.4182758 ], [ 120.9762748, 14.4181036 ], [ 120.9762059, 14.4179313 ], [ 120.9761757, 14.4177648 ], [ 120.9761674, 14.4176128 ], [ 120.9761715, 14.4174076 ], [ 120.9761551, 14.4171897 ], [ 120.9760853, 14.4170582 ], [ 120.975999, 14.4169843 ], [ 120.9756704, 14.4165776 ], [ 120.9756129, 14.4164873 ], [ 120.9755965, 14.4163681 ], [ 120.9756458, 14.4162038 ], [ 120.9757526, 14.4159779 ], [ 120.9758101, 14.4157356 ], [ 120.9757978, 14.4156411 ], [ 120.9757813, 14.4154932 ], [ 120.9757937, 14.4153002 ], [ 120.9758265, 14.4151194 ], [ 120.9759087, 14.4150003 ], [ 120.9759456, 14.4148976 ], [ 120.975999, 14.4146922 ], [ 120.976036, 14.4144293 ], [ 120.9761017, 14.4140761 ], [ 120.9761798, 14.4138419 ], [ 120.976217, 14.4137836 ], [ 120.9762496, 14.4137393 ], [ 120.9764248, 14.4134902 ], [ 120.9765501, 14.4134341 ], [ 120.9766853, 14.413411 ], [ 120.9768765, 14.4133814 ], [ 120.976982, 14.413355 ], [ 120.9770579, 14.4133022 ], [ 120.9771172, 14.413233 ], [ 120.9771304, 14.4131044 ], [ 120.977081, 14.4129131 ], [ 120.9770941, 14.4127186 ], [ 120.9771601, 14.4126229 ], [ 120.9772986, 14.4125339 ], [ 120.9774371, 14.4124812 ], [ 120.9777141, 14.4123624 ], [ 120.9778756, 14.4123427 ], [ 120.9780273, 14.4123526 ], [ 120.9782219, 14.4123657 ], [ 120.9783834, 14.4123921 ], [ 120.9784989, 14.4123822 ], [ 120.9786835, 14.412346 ], [ 120.9788517, 14.4122767 ], [ 120.9790462, 14.4121679 ], [ 120.9792045, 14.4120591 ], [ 120.9793265, 14.4118876 ], [ 120.9793554, 14.4118126 ], [ 120.9793925, 14.4117161 ], [ 120.9793925, 14.4116172 ], [ 120.9794989, 14.4115592 ], [ 120.9795641, 14.4114667 ], [ 120.9796566, 14.4113743 ], [ 120.9798198, 14.4113362 ], [ 120.9800264, 14.4111948 ], [ 120.9801352, 14.4110643 ], [ 120.9802494, 14.410999 ], [ 120.9803364, 14.4110208 ], [ 120.9805105, 14.4108848 ], [ 120.9806138, 14.4107217 ], [ 120.9808477, 14.4106401 ], [ 120.9811413, 14.4105476 ], [ 120.9813317, 14.4105422 ], [ 120.9815492, 14.410515 ], [ 120.981794, 14.4103518 ], [ 120.9820931, 14.4100255 ], [ 120.9823324, 14.4097917 ], [ 120.982724, 14.409449 ], [ 120.9829876, 14.409462 ], [ 120.9836989, 14.4090345 ], [ 120.9843338, 14.40907 ], [ 120.9845475, 14.4090819 ], [ 120.9851141, 14.4089976 ], [ 120.9858387, 14.4088893 ], [ 120.9862615, 14.4088171 ], [ 120.9865864, 14.4087887 ], [ 120.9869964, 14.408781 ], [ 120.9872259, 14.4087887 ], [ 120.9872697, 14.408812 ], [ 120.9872852, 14.4088481 ], [ 120.9872904, 14.4089976 ], [ 120.9875276, 14.4089641 ], [ 120.9877623, 14.4089316 ], [ 120.9877403, 14.4089978 ], [ 120.9877347, 14.4090861 ], [ 120.9877388, 14.4091986 ], [ 120.9877476, 14.409441 ], [ 120.9877476, 14.4095807 ], [ 120.9877513, 14.4096947 ], [ 120.987755, 14.4098308 ], [ 120.9877917, 14.4100441 ], [ 120.9878727, 14.4102979 ], [ 120.9878966, 14.4104266 ], [ 120.9879058, 14.4105314 ], [ 120.9878806, 14.4105936 ], [ 120.9878331, 14.4106345 ], [ 120.9877461, 14.4106622 ], [ 120.9876525, 14.4106661 ], [ 120.9875193, 14.4106767 ], [ 120.9873966, 14.4107097 ], [ 120.9873083, 14.4107176 ], [ 120.9872529, 14.410707 ], [ 120.9872054, 14.4106965 ], [ 120.9871527, 14.4106754 ], [ 120.9870894, 14.4106543 ], [ 120.9869865, 14.4106437 ], [ 120.9868744, 14.4106648 ], [ 120.9867148, 14.4107206 ], [ 120.9866898, 14.4107308 ], [ 120.9865703, 14.4107928 ], [ 120.9864997, 14.4108454 ], [ 120.9864767, 14.4109045 ], [ 120.9864636, 14.410957 ], [ 120.9864669, 14.4109915 ], [ 120.9864849, 14.4110637 ], [ 120.9865374, 14.4111343 ], [ 120.9868346, 14.4114578 ], [ 120.9869545, 14.4116186 ], [ 120.9869709, 14.4116515 ], [ 120.9869774, 14.4116958 ], [ 120.9869807, 14.4117467 ], [ 120.9869676, 14.4117927 ], [ 120.9869019, 14.411883 ], [ 120.9867049, 14.4121933 ], [ 120.9865095, 14.4124247 ], [ 120.9864783, 14.4124806 ], [ 120.9864636, 14.4125298 ], [ 120.9864866, 14.4125824 ], [ 120.9865342, 14.4126415 ], [ 120.9868566, 14.4129687 ], [ 120.9869402, 14.4130711 ], [ 120.9874067, 14.413597 ], [ 120.9874444, 14.4136832 ], [ 120.9874525, 14.4137695 ], [ 120.9874471, 14.4138585 ], [ 120.9874471, 14.4139475 ], [ 120.9874525, 14.41405 ], [ 120.9875276, 14.414452 ], [ 120.9875564, 14.4145 ], [ 120.987614, 14.4145326 ], [ 120.9876677, 14.4145441 ], [ 120.9877752, 14.4145345 ], [ 120.9878635, 14.414548 ], [ 120.9879557, 14.4145729 ], [ 120.9881093, 14.4146133 ], [ 120.9882206, 14.4146843 ], [ 120.9883117, 14.4147881 ], [ 120.9884529, 14.4149467 ], [ 120.9884776, 14.4149696 ], [ 120.9886607, 14.4151398 ], [ 120.988702, 14.4151985 ], [ 120.9887194, 14.4152637 ], [ 120.9887087, 14.4153677 ], [ 120.9886834, 14.4154529 ], [ 120.9886381, 14.4155608 ], [ 120.9883683, 14.4161193 ], [ 120.9883392, 14.4162101 ], [ 120.9882786, 14.4162852 ], [ 120.9881833, 14.416366 ], [ 120.9881284, 14.4164276 ], [ 120.9880948, 14.4164882 ], [ 120.9880712, 14.4165689 ], [ 120.9880454, 14.4166362 ], [ 120.9880196, 14.4166743 ], [ 120.9879726, 14.4167023 ], [ 120.9879356, 14.4167113 ], [ 120.9878795, 14.416718 ], [ 120.9878201, 14.4167202 ], [ 120.9877741, 14.4167303 ], [ 120.9877483, 14.4167651 ], [ 120.987736, 14.4168043 ], [ 120.9877282, 14.4168447 ], [ 120.9877349, 14.4169489 ], [ 120.9877472, 14.4169882 ], [ 120.9877741, 14.4170308 ], [ 120.9878265, 14.4170793 ], [ 120.9879129, 14.4171578 ], [ 120.9880098, 14.4172303 ], [ 120.9880637, 14.4172823 ], [ 120.9881108, 14.4173411 ], [ 120.9881275, 14.4173862 ], [ 120.9881373, 14.4174205 ], [ 120.9881451, 14.4177588 ], [ 120.9881432, 14.4178068 ], [ 120.9881343, 14.4178441 ], [ 120.9881106, 14.4178867 ], [ 120.9880393, 14.4180069 ], [ 120.9880142, 14.4181033 ], [ 120.9880254, 14.4181424 ], [ 120.9880645, 14.4181913 ], [ 120.9881204, 14.4182291 ], [ 120.9881791, 14.4182514 ], [ 120.9883105, 14.418285 ], [ 120.988358, 14.4183017 ], [ 120.9883845, 14.4183143 ], [ 120.9883943, 14.4183437 ], [ 120.9883887, 14.4183646 ], [ 120.9883733, 14.4183842 ], [ 120.9883342, 14.4184261 ], [ 120.9883174, 14.4184708 ], [ 120.9883202, 14.4185645 ], [ 120.9883133, 14.4187014 ], [ 120.9882951, 14.4187699 ], [ 120.9882392, 14.4189474 ], [ 120.9882238, 14.4190368 ], [ 120.9882434, 14.4191332 ], [ 120.9882797, 14.4192199 ], [ 120.9883021, 14.4192925 ], [ 120.9883063, 14.419361 ], [ 120.985916, 14.4195516 ], [ 120.9854075, 14.4195921 ], [ 120.9806776, 14.4207133 ] ] ] } },
{ "type": "Feature", "properties": { "adm4_name": "Molino VII", "adm4_ref_name": "Molino VII", "adm4_pcode": "PH0402103050", "adm3_name": "Bacoor City", "adm3_pcode": "PH0402103", "adm2_name": "Cavite", "adm2_pcode": "PH04021", "adm1_name": "Region IV-A (Calabarzon)", "adm1_pcode": "PH04", "adm0_name": "Philippines", "adm0_pcode": "PH", "valid_on": "2025-02-13", "valid_to": null, "area_sqkm": 1.23741738, "version": "v03", "lang": "en", "center_lat": 14.39425736, "center_lon": 121.00134617000001 }, "bbox": [ 120.9945906, 14.3824211, 121.0080135, 14.406074 ], "geometry": { "type": "Polygon", "coordinates": [ [ [ 120.9952395, 14.4059816 ], [ 120.9952288, 14.406074 ], [ 120.9951336, 14.4060042 ], [ 120.9950528, 14.4059334 ], [ 120.9949023, 14.4057818 ], [ 120.9948308, 14.4056945 ], [ 120.9947998, 14.4056179 ], [ 120.9947971, 14.4055604 ], [ 120.9948122, 14.4055082 ], [ 120.9948536, 14.4054543 ], [ 120.994895, 14.4053487 ], [ 120.9949074, 14.4052286 ], [ 120.9949012, 14.4051499 ], [ 120.9948847, 14.4050713 ], [ 120.9948722, 14.4050091 ], [ 120.994835, 14.4049429 ], [ 120.9947604, 14.404889 ], [ 120.9947066, 14.4048725 ], [ 120.9946403, 14.4048207 ], [ 120.9946093, 14.4047565 ], [ 120.9945906, 14.4046675 ], [ 120.9946134, 14.4045308 ], [ 120.994661, 14.4044087 ], [ 120.9947314, 14.4042306 ], [ 120.9947604, 14.4040712 ], [ 120.994777, 14.4039138 ], [ 120.994808, 14.4037937 ], [ 120.9948453, 14.4037191 ], [ 120.9948867, 14.4036425 ], [ 120.9949219, 14.4035908 ], [ 120.9950027, 14.4035183 ], [ 120.9951456, 14.4034023 ], [ 120.9952408, 14.4033216 ], [ 120.9952822, 14.4032595 ], [ 120.9953561, 14.4030963 ], [ 120.9953617, 14.4030708 ], [ 120.9953946, 14.4029382 ], [ 120.9954122, 14.4029065 ], [ 120.9954403, 14.4028733 ], [ 120.995481, 14.4028474 ], [ 120.9955415, 14.4028328 ], [ 120.995595, 14.4028333 ], [ 120.9958413, 14.4028308 ], [ 120.9961291, 14.4027708 ], [ 120.9961933, 14.402748 ], [ 120.996209, 14.4027354 ], [ 120.996223, 14.4027175 ], [ 120.9962304, 14.4026923 ], [ 120.9962321, 14.4026657 ], [ 120.9962306, 14.4026445 ], [ 120.9962161, 14.4025658 ], [ 120.9961968, 14.4025268 ], [ 120.9961739, 14.4024848 ], [ 120.9960653, 14.4023274 ], [ 120.9960289, 14.4022775 ], [ 120.996016, 14.4022232 ], [ 120.9960082, 14.4021756 ], [ 120.9960222, 14.4021156 ], [ 120.9960421, 14.4020606 ], [ 120.9960939, 14.4019798 ], [ 120.9961466, 14.4019117 ], [ 120.9961771, 14.4018335 ], [ 120.9962019, 14.4017477 ], [ 120.9962228, 14.4016752 ], [ 120.9962686, 14.4014997 ], [ 120.9963068, 14.4013891 ], [ 120.9963278, 14.4012842 ], [ 120.9963427, 14.4011388 ], [ 120.9963571, 14.4008963 ], [ 120.9963427, 14.4006452 ], [ 120.996334, 14.4004374 ], [ 120.9963427, 14.4003421 ], [ 120.9963619, 14.400302 ], [ 120.9963831, 14.4002671 ], [ 120.9964754, 14.4001689 ], [ 120.996689, 14.400016 ], [ 120.9967486, 14.399971 ], [ 120.9967631, 14.3999469 ], [ 120.9967663, 14.3998957 ], [ 120.9967599, 14.3998644 ], [ 120.9966873, 14.3997192 ], [ 120.9966779, 14.3996976 ], [ 120.9966743, 14.3996742 ], [ 120.996677, 14.3996549 ], [ 120.9966887, 14.3996292 ], [ 120.996717, 14.3996036 ], [ 120.9967547, 14.3995793 ], [ 120.9967642, 14.3995734 ], [ 120.9968268, 14.39955 ], [ 120.9968773, 14.399525 ], [ 120.9969096, 14.3995046 ], [ 120.9969236, 14.3994863 ], [ 120.9969348, 14.3994483 ], [ 120.9969451, 14.3993979 ], [ 120.9969852, 14.3992428 ], [ 120.9970309, 14.3991082 ], [ 120.9970797, 14.3989917 ], [ 120.9971607, 14.3987624 ], [ 120.9971805, 14.3986832 ], [ 120.9971888, 14.3985728 ], [ 120.9971673, 14.3984359 ], [ 120.9971475, 14.3983799 ], [ 120.9971212, 14.3982925 ], [ 120.9971096, 14.398215 ], [ 120.9971129, 14.398159 ], [ 120.9971228, 14.3981145 ], [ 120.9971723, 14.3980502 ], [ 120.9972613, 14.3979628 ], [ 120.9972811, 14.397915 ], [ 120.9972893, 14.3978754 ], [ 120.9972959, 14.3977518 ], [ 120.9972992, 14.3976726 ], [ 120.9973091, 14.3976215 ], [ 120.9973305, 14.3975721 ], [ 120.9973833, 14.3975193 ], [ 120.9974443, 14.3974995 ], [ 120.9974806, 14.3974995 ], [ 120.9975564, 14.3975045 ], [ 120.9976124, 14.397516 ], [ 120.9976701, 14.3975028 ], [ 120.9977048, 14.3974633 ], [ 120.9977278, 14.3974039 ], [ 120.9977328, 14.3973528 ], [ 120.9977328, 14.3972935 ], [ 120.997741, 14.3972374 ], [ 120.9977545, 14.397217 ], [ 120.9977691, 14.3972028 ], [ 120.9978004, 14.3971715 ], [ 120.9978353, 14.3971454 ], [ 120.9978597, 14.3971385 ], [ 120.9979042, 14.3971319 ], [ 120.9979543, 14.397126 ], [ 120.9980131, 14.3971253 ], [ 120.9980632, 14.3971392 ], [ 120.9980974, 14.3971439 ], [ 120.9981355, 14.3971377 ], [ 120.9981689, 14.3971136 ], [ 120.9981914, 14.3970809 ], [ 120.9982093, 14.3970545 ], [ 120.9982202, 14.3970249 ], [ 120.9982202, 14.3970024 ], [ 120.9982163, 14.3969837 ], [ 120.9982101, 14.3969565 ], [ 120.9981992, 14.3969394 ], [ 120.9981798, 14.3969145 ], [ 120.9981736, 14.396892 ], [ 120.9981798, 14.39685 ], [ 120.9981845, 14.3968111 ], [ 120.9981922, 14.3967792 ], [ 120.9982132, 14.3967217 ], [ 120.9982288, 14.3966999 ], [ 120.9982954, 14.396636 ], [ 120.9983691, 14.3965762 ], [ 120.9983987, 14.3965574 ], [ 120.9984428, 14.3965294 ], [ 120.9985174, 14.3964876 ], [ 120.998629, 14.396403 ], [ 120.9987156, 14.3963313 ], [ 120.9987972, 14.3962377 ], [ 120.9988829, 14.396162 ], [ 120.9989081, 14.3961356 ], [ 120.9989426, 14.3961262 ], [ 120.9990777, 14.3960564 ], [ 120.9990959, 14.396023 ], [ 120.9991207, 14.3959772 ], [ 120.9991523, 14.3958958 ], [ 120.9991546, 14.3958415 ], [ 120.999141, 14.3957375 ], [ 120.9991478, 14.3956425 ], [ 120.9991433, 14.3955588 ], [ 120.9991071, 14.3954367 ], [ 120.9991094, 14.3953643 ], [ 120.999141, 14.3952671 ], [ 120.9991674, 14.3952311 ], [ 120.9991931, 14.3952083 ], [ 120.9992451, 14.3951857 ], [ 120.9993728, 14.3951289 ], [ 120.9994803, 14.3950839 ], [ 120.9996013, 14.3950341 ], [ 120.9996634, 14.3950162 ], [ 120.9997256, 14.3949983 ], [ 120.9997571, 14.3949752 ], [ 120.999794, 14.3949415 ], [ 120.9998056, 14.3949067 ], [ 120.9998024, 14.3948667 ], [ 120.9998109, 14.3948288 ], [ 120.9998309, 14.3947951 ], [ 120.9998551, 14.3947772 ], [ 120.999912, 14.3947561 ], [ 120.9999562, 14.3947466 ], [ 121.0000025, 14.3947424 ], [ 121.0000288, 14.3947466 ], [ 121.0000446, 14.3947561 ], [ 121.0000657, 14.3947835 ], [ 121.0000847, 14.3948161 ], [ 121.0000994, 14.3948414 ], [ 121.0001405, 14.394872 ], [ 121.0001794, 14.3948962 ], [ 121.000231, 14.3949036 ], [ 121.0003048, 14.3948909 ], [ 121.0003612, 14.3948765 ], [ 121.0003985, 14.3948646 ], [ 121.0006494, 14.3948337 ], [ 121.0006765, 14.3948286 ], [ 121.0006973, 14.3948163 ], [ 121.0007122, 14.3947994 ], [ 121.0007258, 14.394769 ], [ 121.0007387, 14.3947405 ], [ 121.0007517, 14.3946757 ], [ 121.0007857, 14.3945864 ], [ 121.0008426, 14.3945084 ], [ 121.0008794, 14.3944315 ], [ 121.0009574, 14.3942715 ], [ 121.0009921, 14.3942125 ], [ 121.0010321, 14.3941682 ], [ 121.0011849, 14.3940745 ], [ 121.0012322, 14.3940208 ], [ 121.0010818, 14.3938771 ], [ 121.0010358, 14.3938124 ], [ 121.0009932, 14.3937 ], [ 121.000954, 14.3935926 ], [ 121.0009267, 14.3934478 ], [ 121.0009267, 14.3933303 ], [ 121.0009608, 14.3931582 ], [ 121.0009966, 14.3929896 ], [ 121.0010903, 14.392838 ], [ 121.00123, 14.3927238 ], [ 121.0013458, 14.3926778 ], [ 121.001477, 14.3926489 ], [ 121.0015656, 14.3926233 ], [ 121.0016405, 14.3925739 ], [ 121.0017001, 14.3924853 ], [ 121.0017282, 14.3923815 ], [ 121.0017381, 14.3922612 ], [ 121.001748, 14.3921738 ], [ 121.0017629, 14.3920733 ], [ 121.0017876, 14.3919661 ], [ 121.0018041, 14.3918425 ], [ 121.0018156, 14.3917387 ], [ 121.0018288, 14.3916348 ], [ 121.0018519, 14.3915821 ], [ 121.0018815, 14.3915293 ], [ 121.0020118, 14.3913282 ], [ 121.0020843, 14.3912425 ], [ 121.0021453, 14.3911452 ], [ 121.0021618, 14.3910628 ], [ 121.0021733, 14.3909161 ], [ 121.0021552, 14.3908123 ], [ 121.0021255, 14.3907068 ], [ 121.0020365, 14.390359 ], [ 121.00199, 14.3901776 ], [ 121.001971, 14.3900531 ], [ 121.0019608, 14.3899107 ], [ 121.0019621, 14.3898116 ], [ 121.0019684, 14.3897061 ], [ 121.0019763, 14.389595 ], [ 121.0020129, 14.3894709 ], [ 121.0020904, 14.3893031 ], [ 121.0022649, 14.3890161 ], [ 121.0024116, 14.3887993 ], [ 121.0026089, 14.3885449 ], [ 121.0025606, 14.3883414 ], [ 121.0025118, 14.3881996 ], [ 121.0024776, 14.3880775 ], [ 121.0024433, 14.3879797 ], [ 121.0023945, 14.3879211 ], [ 121.0023065, 14.3878917 ], [ 121.0022381, 14.387838 ], [ 121.0022283, 14.3877451 ], [ 121.002199, 14.3876425 ], [ 121.0021012, 14.3875447 ], [ 121.0020035, 14.3874421 ], [ 121.0019057, 14.3873346 ], [ 121.0018569, 14.3872564 ], [ 121.0017933, 14.3871147 ], [ 121.0017933, 14.3869876 ], [ 121.0017933, 14.3868312 ], [ 121.0017787, 14.3867286 ], [ 121.00172, 14.386621 ], [ 121.001632, 14.3864304 ], [ 121.0016614, 14.3863131 ], [ 121.0016516, 14.3861861 ], [ 121.0015539, 14.3861274 ], [ 121.0014561, 14.3861079 ], [ 121.0013681, 14.3861128 ], [ 121.001285, 14.3860639 ], [ 121.0012069, 14.3859759 ], [ 121.0011335, 14.3859515 ], [ 121.0010602, 14.3858537 ], [ 121.000982, 14.3858098 ], [ 121.0008256, 14.3857755 ], [ 121.0008403, 14.3856045 ], [ 121.0007817, 14.3855263 ], [ 121.0007621, 14.3854383 ], [ 121.0008354, 14.3854041 ], [ 121.0007817, 14.3853112 ], [ 121.0007181, 14.3852526 ], [ 121.0006595, 14.3851744 ], [ 121.0005666, 14.3850669 ], [ 121.0004835, 14.3849691 ], [ 121.0003355, 14.3848581 ], [ 121.0016311, 14.3848554 ], [ 121.0017191, 14.3838871 ], [ 121.0017191, 14.3838073 ], [ 121.0017434, 14.3836894 ], [ 121.0017954, 14.3835057 ], [ 121.0018318, 14.3833635 ], [ 121.0018769, 14.3832612 ], [ 121.0019306, 14.3831711 ], [ 121.002, 14.383119 ], [ 121.0020745, 14.3830844 ], [ 121.0021629, 14.3830636 ], [ 121.0022184, 14.3830289 ], [ 121.0022495, 14.3829735 ], [ 121.0022617, 14.3829359 ], [ 121.0022678, 14.3828712 ], [ 121.002288, 14.3828117 ], [ 121.0023098, 14.3827636 ], [ 121.0023501, 14.3827163 ], [ 121.00242, 14.3826814 ], [ 121.0025338, 14.3826481 ], [ 121.0026134, 14.3826044 ], [ 121.0026597, 14.382572 ], [ 121.0026947, 14.3825274 ], [ 121.0027083, 14.3824961 ], [ 121.003081, 14.3824211 ], [ 121.0042669, 14.3824989 ], [ 121.004789, 14.3825496 ], [ 121.0050726, 14.3825708 ], [ 121.0050823, 14.3825717 ], [ 121.0069301, 14.3825737 ], [ 121.0072643, 14.3825626 ], [ 121.0074639, 14.3825253 ], [ 121.0075543, 14.3828265 ], [ 121.0079092, 14.3836076 ], [ 121.007842, 14.3837035 ], [ 121.0077837, 14.3838007 ], [ 121.0077692, 14.3838514 ], [ 121.007774, 14.3839456 ], [ 121.0077668, 14.3840446 ], [ 121.0077402, 14.3841122 ], [ 121.0076678, 14.3842281 ], [ 121.0076533, 14.3843174 ], [ 121.007675, 14.384385 ], [ 121.0077861, 14.3845009 ], [ 121.0078464, 14.3846119 ], [ 121.0078551, 14.3846375 ], [ 121.0078923, 14.3847471 ], [ 121.0078923, 14.384863 ], [ 121.0078561, 14.3849789 ], [ 121.0077909, 14.3850948 ], [ 121.0075374, 14.3855535 ], [ 121.007436, 14.3857177 ], [ 121.0073394, 14.3858167 ], [ 121.0072211, 14.3860146 ], [ 121.0071077, 14.3862488 ], [ 121.007057, 14.3864033 ], [ 121.0068952, 14.3867365 ], [ 121.0067455, 14.3869635 ], [ 121.006661, 14.3871156 ], [ 121.0066369, 14.3872121 ], [ 121.0066321, 14.387328 ], [ 121.006649, 14.3874632 ], [ 121.0066876, 14.387567 ], [ 121.00676, 14.3876539 ], [ 121.0069363, 14.3878133 ], [ 121.007173, 14.3880173 ], [ 121.0071873, 14.3880451 ], [ 121.0073273, 14.3883062 ], [ 121.0074668, 14.3885291 ], [ 121.0075477, 14.3886686 ], [ 121.0075893, 14.3888474 ], [ 121.0076627, 14.3890041 ], [ 121.0077582, 14.3891731 ], [ 121.007844, 14.3893347 ], [ 121.0078902, 14.3894867 ], [ 121.0079651, 14.3896973 ], [ 121.0080135, 14.3898877 ], [ 121.0080135, 14.3900655 ], [ 121.0079916, 14.3902996 ], [ 121.0079698, 14.3904228 ], [ 121.0079511, 14.3905383 ], [ 121.0079169, 14.3906623 ], [ 121.0078749, 14.3908082 ], [ 121.0078548, 14.3908698 ], [ 121.007817, 14.3909341 ], [ 121.007751, 14.3909981 ], [ 121.0076611, 14.391034 ], [ 121.0075992, 14.391052 ], [ 121.0075352, 14.391056 ], [ 121.0074753, 14.391028 ], [ 121.0074253, 14.3909981 ], [ 121.0073945, 14.3909716 ], [ 121.0073531, 14.3909212 ], [ 121.0073143, 14.3909076 ], [ 121.0072603, 14.3909076 ], [ 121.0072062, 14.3909266 ], [ 121.0071738, 14.3909545 ], [ 121.007154, 14.3909914 ], [ 121.0071531, 14.3910374 ], [ 121.0071576, 14.3911274 ], [ 121.0071395, 14.3912179 ], [ 121.0071016, 14.3913158 ], [ 121.0070616, 14.3914057 ], [ 121.0069996, 14.3914997 ], [ 121.0068917, 14.3915716 ], [ 121.0067498, 14.3916415 ], [ 121.0066459, 14.3916675 ], [ 121.006524, 14.3916795 ], [ 121.0063702, 14.3917115 ], [ 121.0062702, 14.3917435 ], [ 121.0061463, 14.3918254 ], [ 121.0060204, 14.3919673 ], [ 121.0058825, 14.3922011 ], [ 121.0057528, 14.3923773 ], [ 121.0057227, 14.3924249 ], [ 121.005635, 14.392554 ], [ 121.0055425, 14.3926592 ], [ 121.0054667, 14.3927202 ], [ 121.0053952, 14.3928022 ], [ 121.0052984, 14.3928969 ], [ 121.0052164, 14.392981 ], [ 121.0051554, 14.3930147 ], [ 121.0050754, 14.3930294 ], [ 121.0050039, 14.3930105 ], [ 121.0049303, 14.3929642 ], [ 121.004863, 14.3929284 ], [ 121.0047052, 14.39288 ], [ 121.0045159, 14.3928275 ], [ 121.0044275, 14.3927938 ], [ 121.0043202, 14.3927791 ], [ 121.0042403, 14.392777 ], [ 121.0041751, 14.3928022 ], [ 121.0040636, 14.3928822 ], [ 121.0039415, 14.3929894 ], [ 121.0038048, 14.3930673 ], [ 121.0037164, 14.3931051 ], [ 121.003607, 14.3931283 ], [ 121.0035019, 14.3931893 ], [ 121.0034009, 14.3932987 ], [ 121.0032999, 14.3933639 ], [ 121.0030054, 14.3935553 ], [ 121.0027803, 14.393711 ], [ 121.0027003, 14.3937594 ], [ 121.0026477, 14.3937678 ], [ 121.0025952, 14.393751 ], [ 121.0025384, 14.3937152 ], [ 121.002471, 14.393711 ], [ 121.0023637, 14.3937405 ], [ 121.0022565, 14.3937678 ], [ 121.0021344, 14.393812 ], [ 121.0020608, 14.3938793 ], [ 121.0019935, 14.3939614 ], [ 121.0019178, 14.3940834 ], [ 121.0018799, 14.3941507 ], [ 121.0018252, 14.3941907 ], [ 121.0017347, 14.3942433 ], [ 121.0016927, 14.3943169 ], [ 121.0016695, 14.3943821 ], [ 121.0016674, 14.3944431 ], [ 121.0016863, 14.3945125 ], [ 121.0017228, 14.394593 ], [ 121.0017809, 14.3946511 ], [ 121.0018693, 14.3947372 ], [ 121.0019577, 14.3948069 ], [ 121.0020367, 14.3948511 ], [ 121.0021344, 14.3948767 ], [ 121.0022112, 14.3948837 ], [ 121.0023089, 14.3948744 ], [ 121.0024205, 14.3948511 ], [ 121.0025229, 14.3948279 ], [ 121.0026136, 14.3948116 ], [ 121.0026787, 14.3948302 ], [ 121.0027182, 14.3948767 ], [ 121.0027299, 14.3949209 ], [ 121.0027299, 14.3949907 ], [ 121.0027136, 14.3950837 ], [ 121.0026019, 14.3952744 ], [ 121.0024668, 14.3954631 ], [ 121.0024531, 14.3955117 ], [ 121.0024352, 14.3955459 ], [ 121.0024175, 14.3955952 ], [ 121.0024175, 14.3956741 ], [ 121.0024333, 14.3957194 ], [ 121.002453, 14.3957667 ], [ 121.0024924, 14.3958081 ], [ 121.0025279, 14.3959225 ], [ 121.0025456, 14.3959836 ], [ 121.0025516, 14.3960605 ], [ 121.0025516, 14.3961807 ], [ 121.0025476, 14.3963227 ], [ 121.0025456, 14.3963917 ], [ 121.0025634, 14.3965001 ], [ 121.0026123, 14.3966358 ], [ 121.0027175, 14.3968859 ], [ 121.0028386, 14.3971103 ], [ 121.0029359, 14.397283 ], [ 121.0029558, 14.3973525 ], [ 121.0029498, 14.3974001 ], [ 121.00293, 14.3974418 ], [ 121.0028724, 14.3974835 ], [ 121.0028128, 14.3975073 ], [ 121.0027195, 14.3975153 ], [ 121.0026461, 14.3975371 ], [ 121.0025932, 14.3975739 ], [ 121.0025104, 14.3976806 ], [ 121.0023423, 14.3978674 ], [ 121.0022756, 14.3979368 ], [ 121.0021955, 14.3980329 ], [ 121.0021315, 14.398161 ], [ 121.0020861, 14.3982731 ], [ 121.0020594, 14.3983745 ], [ 121.0020434, 14.3985106 ], [ 121.0020274, 14.3986307 ], [ 121.0020354, 14.3987428 ], [ 121.0020594, 14.3988522 ], [ 121.0020968, 14.3990177 ], [ 121.0021288, 14.3991938 ], [ 121.0021288, 14.3992312 ], [ 121.0021021, 14.3992872 ], [ 121.0020247, 14.3993699 ], [ 121.0016965, 14.3997409 ], [ 121.0014654, 14.3999806 ], [ 121.0013095, 14.4001733 ], [ 121.0011947, 14.4003681 ], [ 121.0011413, 14.4005175 ], [ 121.0010559, 14.4008725 ], [ 121.0009492, 14.4011794 ], [ 121.0008878, 14.4013208 ], [ 121.0008238, 14.4014036 ], [ 121.0005809, 14.401561 ], [ 121.000245, 14.4017875 ], [ 121.0000375, 14.401989 ], [ 120.9997938, 14.4022371 ], [ 120.9996344, 14.4023965 ], [ 120.9995803, 14.4024642 ], [ 120.9995487, 14.4025168 ], [ 120.9995231, 14.40261 ], [ 120.9994922, 14.4027569 ], [ 120.9994623, 14.4028204 ], [ 120.9994268, 14.4028671 ], [ 120.9993539, 14.402897 ], [ 120.9992231, 14.4029138 ], [ 120.9990773, 14.4029437 ], [ 120.999025, 14.4029587 ], [ 120.9989876, 14.4029942 ], [ 120.9989577, 14.4030428 ], [ 120.9989521, 14.4030932 ], [ 120.9989727, 14.4031643 ], [ 120.9990007, 14.4032166 ], [ 120.9989914, 14.4032932 ], [ 120.9989708, 14.4033586 ], [ 120.9989278, 14.403424 ], [ 120.9988587, 14.4034894 ], [ 120.9987274, 14.4035644 ], [ 120.9986158, 14.4036277 ], [ 120.9985447, 14.4036875 ], [ 120.9985261, 14.4037473 ], [ 120.9985136, 14.4038306 ], [ 120.9984591, 14.4039333 ], [ 120.9983543, 14.4040591 ], [ 120.9982607, 14.4042351 ], [ 120.9981991, 14.4043715 ], [ 120.9980374, 14.4047152 ], [ 120.998016, 14.4047924 ], [ 120.9980095, 14.4048438 ], [ 120.9980245, 14.4048845 ], [ 120.998076, 14.4049145 ], [ 120.9981467, 14.4049531 ], [ 120.9982624, 14.4050517 ], [ 120.9984242, 14.4052374 ], [ 120.9984334, 14.4052703 ], [ 120.9984281, 14.4053098 ], [ 120.9984088, 14.4053431 ], [ 120.9983886, 14.405369 ], [ 120.9982945, 14.4054262 ], [ 120.998168, 14.4054973 ], [ 120.9980571, 14.4055926 ], [ 120.9979843, 14.4056532 ], [ 120.9979168, 14.4056809 ], [ 120.9978613, 14.4056844 ], [ 120.9978007, 14.4056705 ], [ 120.9977591, 14.4056324 ], [ 120.9976638, 14.4054799 ], [ 120.9975686, 14.405324 ], [ 120.9974213, 14.4051733 ], [ 120.9972966, 14.4050971 ], [ 120.9970627, 14.4050122 ], [ 120.9969223, 14.4050035 ], [ 120.9967855, 14.4050104 ], [ 120.9965117, 14.405026 ], [ 120.9963714, 14.4050382 ], [ 120.9962181, 14.4050751 ], [ 120.9960227, 14.4051584 ], [ 120.9958721, 14.4052577 ], [ 120.9957456, 14.4053394 ], [ 120.9955646, 14.4054787 ], [ 120.9954285, 14.4056005 ], [ 120.9953068, 14.405735 ], [ 120.9952747, 14.4057991 ], [ 120.9952507, 14.4058647 ], [ 120.9952395, 14.4059816 ] ] ] } },
{ "type": "Feature", "properties": { "adm4_name": "Niog II", "adm4_ref_name": "Niog II", "adm4_pcode": "PH0402103051", "adm3_name": "Bacoor City", "adm3_pcode": "PH0402103", "adm2_name": "Cavite", "adm2_pcode": "PH04021", "adm1_name": "Region IV-A (Calabarzon)", "adm1_pcode": "PH04", "adm0_name": "Philippines", "adm0_pcode": "PH", "valid_on": "2025-02-13", "valid_to": null, "area_sqkm": 0.46164344, "version": "v03", "lang": "en", "center_lat": 14.44554611, "center_lon": 120.96157022 }, "bbox": [ 120.9571215, 14.4355062, 120.9647418, 14.45542 ], "geometry": { "type": "Polygon", "coordinates": [ [ [ 120.9579734, 14.4546264 ], [ 120.9576355, 14.45542 ], [ 120.9575067, 14.4551677 ], [ 120.9574708, 14.4550841 ], [ 120.9571215, 14.4543457 ], [ 120.9571957, 14.4536473 ], [ 120.9572797, 14.4534862 ], [ 120.9573568, 14.453276 ], [ 120.9575133, 14.4527649 ], [ 120.9575558, 14.4526002 ], [ 120.9575984, 14.4524939 ], [ 120.9577259, 14.4522973 ], [ 120.957896, 14.4520634 ], [ 120.9579557, 14.451964 ], [ 120.9579691, 14.4518798 ], [ 120.9579518, 14.4518109 ], [ 120.9578772, 14.451742 ], [ 120.9576993, 14.4516276 ], [ 120.9573273, 14.4513566 ], [ 120.9583612, 14.449562 ], [ 120.9590035, 14.448511 ], [ 120.9590898, 14.4483697 ], [ 120.9592068, 14.4484699 ], [ 120.9596197, 14.4478914 ], [ 120.9599172, 14.4474746 ], [ 120.960443, 14.446749 ], [ 120.9605165, 14.4466574 ], [ 120.9605779, 14.4465744 ], [ 120.9606029, 14.446529 ], [ 120.9606688, 14.4464092 ], [ 120.9607963, 14.4462344 ], [ 120.9605532, 14.4461131 ], [ 120.9603216, 14.445969 ], [ 120.9604708, 14.4456654 ], [ 120.9606921, 14.4452229 ], [ 120.9607744, 14.4450737 ], [ 120.9600984, 14.44472 ], [ 120.9597002, 14.444542 ], [ 120.960572, 14.4424182 ], [ 120.9607902, 14.4417888 ], [ 120.959039, 14.4413001 ], [ 120.9590972, 14.4411254 ], [ 120.9594869, 14.4399867 ], [ 120.9601813, 14.4401329 ], [ 120.9602607, 14.4401496 ], [ 120.9603931, 14.4394471 ], [ 120.9622054, 14.4399052 ], [ 120.9630301, 14.4401598 ], [ 120.9631326, 14.4396434 ], [ 120.9635086, 14.4377671 ], [ 120.9638191, 14.436061 ], [ 120.9639284, 14.4355062 ], [ 120.9646092, 14.4357438 ], [ 120.9646378, 14.4360656 ], [ 120.964686, 14.4364054 ], [ 120.9646919, 14.4365209 ], [ 120.9647236, 14.4368703 ], [ 120.9647418, 14.4374224 ], [ 120.9647099, 14.4377145 ], [ 120.9646369, 14.4380156 ], [ 120.9645833, 14.4381775 ], [ 120.9644037, 14.4387363 ], [ 120.9643225, 14.4389854 ], [ 120.9640894, 14.4397279 ], [ 120.9640199, 14.4399317 ], [ 120.963923, 14.4402038 ], [ 120.9636431, 14.440778 ], [ 120.963501, 14.4411022 ], [ 120.9634427, 14.4412351 ], [ 120.9634076, 14.4413276 ], [ 120.9633932, 14.4414467 ], [ 120.9633789, 14.4416092 ], [ 120.963441, 14.4422019 ], [ 120.9634745, 14.4423405 ], [ 120.9634726, 14.4425261 ], [ 120.9634506, 14.4426799 ], [ 120.9634123, 14.4428471 ], [ 120.9633454, 14.4430622 ], [ 120.9631733, 14.4435593 ], [ 120.96303, 14.4440325 ], [ 120.9628579, 14.4446777 ], [ 120.9627643, 14.4451277 ], [ 120.9626556, 14.4454268 ], [ 120.9625129, 14.4457998 ], [ 120.9620611, 14.4468983 ], [ 120.9618209, 14.4472929 ], [ 120.9617465, 14.4474114 ], [ 120.9613466, 14.4479912 ], [ 120.9610767, 14.4483586 ], [ 120.9608016, 14.4487537 ], [ 120.9607056, 14.4488666 ], [ 120.960493, 14.4492506 ], [ 120.9601662, 14.4498409 ], [ 120.959641, 14.451075 ], [ 120.9590875, 14.4522893 ], [ 120.9589534, 14.452602 ], [ 120.9588253, 14.4528751 ], [ 120.9584883, 14.4535065 ], [ 120.958421, 14.4536278 ], [ 120.9582976, 14.4538916 ], [ 120.9580676, 14.4544142 ], [ 120.9579734, 14.4546264 ] ] ] } },
{ "type": "Feature", "properties": { "adm4_name": "Niog III", "adm4_ref_name": "Niog III", "adm4_pcode": "PH0402103052", "adm3_name": "Bacoor City", "adm3_pcode": "PH0402103", "adm2_name": "Cavite", "adm2_pcode": "PH04021", "adm1_name": "Region IV-A (Calabarzon)", "adm1_pcode": "PH04", "adm0_name": "Philippines", "adm0_pcode": "PH", "valid_on": "2025-02-13", "valid_to": null, "area_sqkm": 0.96644089, "version": "v03", "lang": "en", "center_lat": 14.44775988, "center_lon": 120.96312016 }, "bbox": [ 120.9576355, 14.4357438, 120.9691667, 14.459566 ], "geometry": { "type": "Polygon", "coordinates": [ [ [ 120.9598531, 14.4590596 ], [ 120.9597803, 14.459566 ], [ 120.9596228, 14.4593921 ], [ 120.9594368, 14.4591307 ], [ 120.9590035, 14.4583785 ], [ 120.9586828, 14.4576606 ], [ 120.9583075, 14.4568563 ], [ 120.9581192, 14.4564426 ], [ 120.9576355, 14.45542 ], [ 120.9579734, 14.4546264 ], [ 120.9580676, 14.4544142 ], [ 120.9582976, 14.4538916 ], [ 120.958421, 14.4536278 ], [ 120.9584883, 14.4535065 ], [ 120.9588253, 14.4528751 ], [ 120.9589534, 14.452602 ], [ 120.9590875, 14.4522893 ], [ 120.959641, 14.451075 ], [ 120.9601662, 14.4498409 ], [ 120.960493, 14.4492506 ], [ 120.9607056, 14.4488666 ], [ 120.9608016, 14.4487537 ], [ 120.9610767, 14.4483586 ], [ 120.9613466, 14.4479912 ], [ 120.9617465, 14.4474114 ], [ 120.9618209, 14.4472929 ], [ 120.9620611, 14.4468983 ], [ 120.9625129, 14.4457998 ], [ 120.9626556, 14.4454268 ], [ 120.9627643, 14.4451277 ], [ 120.9628579, 14.4446777 ], [ 120.96303, 14.4440325 ], [ 120.9631733, 14.4435593 ], [ 120.9633454, 14.4430622 ], [ 120.9634123, 14.4428471 ], [ 120.9634506, 14.4426799 ], [ 120.9634726, 14.4425261 ], [ 120.9634745, 14.4423405 ], [ 120.963441, 14.4422019 ], [ 120.9633789, 14.4416092 ], [ 120.9633932, 14.4414467 ], [ 120.9634076, 14.4413276 ], [ 120.9634427, 14.4412351 ], [ 120.963501, 14.4411022 ], [ 120.9636431, 14.440778 ], [ 120.963923, 14.4402038 ], [ 120.9640199, 14.4399317 ], [ 120.9640894, 14.4397279 ], [ 120.9643225, 14.4389854 ], [ 120.9644037, 14.4387363 ], [ 120.9645833, 14.4381775 ], [ 120.9646369, 14.4380156 ], [ 120.9647099, 14.4377145 ], [ 120.9647418, 14.4374224 ], [ 120.9647236, 14.4368703 ], [ 120.9646919, 14.4365209 ], [ 120.964686, 14.4364054 ], [ 120.9646378, 14.4360656 ], [ 120.9646092, 14.4357438 ], [ 120.9678708, 14.436374 ], [ 120.9679123, 14.4363644 ], [ 120.9679827, 14.4363754 ], [ 120.9681222, 14.4363879 ], [ 120.9682064, 14.4364182 ], [ 120.9682991, 14.4364649 ], [ 120.9685232, 14.4365128 ], [ 120.9687437, 14.4365812 ], [ 120.9689398, 14.4366268 ], [ 120.9690749, 14.4366634 ], [ 120.9691388, 14.4367611 ], [ 120.9691667, 14.4368396 ], [ 120.9691566, 14.4369156 ], [ 120.9690887, 14.4370254 ], [ 120.9690257, 14.4371454 ], [ 120.9689844, 14.4372811 ], [ 120.9689411, 14.4374208 ], [ 120.9688821, 14.4375565 ], [ 120.9688547, 14.4376214 ], [ 120.968845, 14.4376531 ], [ 120.9688503, 14.4376812 ], [ 120.968866, 14.4377032 ], [ 120.9688945, 14.4377184 ], [ 120.9689277, 14.4377276 ], [ 120.9689628, 14.4377415 ], [ 120.9689838, 14.4377682 ], [ 120.9689923, 14.4377887 ], [ 120.9689971, 14.4378107 ], [ 120.9689949, 14.4378354 ], [ 120.9689883, 14.4378575 ], [ 120.9689779, 14.4378845 ], [ 120.9689613, 14.4379122 ], [ 120.9689333, 14.4379697 ], [ 120.9689352, 14.438009 ], [ 120.9689588, 14.4380661 ], [ 120.9689844, 14.4381212 ], [ 120.9690592, 14.4381818 ], [ 120.9691301, 14.438228 ], [ 120.9691498, 14.4382626 ], [ 120.9691647, 14.4383104 ], [ 120.9691515, 14.4383631 ], [ 120.9691218, 14.4383878 ], [ 120.9690724, 14.438396 ], [ 120.9690296, 14.4384241 ], [ 120.9690213, 14.4384685 ], [ 120.9690345, 14.4385081 ], [ 120.9690757, 14.4385411 ], [ 120.9690988, 14.4385707 ], [ 120.9690988, 14.4386234 ], [ 120.9690724, 14.4386828 ], [ 120.969018, 14.4387108 ], [ 120.9689373, 14.4387207 ], [ 120.9688856, 14.4387456 ], [ 120.9688697, 14.4387668 ], [ 120.9688697, 14.4388047 ], [ 120.968878, 14.4388558 ], [ 120.968946, 14.4391833 ], [ 120.9689475, 14.439313 ], [ 120.9689353, 14.4393948 ], [ 120.9689074, 14.4394548 ], [ 120.9688676, 14.4394814 ], [ 120.9688193, 14.4394867 ], [ 120.9687601, 14.4394878 ], [ 120.968689, 14.4395273 ], [ 120.9686255, 14.4396006 ], [ 120.9685888, 14.4396827 ], [ 120.9685707, 14.4397539 ], [ 120.9685434, 14.4397977 ], [ 120.968516, 14.4398152 ], [ 120.968481, 14.4398218 ], [ 120.968435, 14.4398174 ], [ 120.9683476, 14.4397978 ], [ 120.9682723, 14.4398089 ], [ 120.9681506, 14.4398952 ], [ 120.968082, 14.439966 ], [ 120.96802, 14.4400921 ], [ 120.9680023, 14.4401762 ], [ 120.9679957, 14.4402581 ], [ 120.967999, 14.4408847 ], [ 120.967999, 14.4409476 ], [ 120.9679778, 14.4409991 ], [ 120.9679077, 14.4410682 ], [ 120.9678726, 14.44111 ], [ 120.9678439, 14.4411627 ], [ 120.9678337, 14.4411997 ], [ 120.9678391, 14.4412313 ], [ 120.967859, 14.4412727 ], [ 120.9678678, 14.4413097 ], [ 120.967861, 14.441336 ], [ 120.9678396, 14.4413584 ], [ 120.9678135, 14.4413639 ], [ 120.9677448, 14.4413623 ], [ 120.9676825, 14.4413639 ], [ 120.9676426, 14.4413879 ], [ 120.9676282, 14.4414198 ], [ 120.9676235, 14.4414725 ], [ 120.9676235, 14.4415108 ], [ 120.9676394, 14.4415939 ], [ 120.9676378, 14.4416258 ], [ 120.9676027, 14.441661 ], [ 120.9675452, 14.4416721 ], [ 120.9674765, 14.4416642 ], [ 120.9673887, 14.4416338 ], [ 120.9673136, 14.4416242 ], [ 120.9672545, 14.4416258 ], [ 120.9672194, 14.4416434 ], [ 120.9672034, 14.441653 ], [ 120.9671794, 14.4416929 ], [ 120.9671826, 14.441728 ], [ 120.9671778, 14.4418159 ], [ 120.9671507, 14.4419101 ], [ 120.9670064, 14.4420772 ], [ 120.9668796, 14.4422475 ], [ 120.9667718, 14.4423666 ], [ 120.9666469, 14.4425104 ], [ 120.9664237, 14.4428188 ], [ 120.9662216, 14.443094 ], [ 120.9660123, 14.4434017 ], [ 120.9659168, 14.4436809 ], [ 120.965898, 14.4437334 ], [ 120.9658343, 14.4438309 ], [ 120.9657762, 14.4438852 ], [ 120.9656863, 14.4439283 ], [ 120.965615, 14.443962 ], [ 120.9655701, 14.4440126 ], [ 120.9655644, 14.4440539 ], [ 120.9655719, 14.4441007 ], [ 120.96563, 14.4441719 ], [ 120.9656432, 14.4442113 ], [ 120.9656413, 14.4442694 ], [ 120.9656107, 14.4443038 ], [ 120.9655738, 14.4443154 ], [ 120.9655286, 14.444347 ], [ 120.965477, 14.4443954 ], [ 120.9654591, 14.4444406 ], [ 120.9654539, 14.4444796 ], [ 120.9654549, 14.4445375 ], [ 120.9654507, 14.4445754 ], [ 120.965397, 14.4447153 ], [ 120.9653055, 14.4450037 ], [ 120.9652728, 14.4451153 ], [ 120.9652322, 14.4452063 ], [ 120.9651789, 14.4453062 ], [ 120.9650834, 14.44541 ], [ 120.9650424, 14.4454647 ], [ 120.9650356, 14.4455161 ], [ 120.9650434, 14.4455731 ], [ 120.9650656, 14.4456294 ], [ 120.9650813, 14.4456617 ], [ 120.9650953, 14.4457022 ], [ 120.9650928, 14.4457494 ], [ 120.9650746, 14.4457907 ], [ 120.9650357, 14.4458123 ], [ 120.9649357, 14.445836 ], [ 120.9648124, 14.445876 ], [ 120.9646058, 14.4459393 ], [ 120.9645225, 14.4459693 ], [ 120.9645004, 14.4459852 ], [ 120.9644825, 14.4460126 ], [ 120.9644723, 14.446058 ], [ 120.9644781, 14.4460977 ], [ 120.9644888, 14.44613 ], [ 120.9646113, 14.4463195 ], [ 120.9646262, 14.4463526 ], [ 120.9646278, 14.4463865 ], [ 120.9646212, 14.4464204 ], [ 120.9646055, 14.4464419 ], [ 120.9645831, 14.4464651 ], [ 120.96455, 14.4464816 ], [ 120.9645227, 14.4465147 ], [ 120.9645125, 14.4465623 ], [ 120.9645059, 14.4467689 ], [ 120.9644992, 14.4469155 ], [ 120.9645092, 14.4470321 ], [ 120.9645492, 14.4471554 ], [ 120.9646158, 14.4472953 ], [ 120.9646858, 14.4474286 ], [ 120.9648124, 14.4475286 ], [ 120.9637184, 14.4507644 ], [ 120.9636266, 14.4510357 ], [ 120.963179, 14.4526029 ], [ 120.9626891, 14.4524508 ], [ 120.9625909, 14.4528295 ], [ 120.9622472, 14.4543831 ], [ 120.962057, 14.4549738 ], [ 120.9618419, 14.4557155 ], [ 120.9615067, 14.4570117 ], [ 120.9615031, 14.4578168 ], [ 120.9613126, 14.4586749 ], [ 120.9603816, 14.458408 ], [ 120.9603635, 14.458138 ], [ 120.9600547, 14.4576979 ], [ 120.9599396, 14.458518 ], [ 120.9598531, 14.4590596 ] ] ] } },
{ "type": "Feature", "properties": { "adm4_name": "P.F. Espiritu II", "adm4_ref_name": "P.F. Espiritu II", "adm4_pcode": "PH0402103053", "adm3_name": "Bacoor City", "adm3_pcode": "PH0402103", "adm2_name": "Cavite", "adm2_pcode": "PH04021", "adm1_name": "Region IV-A (Calabarzon)", "adm1_pcode": "PH04", "adm0_name": "Philippines", "adm0_pcode": "PH", "valid_on": "2025-02-13", "valid_to": null, "area_sqkm": 0.09658563, "version": "v03", "lang": "en", "center_lat": 14.45430496, "center_lon": 120.95608235 }, "bbox": [ 120.9538465, 14.4513638, 120.9571215, 14.457269 ], "geometry": { "type": "Polygon", "coordinates": [ [ [ 120.9555042, 14.4571327 ], [ 120.9554305, 14.457269 ], [ 120.9553169, 14.4571582 ], [ 120.9551997, 14.4570489 ], [ 120.9550179, 14.456931 ], [ 120.9548116, 14.4568966 ], [ 120.9538465, 14.4567944 ], [ 120.9538786, 14.456551 ], [ 120.9544767, 14.4554751 ], [ 120.9544782, 14.4554722 ], [ 120.9546353, 14.4551622 ], [ 120.9547256, 14.4549841 ], [ 120.9550149, 14.4544123 ], [ 120.9552301, 14.453928 ], [ 120.9552839, 14.4537195 ], [ 120.9553441, 14.4533366 ], [ 120.9553579, 14.4532487 ], [ 120.955479, 14.4523675 ], [ 120.9555597, 14.4518697 ], [ 120.9557033, 14.4513638 ], [ 120.9560398, 14.4520368 ], [ 120.9562291, 14.4524627 ], [ 120.9566024, 14.4532224 ], [ 120.9569054, 14.4538916 ], [ 120.9570827, 14.4542642 ], [ 120.9571215, 14.4543457 ], [ 120.9563333, 14.4556286 ], [ 120.9562247, 14.4558054 ], [ 120.9555042, 14.4571327 ] ] ] } },
{ "type": "Feature", "properties": { "adm4_name": "P.F. Espiritu III", "adm4_ref_name": "P.F. Espiritu III", "adm4_pcode": "PH0402103054", "adm3_name": "Bacoor City", "adm3_pcode": "PH0402103", "adm2_name": "Cavite", "adm2_pcode": "PH04021", "adm1_name": "Region IV-A (Calabarzon)", "adm1_pcode": "PH04", "adm0_name": "Philippines", "adm0_pcode": "PH", "valid_on": "2025-02-13", "valid_to": null, "area_sqkm": 0.19001439, "version": "v03", "lang": "en", "center_lat": 14.45688989, "center_lon": 120.95200743 }, "bbox": [ 120.9496888, 14.4543844, 120.9546353, 14.4594462 ], "geometry": { "type": "Polygon", "coordinates": [ [ [ 120.953477, 14.4594445 ], [ 120.9533612, 14.4594462 ], [ 120.9532801, 14.4594391 ], [ 120.9522112, 14.4592933 ], [ 120.9521635, 14.4589679 ], [ 120.9520984, 14.4586165 ], [ 120.9520941, 14.4585123 ], [ 120.952075, 14.4583989 ], [ 120.9519332, 14.4584258 ], [ 120.9519445, 14.4582722 ], [ 120.9518862, 14.4582731 ], [ 120.9518261, 14.4583332 ], [ 120.9517497, 14.4583641 ], [ 120.9516159, 14.4584006 ], [ 120.9515185, 14.4583976 ], [ 120.9513451, 14.458358 ], [ 120.9512782, 14.4583154 ], [ 120.9511839, 14.458282 ], [ 120.9510713, 14.458282 ], [ 120.9508949, 14.4583276 ], [ 120.9504173, 14.4584614 ], [ 120.9501952, 14.4585588 ], [ 120.9500158, 14.4586653 ], [ 120.9496888, 14.4587666 ], [ 120.9501449, 14.4570275 ], [ 120.9503043, 14.4564197 ], [ 120.9504481, 14.455538 ], [ 120.9502372, 14.4554326 ], [ 120.9499497, 14.4552984 ], [ 120.9497964, 14.4551738 ], [ 120.9499306, 14.4549822 ], [ 120.9500839, 14.4548001 ], [ 120.950266, 14.4548767 ], [ 120.950381, 14.4549247 ], [ 120.9505248, 14.4548096 ], [ 120.9506781, 14.4547809 ], [ 120.9508219, 14.4546659 ], [ 120.950804, 14.4544872 ], [ 120.950874, 14.4544749 ], [ 120.9510427, 14.4544255 ], [ 120.9511949, 14.4544255 ], [ 120.9513142, 14.4544214 ], [ 120.9515405, 14.4544378 ], [ 120.9516145, 14.4544296 ], [ 120.9517997, 14.4544337 ], [ 120.9519766, 14.4544214 ], [ 120.9520959, 14.4544214 ], [ 120.9522564, 14.4544255 ], [ 120.952388, 14.4543844 ], [ 120.9525238, 14.4543844 ], [ 120.9526555, 14.4544337 ], [ 120.9527953, 14.4545242 ], [ 120.9529229, 14.454623 ], [ 120.9530669, 14.4547382 ], [ 120.9539089, 14.454914 ], [ 120.9544392, 14.455061 ], [ 120.9546353, 14.4551622 ], [ 120.9544782, 14.4554722 ], [ 120.9544767, 14.4554751 ], [ 120.9538786, 14.456551 ], [ 120.9538465, 14.4567944 ], [ 120.9538212, 14.4569854 ], [ 120.9537065, 14.4575879 ], [ 120.9535958, 14.4577641 ], [ 120.9535056, 14.4579978 ], [ 120.9534565, 14.4582719 ], [ 120.9534494, 14.4584905 ], [ 120.953477, 14.4594445 ] ] ] } },
{ "type": "Feature", "properties": { "adm4_name": "P.F. Espiritu IV", "adm4_ref_name": "P.F. Espiritu IV", "adm4_pcode": "PH0402103055", "adm3_name": "Bacoor City", "adm3_pcode": "PH0402103", "adm2_name": "Cavite", "adm2_pcode": "PH04021", "adm1_name": "Region IV-A (Calabarzon)", "adm1_pcode": "PH04", "adm0_name": "Philippines", "adm0_pcode": "PH", "valid_on": "2025-02-13", "valid_to": null, "area_sqkm": 0.43647007, "version": "v03", "lang": "en", "center_lat": 14.45013169, "center_lon": 120.95324757 }, "bbox": [ 120.9479612, 14.4453819, 120.9557033, 14.4551622 ], "geometry": { "type": "Polygon", "coordinates": [ [ [ 120.9547256, 14.4549841 ], [ 120.9546353, 14.4551622 ], [ 120.9544392, 14.455061 ], [ 120.9539089, 14.454914 ], [ 120.9530669, 14.4547382 ], [ 120.9529229, 14.454623 ], [ 120.9527953, 14.4545242 ], [ 120.9526555, 14.4544337 ], [ 120.9525238, 14.4543844 ], [ 120.952388, 14.4543844 ], [ 120.9522564, 14.4544255 ], [ 120.9520959, 14.4544214 ], [ 120.9519766, 14.4544214 ], [ 120.9517997, 14.4544337 ], [ 120.9516145, 14.4544296 ], [ 120.9515405, 14.4544378 ], [ 120.9513142, 14.4544214 ], [ 120.9511949, 14.4544255 ], [ 120.9510427, 14.4544255 ], [ 120.950874, 14.4544749 ], [ 120.950804, 14.4544872 ], [ 120.9507382, 14.454479 ], [ 120.9506558, 14.4544454 ], [ 120.950457, 14.4543467 ], [ 120.9494072, 14.4537112 ], [ 120.9492631, 14.4536572 ], [ 120.9492039, 14.4536495 ], [ 120.9491062, 14.4536598 ], [ 120.9489852, 14.4537164 ], [ 120.9489312, 14.4537189 ], [ 120.9488669, 14.4537035 ], [ 120.9488051, 14.4536649 ], [ 120.9487717, 14.4536263 ], [ 120.9487434, 14.4535697 ], [ 120.9487511, 14.4535002 ], [ 120.9487434, 14.4534591 ], [ 120.9487074, 14.453423 ], [ 120.9486122, 14.453387 ], [ 120.9482031, 14.4531812 ], [ 120.948131, 14.4531246 ], [ 120.9479612, 14.4529445 ], [ 120.9482227, 14.4527975 ], [ 120.948307, 14.4527281 ], [ 120.9483318, 14.452614 ], [ 120.9481036, 14.4523363 ], [ 120.9480788, 14.452242 ], [ 120.9480739, 14.4521478 ], [ 120.9481235, 14.4520684 ], [ 120.9482326, 14.4520536 ], [ 120.9489964, 14.4522024 ], [ 120.9491105, 14.4522024 ], [ 120.94917, 14.452128 ], [ 120.9491848, 14.4520486 ], [ 120.9491551, 14.4519593 ], [ 120.9490757, 14.4517957 ], [ 120.9490559, 14.4516766 ], [ 120.9490757, 14.4515824 ], [ 120.9491601, 14.451503 ], [ 120.9500478, 14.4512997 ], [ 120.9500516, 14.4512989 ], [ 120.9503608, 14.4512346 ], [ 120.9504453, 14.4512073 ], [ 120.9504962, 14.4511849 ], [ 120.9505488, 14.451141 ], [ 120.9505894, 14.4510718 ], [ 120.9505919, 14.4509961 ], [ 120.9505919, 14.4509066 ], [ 120.9505757, 14.4508072 ], [ 120.9505785, 14.4507194 ], [ 120.9506043, 14.4506408 ], [ 120.9506975, 14.4505476 ], [ 120.9510596, 14.4502978 ], [ 120.9519176, 14.4498267 ], [ 120.9521011, 14.449663 ], [ 120.9522102, 14.4494001 ], [ 120.952359, 14.4490083 ], [ 120.9524086, 14.4488546 ], [ 120.9524136, 14.4487008 ], [ 120.9522728, 14.4487588 ], [ 120.9521805, 14.4487762 ], [ 120.9520603, 14.4487797 ], [ 120.9519731, 14.4487535 ], [ 120.9519069, 14.4486995 ], [ 120.9518529, 14.4486124 ], [ 120.9518059, 14.44848 ], [ 120.9517526, 14.4483164 ], [ 120.9517397, 14.4482169 ], [ 120.9517309, 14.4480157 ], [ 120.9517588, 14.4477487 ], [ 120.9517607, 14.4477312 ], [ 120.9518149, 14.4474142 ], [ 120.951842, 14.4470973 ], [ 120.9518149, 14.4470106 ], [ 120.9517282, 14.4469374 ], [ 120.9514925, 14.4467803 ], [ 120.95146, 14.4467071 ], [ 120.9514491, 14.4466313 ], [ 120.9514708, 14.4465771 ], [ 120.9516499, 14.4462575 ], [ 120.9516821, 14.446214 ], [ 120.9518489, 14.446031 ], [ 120.9521199, 14.4458114 ], [ 120.9521439, 14.4457565 ], [ 120.9521542, 14.4457051 ], [ 120.9521542, 14.445609 ], [ 120.952192, 14.4455026 ], [ 120.9525695, 14.4454495 ], [ 120.9528724, 14.4453819 ], [ 120.9529911, 14.4456282 ], [ 120.9531639, 14.4459857 ], [ 120.9535636, 14.4468783 ], [ 120.9536724, 14.4471128 ], [ 120.9536957, 14.447162 ], [ 120.9540111, 14.4478019 ], [ 120.9540742, 14.4479236 ], [ 120.9541824, 14.448212 ], [ 120.9543176, 14.4484599 ], [ 120.9543987, 14.4485996 ], [ 120.95457, 14.4489962 ], [ 120.9549395, 14.4496677 ], [ 120.9549754, 14.4497488 ], [ 120.9550633, 14.4499655 ], [ 120.9552065, 14.4503071 ], [ 120.9556102, 14.4511756 ], [ 120.9557033, 14.4513638 ], [ 120.9555597, 14.4518697 ], [ 120.955479, 14.4523675 ], [ 120.9553579, 14.4532487 ], [ 120.9553441, 14.4533366 ], [ 120.9552839, 14.4537195 ], [ 120.9552301, 14.453928 ], [ 120.9550149, 14.4544123 ], [ 120.9547256, 14.4549841 ] ] ] } },
{ "type": "Feature", "properties": { "adm4_name": "P.F. Espiritu V", "adm4_ref_name": "P.F. Espiritu V", "adm4_pcode": "PH0402103056", "adm3_name": "Bacoor City", "adm3_pcode": "PH0402103", "adm2_name": "Cavite", "adm2_pcode": "PH04021", "adm1_name": "Region IV-A (Calabarzon)", "adm1_pcode": "PH04", "adm0_name": "Philippines", "adm0_pcode": "PH", "valid_on": "2025-02-13", "valid_to": null, "area_sqkm": 0.28008205, "version": "v03", "lang": "en", "center_lat": 14.44550505, "center_lon": 120.95625252000001 }, "bbox": [ 120.952336, 14.4426807, 120.9607963, 14.4484699 ], "geometry": { "type": "Polygon", "coordinates": [ [ [ 120.9596197, 14.4478914 ], [ 120.9592068, 14.4484699 ], [ 120.9590898, 14.4483697 ], [ 120.9578851, 14.4476193 ], [ 120.9570917, 14.447148 ], [ 120.9551424, 14.4464214 ], [ 120.9544539, 14.4461648 ], [ 120.954083, 14.4462119 ], [ 120.95403, 14.4457408 ], [ 120.9529911, 14.4456282 ], [ 120.9528724, 14.4453819 ], [ 120.9526051, 14.4447915 ], [ 120.9525495, 14.4446686 ], [ 120.952336, 14.444177 ], [ 120.9539541, 14.4436964 ], [ 120.9542251, 14.4437192 ], [ 120.9548899, 14.4440045 ], [ 120.9549698, 14.4436964 ], [ 120.9552893, 14.443742 ], [ 120.9553464, 14.4434795 ], [ 120.9556089, 14.4435708 ], [ 120.9559056, 14.4426807 ], [ 120.9581291, 14.4430157 ], [ 120.9585502, 14.4448708 ], [ 120.9603216, 14.445969 ], [ 120.9605532, 14.4461131 ], [ 120.9607963, 14.4462344 ], [ 120.9606688, 14.4464092 ], [ 120.9606029, 14.446529 ], [ 120.9605779, 14.4465744 ], [ 120.9605165, 14.4466574 ], [ 120.960443, 14.446749 ], [ 120.9599172, 14.4474746 ], [ 120.9596197, 14.4478914 ] ] ] } },
{ "type": "Feature", "properties": { "adm4_name": "P.F. Espiritu VI", "adm4_ref_name": "P.F. Espiritu VI", "adm4_pcode": "PH0402103057", "adm3_name": "Bacoor City", "adm3_pcode": "PH0402103", "adm2_name": "Cavite", "adm2_pcode": "PH04021", "adm1_name": "Region IV-A (Calabarzon)", "adm1_pcode": "PH04", "adm0_name": "Philippines", "adm0_pcode": "PH", "valid_on": "2025-02-13", "valid_to": null, "area_sqkm": 0.20020916, "version": "v03", "lang": "en", "center_lat": 14.44148285, "center_lon": 120.95359831 }, "bbox": [ 120.9509826, 14.4387745, 120.9565339, 14.4439983 ], "geometry": { "type": "Polygon", "coordinates": [ [ [ 120.9535217, 14.4436881 ], [ 120.9522551, 14.4439983 ], [ 120.952126, 14.4437345 ], [ 120.9517942, 14.4430689 ], [ 120.9516403, 14.4427605 ], [ 120.9511221, 14.441642 ], [ 120.9509826, 14.4413237 ], [ 120.9510302, 14.4412883 ], [ 120.9510683, 14.4412493 ], [ 120.9511073, 14.4411901 ], [ 120.9511617, 14.4410764 ], [ 120.9512591, 14.4408662 ], [ 120.9512851, 14.4408077 ], [ 120.9512981, 14.4407736 ], [ 120.9512997, 14.4407509 ], [ 120.9512973, 14.440729 ], [ 120.9512843, 14.4407144 ], [ 120.9512485, 14.4406981 ], [ 120.9511036, 14.4406248 ], [ 120.9510527, 14.4405944 ], [ 120.9510202, 14.4405818 ], [ 120.9509993, 14.4405518 ], [ 120.9509889, 14.4405075 ], [ 120.9509863, 14.440256 ], [ 120.9509876, 14.4402039 ], [ 120.950998, 14.4401543 ], [ 120.9510215, 14.4401218 ], [ 120.9510515, 14.4400931 ], [ 120.9511831, 14.4400318 ], [ 120.9512535, 14.4399758 ], [ 120.9513004, 14.4399367 ], [ 120.9513173, 14.4399132 ], [ 120.9513291, 14.4398911 ], [ 120.9513162, 14.4395834 ], [ 120.952778, 14.4395275 ], [ 120.9529113, 14.4387745 ], [ 120.9538019, 14.4389046 ], [ 120.9544524, 14.4390547 ], [ 120.9543323, 14.4400955 ], [ 120.9547827, 14.4402556 ], [ 120.9551429, 14.4402956 ], [ 120.9559035, 14.4402456 ], [ 120.9562237, 14.4402556 ], [ 120.9565339, 14.4403256 ], [ 120.9558734, 14.442287 ], [ 120.9549128, 14.442177 ], [ 120.9547226, 14.4427374 ], [ 120.953902, 14.4424972 ], [ 120.9535217, 14.4436881 ] ] ] } },
{ "type": "Feature", "properties": { "adm4_name": "P.F. Espiritu VII", "adm4_ref_name": "P.F. Espiritu VII", "adm4_pcode": "PH0402103058", "adm3_name": "Bacoor City", "adm3_pcode": "PH0402103", "adm2_name": "Cavite", "adm2_pcode": "PH04021", "adm1_name": "Region IV-A (Calabarzon)", "adm1_pcode": "PH04", "adm0_name": "Philippines", "adm0_pcode": "PH", "valid_on": "2025-02-13", "valid_to": null, "area_sqkm": 0.1768917, "version": "v03", "lang": "en", "center_lat": 14.43838257, "center_lon": 120.9512892 }, "bbox": [ 120.9484755, 14.435512, 120.9534978, 14.4413237 ], "geometry": { "type": "Polygon", "coordinates": [ [ [ 120.9510302, 14.4412883 ], [ 120.9509826, 14.4413237 ], [ 120.9504468, 14.4402126 ], [ 120.9502057, 14.439699 ], [ 120.9499811, 14.439222 ], [ 120.9497342, 14.4386641 ], [ 120.9495488, 14.4382646 ], [ 120.9490228, 14.4371319 ], [ 120.9488714, 14.4368407 ], [ 120.9487725, 14.4366078 ], [ 120.9484755, 14.4359556 ], [ 120.9491612, 14.4356725 ], [ 120.9495674, 14.435512 ], [ 120.9497674, 14.4358911 ], [ 120.9499696, 14.4359058 ], [ 120.9512352, 14.4360405 ], [ 120.9521882, 14.4360913 ], [ 120.9534978, 14.4360198 ], [ 120.9533187, 14.4368087 ], [ 120.9532779, 14.4369847 ], [ 120.9530112, 14.4381359 ], [ 120.952986, 14.4382397 ], [ 120.9529657, 14.4385005 ], [ 120.9529113, 14.4387745 ], [ 120.952778, 14.4395275 ], [ 120.9513162, 14.4395834 ], [ 120.9513291, 14.4398911 ], [ 120.9513173, 14.4399132 ], [ 120.9513004, 14.4399367 ], [ 120.9512535, 14.4399758 ], [ 120.9511831, 14.4400318 ], [ 120.9510515, 14.4400931 ], [ 120.9510215, 14.4401218 ], [ 120.950998, 14.4401543 ], [ 120.9509876, 14.4402039 ], [ 120.9509863, 14.440256 ], [ 120.9509889, 14.4405075 ], [ 120.9509993, 14.4405518 ], [ 120.9510202, 14.4405818 ], [ 120.9510527, 14.4405944 ], [ 120.9511036, 14.4406248 ], [ 120.9512485, 14.4406981 ], [ 120.9512843, 14.4407144 ], [ 120.9512973, 14.440729 ], [ 120.9512997, 14.4407509 ], [ 120.9512981, 14.4407736 ], [ 120.9512851, 14.4408077 ], [ 120.9512591, 14.4408662 ], [ 120.9511617, 14.4410764 ], [ 120.9511073, 14.4411901 ], [ 120.9510683, 14.4412493 ], [ 120.9510302, 14.4412883 ] ] ] } },
{ "type": "Feature", "properties": { "adm4_name": "P.F. Espiritu VIII", "adm4_ref_name": "P.F. Espiritu VIII", "adm4_pcode": "PH0402103059", "adm3_name": "Bacoor City", "adm3_pcode": "PH0402103", "adm2_name": "Cavite", "adm2_pcode": "PH04021", "adm1_name": "Region IV-A (Calabarzon)", "adm1_pcode": "PH04", "adm0_name": "Philippines", "adm0_pcode": "PH", "valid_on": "2025-02-13", "valid_to": null, "area_sqkm": 0.9593725, "version": "v03", "lang": "en", "center_lat": 14.43925089, "center_lon": 120.95882054 }, "bbox": [ 120.9522551, 14.4323068, 120.9641395, 14.445969 ], "geometry": { "type": "Polygon", "coordinates": [ [ [ 120.9604708, 14.4456654 ], [ 120.9603216, 14.445969 ], [ 120.9585502, 14.4448708 ], [ 120.9581291, 14.4430157 ], [ 120.9559056, 14.4426807 ], [ 120.9556089, 14.4435708 ], [ 120.9553464, 14.4434795 ], [ 120.9552893, 14.443742 ], [ 120.9549698, 14.4436964 ], [ 120.9548899, 14.4440045 ], [ 120.9542251, 14.4437192 ], [ 120.9539541, 14.4436964 ], [ 120.952336, 14.444177 ], [ 120.9522551, 14.4439983 ], [ 120.9535217, 14.4436881 ], [ 120.953902, 14.4424972 ], [ 120.9547226, 14.4427374 ], [ 120.9549128, 14.442177 ], [ 120.9558734, 14.442287 ], [ 120.9565339, 14.4403256 ], [ 120.9562237, 14.4402556 ], [ 120.9559035, 14.4402456 ], [ 120.9551429, 14.4402956 ], [ 120.9547827, 14.4402556 ], [ 120.9543323, 14.4400955 ], [ 120.9544524, 14.4390547 ], [ 120.9538019, 14.4389046 ], [ 120.9529113, 14.4387745 ], [ 120.9529657, 14.4385005 ], [ 120.952986, 14.4382397 ], [ 120.9530112, 14.4381359 ], [ 120.9532779, 14.4369847 ], [ 120.9533187, 14.4368087 ], [ 120.9567366, 14.4368283 ], [ 120.9567684, 14.4362091 ], [ 120.9567792, 14.4358958 ], [ 120.9568044, 14.4355445 ], [ 120.9567729, 14.4353711 ], [ 120.9568095, 14.4351651 ], [ 120.9568365, 14.4345325 ], [ 120.9568637, 14.4340464 ], [ 120.9564671, 14.4338642 ], [ 120.9557208, 14.4338163 ], [ 120.9557384, 14.4330265 ], [ 120.9557442, 14.432314 ], [ 120.9576692, 14.4323068 ], [ 120.9578447, 14.4326052 ], [ 120.9601063, 14.4329595 ], [ 120.9617328, 14.4327991 ], [ 120.9625575, 14.4326846 ], [ 120.964089, 14.4329411 ], [ 120.9640748, 14.4331251 ], [ 120.964045, 14.4335133 ], [ 120.9640711, 14.433869 ], [ 120.9641389, 14.4342725 ], [ 120.9641395, 14.4343795 ], [ 120.9639284, 14.4355062 ], [ 120.9638191, 14.436061 ], [ 120.9635086, 14.4377671 ], [ 120.9631326, 14.4396434 ], [ 120.9630301, 14.4401598 ], [ 120.9622054, 14.4399052 ], [ 120.9603931, 14.4394471 ], [ 120.9602607, 14.4401496 ], [ 120.9601813, 14.4401329 ], [ 120.9594869, 14.4399867 ], [ 120.9590972, 14.4411254 ], [ 120.959039, 14.4413001 ], [ 120.9607902, 14.4417888 ], [ 120.960572, 14.4424182 ], [ 120.9597002, 14.444542 ], [ 120.9600984, 14.44472 ], [ 120.9607744, 14.4450737 ], [ 120.9606921, 14.4452229 ], [ 120.9604708, 14.4456654 ] ] ] } },
{ "type": "Feature", "properties": { "adm4_name": "Real II", "adm4_ref_name": "Real II", "adm4_pcode": "PH0402103060", "adm3_name": "Bacoor City", "adm3_pcode": "PH0402103", "adm2_name": "Cavite", "adm2_pcode": "PH04021", "adm1_name": "Region IV-A (Calabarzon)", "adm1_pcode": "PH04", "adm0_name": "Philippines", "adm0_pcode": "PH", "valid_on": "2025-02-13", "valid_to": null, "area_sqkm": 0.34934537, "version": "v03", "lang": "en", "center_lat": 14.43487605, "center_lon": 120.95238987 }, "bbox": [ 120.9471317, 14.4325618, 120.9568637, 14.4368283 ], "geometry": { "type": "Polygon", "coordinates": [ [ [ 120.9567684, 14.4362091 ], [ 120.9567366, 14.4368283 ], [ 120.9533187, 14.4368087 ], [ 120.9534978, 14.4360198 ], [ 120.9521882, 14.4360913 ], [ 120.9512352, 14.4360405 ], [ 120.9499696, 14.4359058 ], [ 120.9497674, 14.4358911 ], [ 120.9495674, 14.435512 ], [ 120.9491612, 14.4356725 ], [ 120.9484755, 14.4359556 ], [ 120.9483066, 14.4356412 ], [ 120.9481319, 14.4352161 ], [ 120.9478099, 14.434587 ], [ 120.9476736, 14.4342828 ], [ 120.9475, 14.4339135 ], [ 120.947382, 14.4336701 ], [ 120.9471317, 14.4331291 ], [ 120.9484881, 14.4333434 ], [ 120.9485921, 14.4327096 ], [ 120.9486208, 14.4327565 ], [ 120.9486586, 14.4327886 ], [ 120.9486929, 14.4328092 ], [ 120.9487491, 14.4328321 ], [ 120.9487938, 14.4328413 ], [ 120.9488705, 14.4328356 ], [ 120.948937, 14.4328046 ], [ 120.9489828, 14.4327817 ], [ 120.9490194, 14.4327577 ], [ 120.949095, 14.4326843 ], [ 120.9491546, 14.4326305 ], [ 120.9492176, 14.4326007 ], [ 120.9494152, 14.4325618 ], [ 120.9503655, 14.4327098 ], [ 120.9508648, 14.4327875 ], [ 120.9515143, 14.4328591 ], [ 120.9530505, 14.4329651 ], [ 120.9544641, 14.4329885 ], [ 120.9557384, 14.4330265 ], [ 120.9557208, 14.4338163 ], [ 120.9564671, 14.4338642 ], [ 120.9568637, 14.4340464 ], [ 120.9568365, 14.4345325 ], [ 120.9568095, 14.4351651 ], [ 120.9567729, 14.4353711 ], [ 120.9568044, 14.4355445 ], [ 120.9567792, 14.4358958 ], [ 120.9567684, 14.4362091 ] ] ] } },
{ "type": "Feature", "properties": { "adm4_name": "Salinas II", "adm4_ref_name": "Salinas II", "adm4_pcode": "PH0402103061", "adm3_name": "Bacoor City", "adm3_pcode": "PH0402103", "adm2_name": "Cavite", "adm2_pcode": "PH04021", "adm1_name": "Region IV-A (Calabarzon)", "adm1_pcode": "PH04", "adm0_name": "Philippines", "adm0_pcode": "PH", "valid_on": "2025-02-13", "valid_to": null, "area_sqkm": 0.43163861, "version": "v03", "lang": "en", "center_lat": 14.44178585, "center_lon": 120.94104577 }, "bbox": [ 120.9375853, 14.4375907, 120.9453641, 14.4458955 ], "geometry": { "type": "Polygon", "coordinates": [ [ [ 120.9413666, 14.4457645 ], [ 120.9410432, 14.4458955 ], [ 120.9407204, 14.4456957 ], [ 120.9405332, 14.4455382 ], [ 120.9403067, 14.445548 ], [ 120.9399325, 14.445223 ], [ 120.9395287, 14.4447011 ], [ 120.9393428, 14.444421 ], [ 120.9393832, 14.4441732 ], [ 120.9375853, 14.4434587 ], [ 120.9376392, 14.4431293 ], [ 120.938027, 14.4422119 ], [ 120.9385348, 14.4410107 ], [ 120.9390205, 14.4392456 ], [ 120.9390545, 14.4389997 ], [ 120.9392934, 14.4383308 ], [ 120.9394791, 14.4378107 ], [ 120.939578, 14.4375907 ], [ 120.9453641, 14.4387409 ], [ 120.9452554, 14.4389353 ], [ 120.9452191, 14.4391561 ], [ 120.9451928, 14.4392616 ], [ 120.9452026, 14.4393439 ], [ 120.9451829, 14.4394494 ], [ 120.9451268, 14.4394955 ], [ 120.9446688, 14.4395845 ], [ 120.9444447, 14.4395977 ], [ 120.9442931, 14.4396405 ], [ 120.9443359, 14.4399239 ], [ 120.9442766, 14.4400162 ], [ 120.9442041, 14.4400656 ], [ 120.9439767, 14.4400591 ], [ 120.9439273, 14.4401975 ], [ 120.943667, 14.4401975 ], [ 120.9436769, 14.4405468 ], [ 120.9436769, 14.4406588 ], [ 120.9437461, 14.4407511 ], [ 120.943779, 14.4408137 ], [ 120.9436867, 14.4409785 ], [ 120.943545, 14.4412817 ], [ 120.9435516, 14.4414069 ], [ 120.943634, 14.4415684 ], [ 120.9438021, 14.4417002 ], [ 120.9439669, 14.4418715 ], [ 120.9440394, 14.442089 ], [ 120.9440558, 14.442234 ], [ 120.9440459, 14.4424219 ], [ 120.9439965, 14.442524 ], [ 120.9438416, 14.4425768 ], [ 120.943634, 14.4425833 ], [ 120.9433935, 14.4426295 ], [ 120.94339, 14.4426361 ], [ 120.9433045, 14.4428008 ], [ 120.943232, 14.4429755 ], [ 120.9431793, 14.4432227 ], [ 120.9431298, 14.4433841 ], [ 120.9430277, 14.443539 ], [ 120.9429486, 14.4435917 ], [ 120.9429354, 14.4436181 ], [ 120.9428365, 14.4436181 ], [ 120.9427146, 14.4437071 ], [ 120.9427113, 14.4437994 ], [ 120.9426657, 14.4439674 ], [ 120.9426064, 14.4439718 ], [ 120.94249, 14.4439477 ], [ 120.9423977, 14.4440641 ], [ 120.9423537, 14.4441937 ], [ 120.9423844, 14.444285 ], [ 120.9419891, 14.4447056 ], [ 120.9417386, 14.4451252 ], [ 120.9416397, 14.4452636 ], [ 120.9415211, 14.4453054 ], [ 120.9414486, 14.4453317 ], [ 120.9414113, 14.4453603 ], [ 120.9414091, 14.4454064 ], [ 120.9414552, 14.4454262 ], [ 120.941504, 14.4454284 ], [ 120.9415927, 14.4454432 ], [ 120.9416223, 14.4455299 ], [ 120.9416054, 14.4456334 ], [ 120.9415166, 14.445699 ], [ 120.9413666, 14.4457645 ] ] ] } },
{ "type": "Feature", "properties": { "adm4_name": "Salinas III", "adm4_ref_name": "Salinas III", "adm4_pcode": "PH0402103062", "adm3_name": "Bacoor City", "adm3_pcode": "PH0402103", "adm2_name": "Cavite", "adm2_pcode": "PH04021", "adm1_name": "Region IV-A (Calabarzon)", "adm1_pcode": "PH04", "adm0_name": "Philippines", "adm0_pcode": "PH", "valid_on": "2025-02-13", "valid_to": null, "area_sqkm": 0.14289588, "version": "v03", "lang": "en", "center_lat": 14.43714562, "center_lon": 120.94287321 }, "bbox": [ 120.939578, 14.4353106, 120.946057, 14.4387409 ], "geometry": { "type": "Polygon", "coordinates": [ [ [ 120.9456772, 14.4383751 ], [ 120.9453641, 14.4387409 ], [ 120.939578, 14.4375907 ], [ 120.9399852, 14.4364062 ], [ 120.9403619, 14.4353106 ], [ 120.9424355, 14.4360577 ], [ 120.9423755, 14.4362743 ], [ 120.9425334, 14.4363211 ], [ 120.9427206, 14.4363913 ], [ 120.9429759, 14.4364593 ], [ 120.9431711, 14.4365025 ], [ 120.9433541, 14.4365307 ], [ 120.9436333, 14.4365727 ], [ 120.944072, 14.436637 ], [ 120.9457276, 14.4368886 ], [ 120.946057, 14.4369279 ], [ 120.9459738, 14.4373634 ], [ 120.9459342, 14.4376106 ], [ 120.9459639, 14.4377457 ], [ 120.9458881, 14.4381246 ], [ 120.9456772, 14.4383751 ] ] ] } },
{ "type": "Feature", "properties": { "adm4_name": "Salinas IV", "adm4_ref_name": "Salinas IV", "adm4_pcode": "PH0402103063", "adm3_name": "Bacoor City", "adm3_pcode": "PH0402103", "adm2_name": "Cavite", "adm2_pcode": "PH04021", "adm1_name": "Region IV-A (Calabarzon)", "adm1_pcode": "PH04", "adm0_name": "Philippines", "adm0_pcode": "PH", "valid_on": "2025-02-13", "valid_to": null, "area_sqkm": 0.17040074, "version": "v03", "lang": "en", "center_lat": 14.43851958, "center_lon": 120.94761033 }, "bbox": [ 120.943667, 14.4359556, 120.9497342, 14.4408137 ], "geometry": { "type": "Polygon", "coordinates": [ [ [ 120.9452153, 14.4407299 ], [ 120.943779, 14.4408137 ], [ 120.9437461, 14.4407511 ], [ 120.9436769, 14.4406588 ], [ 120.9436769, 14.4405468 ], [ 120.943667, 14.4401975 ], [ 120.9439273, 14.4401975 ], [ 120.9439767, 14.4400591 ], [ 120.9442041, 14.4400656 ], [ 120.9442766, 14.4400162 ], [ 120.9443359, 14.4399239 ], [ 120.9442931, 14.4396405 ], [ 120.9444447, 14.4395977 ], [ 120.9446688, 14.4395845 ], [ 120.9451268, 14.4394955 ], [ 120.9451829, 14.4394494 ], [ 120.9452026, 14.4393439 ], [ 120.9451928, 14.4392616 ], [ 120.9452191, 14.4391561 ], [ 120.9452554, 14.4389353 ], [ 120.9453641, 14.4387409 ], [ 120.9456772, 14.4383751 ], [ 120.9458881, 14.4381246 ], [ 120.9459639, 14.4377457 ], [ 120.9459342, 14.4376106 ], [ 120.9459738, 14.4373634 ], [ 120.946057, 14.4369279 ], [ 120.946155, 14.4364341 ], [ 120.94616, 14.4364003 ], [ 120.9473651, 14.4365848 ], [ 120.9484755, 14.4359556 ], [ 120.9487725, 14.4366078 ], [ 120.9488714, 14.4368407 ], [ 120.9490228, 14.4371319 ], [ 120.9495488, 14.4382646 ], [ 120.9497342, 14.4386641 ], [ 120.9494045, 14.4387827 ], [ 120.9493613, 14.4388345 ], [ 120.9491755, 14.4392492 ], [ 120.9490157, 14.4397072 ], [ 120.9489379, 14.4397461 ], [ 120.9479587, 14.4396246 ], [ 120.9467404, 14.4394965 ], [ 120.9466462, 14.4405323 ], [ 120.9463489, 14.440502 ], [ 120.9460082, 14.4405872 ], [ 120.9458697, 14.4406156 ], [ 120.9452153, 14.4407299 ] ] ] } },
{ "type": "Feature", "properties": { "adm4_name": "San Nicolas II", "adm4_ref_name": "San Nicolas II", "adm4_pcode": "PH0402103064", "adm3_name": "Bacoor City", "adm3_pcode": "PH0402103", "adm2_name": "Cavite", "adm2_pcode": "PH04021", "adm1_name": "Region IV-A (Calabarzon)", "adm1_pcode": "PH04", "adm0_name": "Philippines", "adm0_pcode": "PH", "valid_on": "2025-02-13", "valid_to": null, "area_sqkm": 0.98922318, "version": "v03", "lang": "en", "center_lat": 14.43207117, "center_lon": 120.97751836 }, "bbox": [ 120.968825, 14.4276952, 120.985296, 14.4365067 ], "geometry": { "type": "Polygon", "coordinates": [ [ [ 120.9780626, 14.4362506 ], [ 120.9778937, 14.4365067 ], [ 120.9777804, 14.4363745 ], [ 120.9774931, 14.4360224 ], [ 120.9773325, 14.4359542 ], [ 120.9771379, 14.4359542 ], [ 120.9769821, 14.4359153 ], [ 120.9768896, 14.435818 ], [ 120.9768556, 14.4357303 ], [ 120.9768458, 14.4356281 ], [ 120.976914, 14.4355113 ], [ 120.9770308, 14.4353994 ], [ 120.9772449, 14.4352582 ], [ 120.9759842, 14.4351918 ], [ 120.9755533, 14.4351784 ], [ 120.9754194, 14.435194 ], [ 120.9750912, 14.4352208 ], [ 120.975014, 14.4352215 ], [ 120.9746265, 14.435225 ], [ 120.9735518, 14.4352597 ], [ 120.9710193, 14.4353323 ], [ 120.968825, 14.4353471 ], [ 120.968825, 14.4352821 ], [ 120.9688403, 14.4352077 ], [ 120.9688766, 14.4351198 ], [ 120.9689472, 14.4350415 ], [ 120.9692834, 14.4347016 ], [ 120.9693717, 14.4346226 ], [ 120.9693978, 14.4345883 ], [ 120.9694186, 14.4345398 ], [ 120.9694169, 14.4344809 ], [ 120.9694178, 14.4344297 ], [ 120.9694254, 14.4343955 ], [ 120.9694434, 14.434356 ], [ 120.9694868, 14.4343125 ], [ 120.9695356, 14.4342908 ], [ 120.9695737, 14.4342843 ], [ 120.9696226, 14.4342591 ], [ 120.9696519, 14.43423 ], [ 120.9696953, 14.4341865 ], [ 120.9697103, 14.4341574 ], [ 120.969717, 14.4341375 ], [ 120.9697162, 14.434122 ], [ 120.9697081, 14.4341095 ], [ 120.9696919, 14.4340866 ], [ 120.9696742, 14.434066 ], [ 120.9696418, 14.434049 ], [ 120.9696108, 14.4340225 ], [ 120.9695737, 14.4339802 ], [ 120.9695504, 14.4339193 ], [ 120.9695389, 14.4338651 ], [ 120.9695259, 14.4335697 ], [ 120.9696895, 14.4331324 ], [ 120.9698992, 14.4328161 ], [ 120.9701734, 14.4324687 ], [ 120.970408, 14.4322725 ], [ 120.9704505, 14.4321968 ], [ 120.9704647, 14.4321212 ], [ 120.97046, 14.4320147 ], [ 120.9704103, 14.4316884 ], [ 120.970337, 14.4314803 ], [ 120.9703772, 14.4313478 ], [ 120.9703772, 14.4312698 ], [ 120.9703063, 14.4310286 ], [ 120.9702312, 14.430695 ], [ 120.9702137, 14.430659 ], [ 120.9701674, 14.4306394 ], [ 120.9700994, 14.430625 ], [ 120.9700633, 14.4306054 ], [ 120.9700232, 14.4305766 ], [ 120.9699799, 14.4305333 ], [ 120.9699521, 14.4304694 ], [ 120.9699356, 14.4303922 ], [ 120.9699562, 14.4303211 ], [ 120.9700196, 14.430263 ], [ 120.970172, 14.4301734 ], [ 120.9701927, 14.4301173 ], [ 120.9701874, 14.4300818 ], [ 120.9701341, 14.429977 ], [ 120.9701003, 14.4299272 ], [ 120.9700204, 14.4298686 ], [ 120.9699102, 14.429794 ], [ 120.9698165, 14.4297612 ], [ 120.9697184, 14.4297336 ], [ 120.969642, 14.429723 ], [ 120.9695852, 14.4296821 ], [ 120.969571, 14.4296359 ], [ 120.9695816, 14.4295951 ], [ 120.9696134, 14.429576 ], [ 120.9697308, 14.4295649 ], [ 120.9697806, 14.4295506 ], [ 120.9698225, 14.4295252 ], [ 120.969841, 14.4294885 ], [ 120.9698463, 14.4294512 ], [ 120.9710939, 14.4294956 ], [ 120.9720417, 14.4294649 ], [ 120.9724543, 14.4294516 ], [ 120.9736774, 14.4294518 ], [ 120.9749299, 14.4294653 ], [ 120.9756805, 14.4294852 ], [ 120.9757682, 14.4290202 ], [ 120.9758101, 14.428737 ], [ 120.9758663, 14.4283589 ], [ 120.9759085, 14.4280445 ], [ 120.975953, 14.4277788 ], [ 120.9770886, 14.42782 ], [ 120.9773903, 14.4278309 ], [ 120.9774031, 14.4279434 ], [ 120.9774222, 14.4280431 ], [ 120.9774625, 14.4281173 ], [ 120.9775452, 14.428164 ], [ 120.9776258, 14.4281704 ], [ 120.9777191, 14.4281322 ], [ 120.9778082, 14.4280303 ], [ 120.9779355, 14.4277715 ], [ 120.9780055, 14.42771 ], [ 120.9780925, 14.4276952 ], [ 120.9781837, 14.4277185 ], [ 120.9782601, 14.4277864 ], [ 120.9783259, 14.4278861 ], [ 120.9783831, 14.4279837 ], [ 120.9784595, 14.4281279 ], [ 120.9785168, 14.4282361 ], [ 120.9785571, 14.4283761 ], [ 120.9785889, 14.4284546 ], [ 120.9786016, 14.4285755 ], [ 120.9785847, 14.4286816 ], [ 120.9785401, 14.4287622 ], [ 120.9784319, 14.428881 ], [ 120.9782983, 14.4290635 ], [ 120.9782559, 14.429161 ], [ 120.9782368, 14.4292607 ], [ 120.9782622, 14.4293795 ], [ 120.9782983, 14.4294559 ], [ 120.9783343, 14.4295174 ], [ 120.978398, 14.4295832 ], [ 120.9785083, 14.429632 ], [ 120.9786101, 14.4296596 ], [ 120.9789411, 14.429702 ], [ 120.979028, 14.4297402 ], [ 120.9846092, 14.4297581 ], [ 120.9848369, 14.4298567 ], [ 120.9849962, 14.4299174 ], [ 120.9851025, 14.4299478 ], [ 120.9851708, 14.4300161 ], [ 120.9852656, 14.4301679 ], [ 120.985296, 14.4303007 ], [ 120.9852542, 14.43046 ], [ 120.9851518, 14.4305587 ], [ 120.9849203, 14.430737 ], [ 120.9848331, 14.4307901 ], [ 120.9847268, 14.4308091 ], [ 120.9846509, 14.4307901 ], [ 120.9845637, 14.430775 ], [ 120.9845072, 14.4307437 ], [ 120.9844536, 14.4306573 ], [ 120.9844149, 14.4305513 ], [ 120.9843853, 14.4304828 ], [ 120.9843303, 14.4304283 ], [ 120.9842411, 14.4303803 ], [ 120.9841235, 14.4304069 ], [ 120.9840287, 14.4305056 ], [ 120.9839687, 14.4306898 ], [ 120.9839502, 14.4309069 ], [ 120.9838918, 14.4312325 ], [ 120.9839094, 14.4314238 ], [ 120.9839245, 14.4314557 ], [ 120.9840034, 14.4315478 ], [ 120.9840409, 14.4315759 ], [ 120.9841988, 14.4316441 ], [ 120.9843772, 14.4316905 ], [ 120.9844129, 14.4317187 ], [ 120.9844862, 14.4318074 ], [ 120.984582, 14.4319817 ], [ 120.9845876, 14.4320212 ], [ 120.984545, 14.4321797 ], [ 120.9843556, 14.4323887 ], [ 120.9841988, 14.4325847 ], [ 120.9841496, 14.4327072 ], [ 120.9841357, 14.4327296 ], [ 120.9841412, 14.4327534 ], [ 120.9841776, 14.4327995 ], [ 120.984185, 14.4328224 ], [ 120.9841748, 14.4328457 ], [ 120.9841259, 14.4329017 ], [ 120.9841133, 14.4329199 ], [ 120.9841091, 14.4329465 ], [ 120.984097, 14.4330857 ], [ 120.9841159, 14.4332186 ], [ 120.9841072, 14.4333977 ], [ 120.9840362, 14.4335069 ], [ 120.9838764, 14.4336207 ], [ 120.9837706, 14.4336891 ], [ 120.9836149, 14.4337284 ], [ 120.9833918, 14.4337284 ], [ 120.9831939, 14.4336966 ], [ 120.9829169, 14.4336663 ], [ 120.9826131, 14.4337514 ], [ 120.9824164, 14.4338876 ], [ 120.98225, 14.4341296 ], [ 120.9822242, 14.4341912 ], [ 120.9822001, 14.4343193 ], [ 120.9821859, 14.4343587 ], [ 120.9821475, 14.4343905 ], [ 120.9821191, 14.4344036 ], [ 120.9820786, 14.4344091 ], [ 120.9820468, 14.4343959 ], [ 120.9820195, 14.4343642 ], [ 120.9818892, 14.4342328 ], [ 120.9818703, 14.4342212 ], [ 120.9818465, 14.4342131 ], [ 120.9818244, 14.4342156 ], [ 120.9817994, 14.4342262 ], [ 120.9816637, 14.4343324 ], [ 120.981607, 14.434349 ], [ 120.9815542, 14.4343521 ], [ 120.9815104, 14.4343368 ], [ 120.9814787, 14.4343138 ], [ 120.9814403, 14.434258 ], [ 120.9814294, 14.4342186 ], [ 120.9813987, 14.4341606 ], [ 120.9813287, 14.4341124 ], [ 120.9812871, 14.4340971 ], [ 120.9812323, 14.4340971 ], [ 120.9811864, 14.4341146 ], [ 120.9811294, 14.4341562 ], [ 120.9811075, 14.4342044 ], [ 120.981101, 14.4342449 ], [ 120.9811054, 14.4342832 ], [ 120.9811163, 14.4343292 ], [ 120.9811119, 14.4343708 ], [ 120.9810911, 14.434408 ], [ 120.9810493, 14.4344517 ], [ 120.9809876, 14.434508 ], [ 120.9809184, 14.4345527 ], [ 120.980856, 14.4345873 ], [ 120.9807862, 14.4346063 ], [ 120.9807102, 14.4346083 ], [ 120.9806349, 14.4346138 ], [ 120.9805664, 14.4346287 ], [ 120.9803514, 14.4347121 ], [ 120.9800564, 14.4349012 ], [ 120.9797235, 14.4350147 ], [ 120.9795193, 14.4350374 ], [ 120.9792848, 14.4350676 ], [ 120.9791562, 14.4351054 ], [ 120.9789974, 14.4352718 ], [ 120.9788688, 14.4354761 ], [ 120.9788601, 14.4354867 ], [ 120.978604, 14.4358013 ], [ 120.9782939, 14.4360964 ], [ 120.9780626, 14.4362506 ] ] ] } },
{ "type": "Feature", "properties": { "adm4_name": "San Nicolas III", "adm4_ref_name": "San Nicolas III", "adm4_pcode": "PH0402103065", "adm3_name": "Bacoor City", "adm3_pcode": "PH0402103", "adm2_name": "Cavite", "adm2_pcode": "PH04021", "adm1_name": "Region IV-A (Calabarzon)", "adm1_pcode": "PH04", "adm0_name": "Philippines", "adm0_pcode": "PH", "valid_on": "2025-02-13", "valid_to": null, "area_sqkm": 2.03925326, "version": "v03", "lang": "en", "center_lat": 14.41634015, "center_lon": 120.9892799 }, "bbox": [ 120.968742, 14.4028754, 120.9953561, 14.4297581 ], "geometry": { "type": "Polygon", "coordinates": [ [ [ 120.9844954, 14.4296632 ], [ 120.9846092, 14.4297581 ], [ 120.979028, 14.4297402 ], [ 120.9789411, 14.429702 ], [ 120.9786101, 14.4296596 ], [ 120.9785083, 14.429632 ], [ 120.978398, 14.4295832 ], [ 120.9783343, 14.4295174 ], [ 120.9782983, 14.4294559 ], [ 120.9782622, 14.4293795 ], [ 120.9782368, 14.4292607 ], [ 120.9782559, 14.429161 ], [ 120.9782983, 14.4290635 ], [ 120.9784319, 14.428881 ], [ 120.9785401, 14.4287622 ], [ 120.9785847, 14.4286816 ], [ 120.9786016, 14.4285755 ], [ 120.9785889, 14.4284546 ], [ 120.9785571, 14.4283761 ], [ 120.9785168, 14.4282361 ], [ 120.9784595, 14.4281279 ], [ 120.9783831, 14.4279837 ], [ 120.9783259, 14.4278861 ], [ 120.9782601, 14.4277864 ], [ 120.9781837, 14.4277185 ], [ 120.9780925, 14.4276952 ], [ 120.9780055, 14.42771 ], [ 120.9779355, 14.4277715 ], [ 120.9778082, 14.4280303 ], [ 120.9777191, 14.4281322 ], [ 120.9776258, 14.4281704 ], [ 120.9775452, 14.428164 ], [ 120.9774625, 14.4281173 ], [ 120.9774222, 14.4280431 ], [ 120.9774031, 14.4279434 ], [ 120.9773903, 14.4278309 ], [ 120.9770886, 14.42782 ], [ 120.975953, 14.4277788 ], [ 120.9759085, 14.4280445 ], [ 120.9758663, 14.4283589 ], [ 120.9758101, 14.428737 ], [ 120.9757682, 14.4290202 ], [ 120.9756805, 14.4294852 ], [ 120.9749299, 14.4294653 ], [ 120.9736774, 14.4294518 ], [ 120.9724543, 14.4294516 ], [ 120.9720417, 14.4294649 ], [ 120.9710939, 14.4294956 ], [ 120.9698463, 14.4294512 ], [ 120.969829, 14.4292223 ], [ 120.9698538, 14.4289618 ], [ 120.969851, 14.4288778 ], [ 120.9698442, 14.4288445 ], [ 120.9698351, 14.428819 ], [ 120.9698115, 14.4288033 ], [ 120.9697853, 14.4287935 ], [ 120.9697063, 14.4287786 ], [ 120.9696858, 14.4287778 ], [ 120.9696649, 14.4287856 ], [ 120.9696499, 14.4288103 ], [ 120.969643, 14.4288502 ], [ 120.9696402, 14.4289274 ], [ 120.9696468, 14.4290081 ], [ 120.9696463, 14.4290282 ], [ 120.9696401, 14.4290479 ], [ 120.9696264, 14.4290604 ], [ 120.9696075, 14.4290676 ], [ 120.9695859, 14.4290656 ], [ 120.9695534, 14.4290583 ], [ 120.9694638, 14.4290459 ], [ 120.9692985, 14.4290445 ], [ 120.9692585, 14.4290445 ], [ 120.9692213, 14.4290611 ], [ 120.969191, 14.4290872 ], [ 120.9691469, 14.4290969 ], [ 120.9691028, 14.42909 ], [ 120.9690587, 14.4290652 ], [ 120.9690353, 14.4290197 ], [ 120.9690339, 14.4289632 ], [ 120.9690422, 14.4289274 ], [ 120.9690674, 14.4288638 ], [ 120.9690863, 14.4288351 ], [ 120.9691124, 14.428762 ], [ 120.9691207, 14.4287 ], [ 120.9691124, 14.4286449 ], [ 120.969104, 14.4285864 ], [ 120.9690885, 14.4285497 ], [ 120.9690574, 14.4285309 ], [ 120.9690041, 14.4285275 ], [ 120.9689176, 14.4285287 ], [ 120.9688709, 14.4285176 ], [ 120.9688487, 14.4284965 ], [ 120.9688343, 14.4284698 ], [ 120.9688189, 14.4284634 ], [ 120.9687762, 14.4284505 ], [ 120.968742, 14.4284224 ], [ 120.9687437, 14.4283866 ], [ 120.9687505, 14.4283575 ], [ 120.9687642, 14.4283097 ], [ 120.9688257, 14.42812 ], [ 120.9688359, 14.4280739 ], [ 120.9688376, 14.4280312 ], [ 120.9688154, 14.4280055 ], [ 120.9700516, 14.4280221 ], [ 120.9700593, 14.4280222 ], [ 120.9727346, 14.4280579 ], [ 120.9732865, 14.4280653 ], [ 120.9750034, 14.4280883 ], [ 120.975011, 14.4279195 ], [ 120.9750144, 14.427818 ], [ 120.9749946, 14.4272552 ], [ 120.974966, 14.4267241 ], [ 120.974922, 14.4264145 ], [ 120.9748879, 14.426201 ], [ 120.9748906, 14.425975 ], [ 120.9748992, 14.4250973 ], [ 120.9748935, 14.4244851 ], [ 120.9748992, 14.4242304 ], [ 120.9749076, 14.4239017 ], [ 120.9765925, 14.4239891 ], [ 120.978643, 14.4240956 ], [ 120.978643, 14.4235689 ], [ 120.9785746, 14.4233635 ], [ 120.9785324, 14.4231265 ], [ 120.9785061, 14.4226525 ], [ 120.9786062, 14.4222681 ], [ 120.9786694, 14.4221891 ], [ 120.9787273, 14.422147 ], [ 120.978959, 14.4221259 ], [ 120.9790854, 14.4221259 ], [ 120.9791591, 14.4220785 ], [ 120.9791907, 14.4220048 ], [ 120.9791697, 14.4218994 ], [ 120.9790907, 14.4217836 ], [ 120.9806776, 14.4207133 ], [ 120.9854075, 14.4195921 ], [ 120.985916, 14.4195516 ], [ 120.9883063, 14.419361 ], [ 120.9883021, 14.4192925 ], [ 120.9882797, 14.4192199 ], [ 120.9882434, 14.4191332 ], [ 120.9882238, 14.4190368 ], [ 120.9882392, 14.4189474 ], [ 120.9882951, 14.4187699 ], [ 120.9883133, 14.4187014 ], [ 120.9883202, 14.4185645 ], [ 120.9883174, 14.4184708 ], [ 120.9883342, 14.4184261 ], [ 120.9883733, 14.4183842 ], [ 120.9883887, 14.4183646 ], [ 120.9883943, 14.4183437 ], [ 120.9883845, 14.4183143 ], [ 120.988358, 14.4183017 ], [ 120.9883105, 14.418285 ], [ 120.9881791, 14.4182514 ], [ 120.9881204, 14.4182291 ], [ 120.9880645, 14.4181913 ], [ 120.9880254, 14.4181424 ], [ 120.9880142, 14.4181033 ], [ 120.9880393, 14.4180069 ], [ 120.9881106, 14.4178867 ], [ 120.9881343, 14.4178441 ], [ 120.9881432, 14.4178068 ], [ 120.9881451, 14.4177588 ], [ 120.9881373, 14.4174205 ], [ 120.9881275, 14.4173862 ], [ 120.9881108, 14.4173411 ], [ 120.9880637, 14.4172823 ], [ 120.9880098, 14.4172303 ], [ 120.9879129, 14.4171578 ], [ 120.9878265, 14.4170793 ], [ 120.9877741, 14.4170308 ], [ 120.9877472, 14.4169882 ], [ 120.9877349, 14.4169489 ], [ 120.9877282, 14.4168447 ], [ 120.987736, 14.4168043 ], [ 120.9877483, 14.4167651 ], [ 120.9877741, 14.4167303 ], [ 120.9878201, 14.4167202 ], [ 120.9878795, 14.416718 ], [ 120.9879356, 14.4167113 ], [ 120.9879726, 14.4167023 ], [ 120.9880196, 14.4166743 ], [ 120.9880454, 14.4166362 ], [ 120.9880712, 14.4165689 ], [ 120.9880948, 14.4164882 ], [ 120.9881284, 14.4164276 ], [ 120.9881833, 14.416366 ], [ 120.9882786, 14.4162852 ], [ 120.9883392, 14.4162101 ], [ 120.9883683, 14.4161193 ], [ 120.9886381, 14.4155608 ], [ 120.9886834, 14.4154529 ], [ 120.9887087, 14.4153677 ], [ 120.9887194, 14.4152637 ], [ 120.988702, 14.4151985 ], [ 120.9886607, 14.4151398 ], [ 120.9884776, 14.4149696 ], [ 120.9884529, 14.4149467 ], [ 120.9883117, 14.4147881 ], [ 120.9882206, 14.4146843 ], [ 120.9881093, 14.4146133 ], [ 120.9879557, 14.4145729 ], [ 120.9878635, 14.414548 ], [ 120.9877752, 14.4145345 ], [ 120.9876677, 14.4145441 ], [ 120.987614, 14.4145326 ], [ 120.9875564, 14.4145 ], [ 120.9875276, 14.414452 ], [ 120.9874525, 14.41405 ], [ 120.9874471, 14.4139475 ], [ 120.9874471, 14.4138585 ], [ 120.9874525, 14.4137695 ], [ 120.9874444, 14.4136832 ], [ 120.9874067, 14.413597 ], [ 120.9869402, 14.4130711 ], [ 120.9868566, 14.4129687 ], [ 120.9865342, 14.4126415 ], [ 120.9864866, 14.4125824 ], [ 120.9866858, 14.4125342 ], [ 120.9868326, 14.412542 ], [ 120.9874545, 14.4125806 ], [ 120.9878664, 14.4125772 ], [ 120.9892735, 14.4125724 ], [ 120.9900493, 14.4125696 ], [ 120.9906519, 14.4125701 ], [ 120.9906431, 14.4120499 ], [ 120.9906388, 14.4115429 ], [ 120.990665, 14.4111189 ], [ 120.9906737, 14.4106818 ], [ 120.990665, 14.410131 ], [ 120.990665, 14.4095715 ], [ 120.9906562, 14.4086317 ], [ 120.9906344, 14.407775 ], [ 120.9906478, 14.4067722 ], [ 120.9906548, 14.4064112 ], [ 120.9906562, 14.4063369 ], [ 120.9906388, 14.405502 ], [ 120.9912233, 14.4054914 ], [ 120.9911939, 14.4045514 ], [ 120.9912091, 14.4040461 ], [ 120.9912188, 14.4034831 ], [ 120.9912091, 14.4030558 ], [ 120.991338, 14.4030254 ], [ 120.9917649, 14.4029245 ], [ 120.9920573, 14.4029066 ], [ 120.9925332, 14.4028793 ], [ 120.9929271, 14.4028754 ], [ 120.9930027, 14.402879 ], [ 120.9939253, 14.4029535 ], [ 120.994267, 14.4030027 ], [ 120.9948601, 14.4030519 ], [ 120.9949791, 14.4030663 ], [ 120.9952166, 14.4030836 ], [ 120.9953561, 14.4030963 ], [ 120.9952822, 14.4032595 ], [ 120.9952408, 14.4033216 ], [ 120.9951456, 14.4034023 ], [ 120.9950027, 14.4035183 ], [ 120.9949219, 14.4035908 ], [ 120.9948867, 14.4036425 ], [ 120.9948453, 14.4037191 ], [ 120.994808, 14.4037937 ], [ 120.994777, 14.4039138 ], [ 120.9947604, 14.4040712 ], [ 120.9947314, 14.4042306 ], [ 120.994661, 14.4044087 ], [ 120.9946134, 14.4045308 ], [ 120.9945906, 14.4046675 ], [ 120.9946093, 14.4047565 ], [ 120.9946403, 14.4048207 ], [ 120.9947066, 14.4048725 ], [ 120.9947604, 14.404889 ], [ 120.994835, 14.4049429 ], [ 120.9948722, 14.4050091 ], [ 120.9948847, 14.4050713 ], [ 120.9949012, 14.4051499 ], [ 120.9949074, 14.4052286 ], [ 120.994895, 14.4053487 ], [ 120.9948536, 14.4054543 ], [ 120.9948122, 14.4055082 ], [ 120.9947971, 14.4055604 ], [ 120.9947998, 14.4056179 ], [ 120.9948308, 14.4056945 ], [ 120.9949023, 14.4057818 ], [ 120.9950528, 14.4059334 ], [ 120.9951336, 14.4060042 ], [ 120.9952288, 14.406074 ], [ 120.9952283, 14.406113 ], [ 120.9952379, 14.4064125 ], [ 120.9952282, 14.406605 ], [ 120.9952171, 14.4068145 ], [ 120.9951952, 14.4070183 ], [ 120.9951621, 14.4072002 ], [ 120.9951546, 14.4072662 ], [ 120.9951191, 14.407349 ], [ 120.9950777, 14.4073975 ], [ 120.9950153, 14.4074456 ], [ 120.9949464, 14.4074584 ], [ 120.9948744, 14.4074548 ], [ 120.9947718, 14.407436 ], [ 120.9946741, 14.4074215 ], [ 120.9945956, 14.407428 ], [ 120.9945371, 14.4074515 ], [ 120.9944995, 14.4075 ], [ 120.9944842, 14.4075639 ], [ 120.9944867, 14.4076105 ], [ 120.9945011, 14.4076442 ], [ 120.9945268, 14.407689 ], [ 120.9945588, 14.4077259 ], [ 120.9946245, 14.4077947 ], [ 120.9947046, 14.4078792 ], [ 120.9948807, 14.4081214 ], [ 120.9949082, 14.4082232 ], [ 120.9949082, 14.4083195 ], [ 120.9948339, 14.4084048 ], [ 120.9948312, 14.4084544 ], [ 120.9948422, 14.4085342 ], [ 120.9948807, 14.4086057 ], [ 120.9952082, 14.4091671 ], [ 120.9952357, 14.4092469 ], [ 120.9952522, 14.4093212 ], [ 120.9952467, 14.4093762 ], [ 120.9952247, 14.4094478 ], [ 120.9951834, 14.4094918 ], [ 120.9951118, 14.4095276 ], [ 120.9949715, 14.4096404 ], [ 120.9948367, 14.409866 ], [ 120.9947348, 14.4099706 ], [ 120.9946991, 14.4100669 ], [ 120.9946771, 14.4101632 ], [ 120.9946853, 14.4102375 ], [ 120.9947348, 14.4103063 ], [ 120.9948036, 14.4103531 ], [ 120.9948862, 14.4103944 ], [ 120.9949605, 14.4104797 ], [ 120.9950045, 14.4105705 ], [ 120.99501, 14.4106751 ], [ 120.994977, 14.4107962 ], [ 120.9949055, 14.4109585 ], [ 120.9948284, 14.4111044 ], [ 120.9947183, 14.4112089 ], [ 120.9945697, 14.4113575 ], [ 120.9944542, 14.4115034 ], [ 120.9942891, 14.4117263 ], [ 120.9942533, 14.4118529 ], [ 120.9941845, 14.4120097 ], [ 120.9941515, 14.4120978 ], [ 120.994135, 14.4121748 ], [ 120.994159, 14.4122749 ], [ 120.994146, 14.4123454 ], [ 120.9941178, 14.4124177 ], [ 120.9940645, 14.4125605 ], [ 120.9938442, 14.412793 ], [ 120.9938055, 14.4129358 ], [ 120.9936917, 14.4131924 ], [ 120.9935949, 14.4133352 ], [ 120.9935077, 14.4133885 ], [ 120.9934448, 14.4134539 ], [ 120.9934303, 14.413541 ], [ 120.9933649, 14.4136306 ], [ 120.9929687, 14.4139446 ], [ 120.9927715, 14.4141547 ], [ 120.9925421, 14.4144226 ], [ 120.9922741, 14.4146606 ], [ 120.9920383, 14.4150035 ], [ 120.9919097, 14.4151579 ], [ 120.9916761, 14.4154501 ], [ 120.9916011, 14.4155581 ], [ 120.9914211, 14.4157082 ], [ 120.9913161, 14.4157622 ], [ 120.99122, 14.4157892 ], [ 120.991139, 14.4157772 ], [ 120.990923, 14.4157262 ], [ 120.9908569, 14.4157022 ], [ 120.9907729, 14.4156962 ], [ 120.9907069, 14.4157352 ], [ 120.9905749, 14.4158852 ], [ 120.9904638, 14.4159993 ], [ 120.9903798, 14.4161013 ], [ 120.9903318, 14.4162033 ], [ 120.9903348, 14.4163143 ], [ 120.9903738, 14.4164044 ], [ 120.9904578, 14.4165154 ], [ 120.9906349, 14.4166684 ], [ 120.9908389, 14.4168515 ], [ 120.990938, 14.4170765 ], [ 120.990995, 14.4173016 ], [ 120.991013, 14.4174366 ], [ 120.990992, 14.4175567 ], [ 120.990944, 14.4176827 ], [ 120.990914, 14.4177907 ], [ 120.9907099, 14.4182888 ], [ 120.9905599, 14.4185319 ], [ 120.9904518, 14.418826 ], [ 120.9904038, 14.418991 ], [ 120.9903378, 14.4191021 ], [ 120.9903018, 14.4191591 ], [ 120.9902898, 14.4192491 ], [ 120.9902988, 14.4193361 ], [ 120.9903168, 14.4193931 ], [ 120.9903768, 14.4195282 ], [ 120.9904068, 14.4196302 ], [ 120.9904188, 14.4197622 ], [ 120.9903918, 14.4199483 ], [ 120.9903858, 14.4201133 ], [ 120.9903978, 14.4203384 ], [ 120.9903858, 14.4205124 ], [ 120.9903888, 14.4206685 ], [ 120.9903978, 14.4207735 ], [ 120.9904098, 14.4208575 ], [ 120.9904398, 14.4209445 ], [ 120.9904308, 14.4210346 ], [ 120.9903888, 14.4211006 ], [ 120.9903048, 14.4211366 ], [ 120.9901488, 14.4211606 ], [ 120.9900077, 14.4212116 ], [ 120.9898697, 14.4212416 ], [ 120.9898037, 14.4213196 ], [ 120.9898127, 14.4214036 ], [ 120.9898517, 14.4214757 ], [ 120.9899177, 14.4216107 ], [ 120.9899477, 14.4217577 ], [ 120.9899477, 14.4218808 ], [ 120.9898697, 14.4220158 ], [ 120.9897046, 14.4222229 ], [ 120.9895456, 14.4223639 ], [ 120.9894376, 14.4224539 ], [ 120.9893041, 14.4225652 ], [ 120.9892935, 14.422589 ], [ 120.9892263, 14.4226625 ], [ 120.9891012, 14.4227069 ], [ 120.9890011, 14.4227431 ], [ 120.988876, 14.4227709 ], [ 120.988737, 14.4227792 ], [ 120.9886703, 14.4227709 ], [ 120.9885952, 14.422732 ], [ 120.9885452, 14.422668 ], [ 120.9884951, 14.4226069 ], [ 120.9884367, 14.4225624 ], [ 120.98837, 14.4225791 ], [ 120.98832, 14.422618 ], [ 120.9883089, 14.422668 ], [ 120.9882532, 14.4227375 ], [ 120.9881532, 14.4227653 ], [ 120.9880753, 14.4227347 ], [ 120.9880003, 14.4226819 ], [ 120.9879502, 14.4226041 ], [ 120.9878807, 14.4225068 ], [ 120.9877361, 14.4224484 ], [ 120.9876083, 14.4224067 ], [ 120.9874831, 14.4224178 ], [ 120.9873247, 14.4224401 ], [ 120.9871523, 14.4224706 ], [ 120.9870272, 14.4225123 ], [ 120.9869243, 14.4225596 ], [ 120.9868409, 14.4226263 ], [ 120.9867826, 14.4226708 ], [ 120.9867464, 14.4227486 ], [ 120.9867631, 14.4228321 ], [ 120.9868576, 14.4230656 ], [ 120.9869466, 14.423174 ], [ 120.987005, 14.4232769 ], [ 120.9870133, 14.4233658 ], [ 120.9869716, 14.4234909 ], [ 120.9869605, 14.4235883 ], [ 120.9869744, 14.4237884 ], [ 120.986966, 14.4238774 ], [ 120.9869077, 14.4239858 ], [ 120.9868215, 14.4241248 ], [ 120.9867992, 14.4242555 ], [ 120.9867937, 14.4243528 ], [ 120.9868048, 14.4245029 ], [ 120.9868243, 14.4246447 ], [ 120.986866, 14.424767 ], [ 120.9869327, 14.4249922 ], [ 120.9870318, 14.4256117 ], [ 120.9870516, 14.4258217 ], [ 120.9870833, 14.4259644 ], [ 120.9870912, 14.4261031 ], [ 120.9870358, 14.4262933 ], [ 120.9869525, 14.4264241 ], [ 120.9868138, 14.4265588 ], [ 120.9867663, 14.4266143 ], [ 120.9866751, 14.4266658 ], [ 120.9865879, 14.4266658 ], [ 120.9865166, 14.4266381 ], [ 120.9865007, 14.4265509 ], [ 120.9865126, 14.4263488 ], [ 120.9865007, 14.4262061 ], [ 120.9863977, 14.4260714 ], [ 120.9861679, 14.4259604 ], [ 120.9860133, 14.4259208 ], [ 120.9858627, 14.4259168 ], [ 120.9857478, 14.4259406 ], [ 120.9856645, 14.4259881 ], [ 120.9856368, 14.4260753 ], [ 120.9856396, 14.4261459 ], [ 120.9856368, 14.4263607 ], [ 120.985575, 14.4266129 ], [ 120.9856023, 14.4268886 ], [ 120.9856098, 14.4270054 ], [ 120.985647, 14.4271792 ], [ 120.9857861, 14.4274525 ], [ 120.9858458, 14.4275344 ], [ 120.9859128, 14.4276363 ], [ 120.9859724, 14.4277282 ], [ 120.9859774, 14.4278275 ], [ 120.9859551, 14.4278946 ], [ 120.9858855, 14.4279642 ], [ 120.9857588, 14.4280188 ], [ 120.9856644, 14.4281554 ], [ 120.9856345, 14.4282063 ], [ 120.9855725, 14.4283119 ], [ 120.9854856, 14.4284038 ], [ 120.9853887, 14.4285156 ], [ 120.9853266, 14.4286398 ], [ 120.9852297, 14.428764 ], [ 120.9851776, 14.4288186 ], [ 120.985108, 14.4288683 ], [ 120.9849689, 14.4289503 ], [ 120.9848447, 14.4289875 ], [ 120.9847079, 14.4290523 ], [ 120.9845988, 14.4291192 ], [ 120.9844954, 14.4292155 ], [ 120.9844422, 14.4293255 ], [ 120.9844309, 14.4294849 ], [ 120.9844473, 14.4295862 ], [ 120.9844954, 14.4296632 ] ] ] } },
{ "type": "Feature", "properties": { "adm4_name": "Talaba II", "adm4_ref_name": "Talaba II", "adm4_pcode": "PH0402103066", "adm3_name": "Bacoor City", "adm3_pcode": "PH0402103", "adm2_name": "Cavite", "adm2_pcode": "PH04021", "adm1_name": "Region IV-A (Calabarzon)", "adm1_pcode": "PH04", "adm0_name": "Philippines", "adm0_pcode": "PH", "valid_on": "2025-02-13", "valid_to": null, "area_sqkm": 0.4797559, "version": "v03", "lang": "en", "center_lat": 14.4659028, "center_lon": 120.95848724 }, "bbox": [ 120.9546585, 14.4616229, 120.9618615, 14.4703209 ], "geometry": { "type": "Polygon", "coordinates": [ [ [ 120.9595914, 14.470119 ], [ 120.9595159, 14.4703209 ], [ 120.9595094, 14.4703185 ], [ 120.959449, 14.4702914 ], [ 120.9594299, 14.4702857 ], [ 120.9594049, 14.4702758 ], [ 120.959377, 14.4702601 ], [ 120.9593361, 14.4702418 ], [ 120.9593243, 14.4702389 ], [ 120.9592979, 14.4702275 ], [ 120.959267, 14.470219 ], [ 120.9592553, 14.4702176 ], [ 120.9591994, 14.4701905 ], [ 120.9591759, 14.4701763 ], [ 120.9590936, 14.470145 ], [ 120.9590495, 14.4701322 ], [ 120.9590172, 14.4701165 ], [ 120.9589922, 14.4701065 ], [ 120.958954, 14.4700866 ], [ 120.9588982, 14.4700624 ], [ 120.958857, 14.4700482 ], [ 120.9588364, 14.4700382 ], [ 120.9587894, 14.4700211 ], [ 120.9587777, 14.4700154 ], [ 120.958738, 14.470004 ], [ 120.9586719, 14.469977 ], [ 120.9586513, 14.4699656 ], [ 120.9586234, 14.4699528 ], [ 120.9585572, 14.4699371 ], [ 120.9584779, 14.4699087 ], [ 120.9584162, 14.4698802 ], [ 120.9583985, 14.4698745 ], [ 120.9583192, 14.469856 ], [ 120.9583001, 14.4698475 ], [ 120.9582824, 14.4698432 ], [ 120.958256, 14.4698304 ], [ 120.9582148, 14.4698176 ], [ 120.958181, 14.4698005 ], [ 120.9581561, 14.4697834 ], [ 120.9581296, 14.4697692 ], [ 120.9580992, 14.4697645 ], [ 120.9580625, 14.4697503 ], [ 120.9580463, 14.4697417 ], [ 120.958011, 14.4697332 ], [ 120.957989, 14.4697246 ], [ 120.9579478, 14.4697132 ], [ 120.9578935, 14.4696933 ], [ 120.9578508, 14.4696848 ], [ 120.9577921, 14.4696705 ], [ 120.9577318, 14.4696506 ], [ 120.9576907, 14.4696292 ], [ 120.9576672, 14.4696122 ], [ 120.9576407, 14.4696022 ], [ 120.9576172, 14.4695979 ], [ 120.9575937, 14.469588 ], [ 120.9575672, 14.4695808 ], [ 120.9575143, 14.469578 ], [ 120.9574996, 14.4695737 ], [ 120.9574732, 14.4695623 ], [ 120.9574629, 14.4695538 ], [ 120.9574438, 14.4695424 ], [ 120.9574262, 14.4695267 ], [ 120.9574247, 14.4695026 ], [ 120.9574188, 14.4694841 ], [ 120.9574188, 14.4694713 ], [ 120.9574218, 14.4694528 ], [ 120.9574159, 14.4694172 ], [ 120.957413, 14.4694115 ], [ 120.9574027, 14.4694015 ], [ 120.9573792, 14.4693873 ], [ 120.9567405, 14.4691635 ], [ 120.9567198, 14.469188 ], [ 120.9566978, 14.4692079 ], [ 120.9566757, 14.469215 ], [ 120.956614, 14.4692193 ], [ 120.9565581, 14.4692193 ], [ 120.9565273, 14.4692107 ], [ 120.9564406, 14.4691794 ], [ 120.9564112, 14.4691638 ], [ 120.956276, 14.4691097 ], [ 120.9562569, 14.4691068 ], [ 120.9562128, 14.4690926 ], [ 120.956132, 14.4690527 ], [ 120.9561246, 14.469047 ], [ 120.9560938, 14.46903 ], [ 120.9560703, 14.4690228 ], [ 120.9560159, 14.46902 ], [ 120.9559776, 14.4690013 ], [ 120.9559688, 14.4690012 ], [ 120.9559291, 14.4689842 ], [ 120.9558615, 14.46896 ], [ 120.9557719, 14.4689187 ], [ 120.955719, 14.4688973 ], [ 120.9556528, 14.4688731 ], [ 120.9555735, 14.468839 ], [ 120.9554618, 14.4688105 ], [ 120.9554427, 14.4688034 ], [ 120.955428, 14.4688005 ], [ 120.9553222, 14.4687692 ], [ 120.9552899, 14.4687578 ], [ 120.9552663, 14.4687464 ], [ 120.955234, 14.4687265 ], [ 120.9551899, 14.468708 ], [ 120.9551517, 14.4686938 ], [ 120.9550929, 14.4686767 ], [ 120.9549901, 14.468634 ], [ 120.9549225, 14.4686155 ], [ 120.954899, 14.4686069 ], [ 120.9548534, 14.4685941 ], [ 120.9548167, 14.4685799 ], [ 120.9547814, 14.4685614 ], [ 120.9547388, 14.4685457 ], [ 120.9547006, 14.4685343 ], [ 120.9546756, 14.4685243 ], [ 120.9546585, 14.4685209 ], [ 120.9548083, 14.4677513 ], [ 120.9548091, 14.4677501 ], [ 120.9552482, 14.465493 ], [ 120.9553512, 14.4649628 ], [ 120.9555656, 14.4638612 ], [ 120.9559464, 14.4619075 ], [ 120.9560069, 14.4616229 ], [ 120.9565364, 14.4617235 ], [ 120.957285, 14.4619223 ], [ 120.9577517, 14.4621669 ], [ 120.9577305, 14.4622298 ], [ 120.9577804, 14.4623097 ], [ 120.9578396, 14.462393 ], [ 120.9579089, 14.4622558 ], [ 120.9579667, 14.4621416 ], [ 120.9579049, 14.4621076 ], [ 120.9580235, 14.4617962 ], [ 120.9586199, 14.461937 ], [ 120.9590811, 14.4620542 ], [ 120.9595598, 14.4621759 ], [ 120.9595477, 14.4623689 ], [ 120.9595802, 14.4625648 ], [ 120.9597124, 14.4629088 ], [ 120.9597837, 14.4630259 ], [ 120.9598851, 14.4631926 ], [ 120.9602118, 14.4636683 ], [ 120.9602771, 14.4637508 ], [ 120.9603485, 14.4638622 ], [ 120.9604578, 14.4640009 ], [ 120.960752, 14.4644149 ], [ 120.9617505, 14.4658212 ], [ 120.9618615, 14.4659844 ], [ 120.9612473, 14.4664033 ], [ 120.9610896, 14.4669114 ], [ 120.9608056, 14.4678143 ], [ 120.960711, 14.467909 ], [ 120.9606454, 14.4680838 ], [ 120.9604197, 14.4682003 ], [ 120.9602304, 14.4683605 ], [ 120.9601807, 14.4684971 ], [ 120.9595914, 14.470119 ] ] ] } },
{ "type": "Feature", "properties": { "adm4_name": "Talaba III", "adm4_ref_name": "Talaba III", "adm4_pcode": "PH0402103067", "adm3_name": "Bacoor City", "adm3_pcode": "PH0402103", "adm2_name": "Cavite", "adm2_pcode": "PH04021", "adm1_name": "Region IV-A (Calabarzon)", "adm1_pcode": "PH04", "adm0_name": "Philippines", "adm0_pcode": "PH", "valid_on": "2025-02-13", "valid_to": null, "area_sqkm": 0.02031709, "version": "v03", "lang": "en", "center_lat": 14.46144351, "center_lon": 120.95885172 }, "bbox": [ 120.9580235, 14.4608108, 120.9596669, 14.4621759 ], "geometry": { "type": "Polygon", "coordinates": [ [ [ 120.9596669, 14.460951 ], [ 120.9595598, 14.4621759 ], [ 120.9590811, 14.4620542 ], [ 120.9586199, 14.461937 ], [ 120.9580235, 14.4617962 ], [ 120.9581357, 14.4610908 ], [ 120.9581603, 14.4608108 ], [ 120.958678, 14.4608561 ], [ 120.9596669, 14.460951 ] ] ] } },
{ "type": "Feature", "properties": { "adm4_name": "Talaba IV", "adm4_ref_name": "Talaba IV", "adm4_pcode": "PH0402103068", "adm3_name": "Bacoor City", "adm3_pcode": "PH0402103", "adm2_name": "Cavite", "adm2_pcode": "PH04021", "adm1_name": "Region IV-A (Calabarzon)", "adm1_pcode": "PH04", "adm0_name": "Philippines", "adm0_pcode": "PH", "valid_on": "2025-02-13", "valid_to": null, "area_sqkm": 0.09439152, "version": "v03", "lang": "en", "center_lat": 14.46021698, "center_lon": 120.96048389000001 }, "bbox": [ 120.9595598, 14.4576979, 120.9628298, 14.4625036 ], "geometry": { "type": "Polygon", "coordinates": [ [ [ 120.9612822, 14.4624758 ], [ 120.9609997, 14.4625036 ], [ 120.9607667, 14.462489 ], [ 120.9605288, 14.4624405 ], [ 120.9601211, 14.4623288 ], [ 120.9595598, 14.4621759 ], [ 120.9596669, 14.460951 ], [ 120.9596906, 14.4606802 ], [ 120.9597803, 14.459566 ], [ 120.9598531, 14.4590596 ], [ 120.9599396, 14.458518 ], [ 120.9600547, 14.4576979 ], [ 120.9603635, 14.458138 ], [ 120.9603816, 14.458408 ], [ 120.9613126, 14.4586749 ], [ 120.9615055, 14.4589767 ], [ 120.9615241, 14.4590057 ], [ 120.9616, 14.4591738 ], [ 120.9618277, 14.4592497 ], [ 120.9615223, 14.4597855 ], [ 120.9609575, 14.4606484 ], [ 120.9614948, 14.461002 ], [ 120.9618721, 14.461222 ], [ 120.9623003, 14.4615006 ], [ 120.9623539, 14.4615338 ], [ 120.9624075, 14.461569 ], [ 120.9628298, 14.4618434 ], [ 120.9625774, 14.4620521 ], [ 120.9623007, 14.4621881 ], [ 120.9616988, 14.462358 ], [ 120.9614997, 14.4624454 ], [ 120.9612958, 14.4624745 ], [ 120.9612822, 14.4624758 ] ] ] } },
{ "type": "Feature", "properties": { "adm4_name": "Talaba V", "adm4_ref_name": "Talaba V", "adm4_pcode": "PH0402103069", "adm3_name": "Bacoor City", "adm3_pcode": "PH0402103", "adm2_name": "Cavite", "adm2_pcode": "PH04021", "adm1_name": "Region IV-A (Calabarzon)", "adm1_pcode": "PH04", "adm0_name": "Philippines", "adm0_pcode": "PH", "valid_on": "2025-02-13", "valid_to": null, "area_sqkm": 0.04226043, "version": "v03", "lang": "en", "center_lat": 14.46310926, "center_lon": 120.96121023000001 }, "bbox": [ 120.9595477, 14.4620521, 120.9626853, 14.4640009 ], "geometry": { "type": "Polygon", "coordinates": [ [ [ 120.9606156, 14.4639266 ], [ 120.9604578, 14.4640009 ], [ 120.9603485, 14.4638622 ], [ 120.9602771, 14.4637508 ], [ 120.9602118, 14.4636683 ], [ 120.9598851, 14.4631926 ], [ 120.9597837, 14.4630259 ], [ 120.9597124, 14.4629088 ], [ 120.9595802, 14.4625648 ], [ 120.9595477, 14.4623689 ], [ 120.9595598, 14.4621759 ], [ 120.9601211, 14.4623288 ], [ 120.9605288, 14.4624405 ], [ 120.9607667, 14.462489 ], [ 120.9609997, 14.4625036 ], [ 120.9612822, 14.4624758 ], [ 120.9612958, 14.4624745 ], [ 120.9614997, 14.4624454 ], [ 120.9616988, 14.462358 ], [ 120.9623007, 14.4621881 ], [ 120.9625774, 14.4620521 ], [ 120.9626549, 14.462109 ], [ 120.9626853, 14.4625351 ], [ 120.9626679, 14.4626481 ], [ 120.9626245, 14.4629655 ], [ 120.962582, 14.4630165 ], [ 120.9625976, 14.4633706 ], [ 120.962432, 14.4633837 ], [ 120.9621563, 14.4634491 ], [ 120.9620766, 14.4633909 ], [ 120.9618626, 14.4633474 ], [ 120.9617139, 14.4633656 ], [ 120.9610213, 14.4635831 ], [ 120.9610771, 14.4637899 ], [ 120.9606156, 14.4639266 ] ] ] } },
{ "type": "Feature", "properties": { "adm4_name": "Talaba VI", "adm4_ref_name": "Talaba VI", "adm4_pcode": "PH0402103070", "adm3_name": "Bacoor City", "adm3_pcode": "PH0402103", "adm2_name": "Cavite", "adm2_pcode": "PH04021", "adm1_name": "Region IV-A (Calabarzon)", "adm1_pcode": "PH04", "adm0_name": "Philippines", "adm0_pcode": "PH", "valid_on": "2025-02-13", "valid_to": null, "area_sqkm": 0.05891762, "version": "v03", "lang": "en", "center_lat": 14.46498608, "center_lon": 120.96208171000001 }, "bbox": [ 120.9604578, 14.4633474, 120.9632005, 14.4666006 ], "geometry": { "type": "Polygon", "coordinates": [ [ [ 120.9627317, 14.4663464 ], [ 120.9625516, 14.4666006 ], [ 120.9621536, 14.4663659 ], [ 120.9618615, 14.4659844 ], [ 120.9617505, 14.4658212 ], [ 120.960752, 14.4644149 ], [ 120.9604578, 14.4640009 ], [ 120.9606156, 14.4639266 ], [ 120.9610771, 14.4637899 ], [ 120.9610213, 14.4635831 ], [ 120.9617139, 14.4633656 ], [ 120.9618626, 14.4633474 ], [ 120.9620766, 14.4633909 ], [ 120.9621563, 14.4634491 ], [ 120.962432, 14.4633837 ], [ 120.9625976, 14.4633706 ], [ 120.9625976, 14.4635772 ], [ 120.9625976, 14.463615 ], [ 120.9626258, 14.4637873 ], [ 120.9626634, 14.4640285 ], [ 120.9627324, 14.4643575 ], [ 120.962795, 14.4645204 ], [ 120.9628827, 14.4648149 ], [ 120.9629219, 14.4649048 ], [ 120.9629598, 14.4649505 ], [ 120.9630519, 14.4650217 ], [ 120.963098, 14.4650708 ], [ 120.9631271, 14.4651313 ], [ 120.9631678, 14.4653788 ], [ 120.9632005, 14.4655043 ], [ 120.9631994, 14.4655734 ], [ 120.9631749, 14.4656481 ], [ 120.9631448, 14.465745 ], [ 120.9631247, 14.4658097 ], [ 120.9631348, 14.465891 ], [ 120.963127, 14.4659367 ], [ 120.9630958, 14.4659846 ], [ 120.9630512, 14.4660069 ], [ 120.9629921, 14.4660303 ], [ 120.9629219, 14.4660537 ], [ 120.962893, 14.4660637 ], [ 120.9628618, 14.4660905 ], [ 120.9628216, 14.4661507 ], [ 120.9627699, 14.4662498 ], [ 120.9627317, 14.4663464 ] ] ] } },
{ "type": "Feature", "properties": { "adm4_name": "Talaba VII", "adm4_ref_name": "Talaba VII", "adm4_pcode": "PH0402103071", "adm3_name": "Bacoor City", "adm3_pcode": "PH0402103", "adm2_name": "Cavite", "adm2_pcode": "PH04021", "adm1_name": "Region IV-A (Calabarzon)", "adm1_pcode": "PH04", "adm0_name": "Philippines", "adm0_pcode": "PH", "valid_on": "2025-02-13", "valid_to": null, "area_sqkm": 0.0830885, "version": "v03", "lang": "en", "center_lat": 14.45926929, "center_lon": 120.95821227 }, "bbox": [ 120.956266, 14.4576606, 120.9597803, 14.460951 ], "geometry": { "type": "Polygon", "coordinates": [ [ [ 120.9596906, 14.4606802 ], [ 120.9596669, 14.460951 ], [ 120.958678, 14.4608561 ], [ 120.9581603, 14.4608108 ], [ 120.9579005, 14.460799 ], [ 120.9579034, 14.4604142 ], [ 120.9577143, 14.4603897 ], [ 120.9573526, 14.460343 ], [ 120.9569629, 14.4602418 ], [ 120.9563635, 14.4601669 ], [ 120.956266, 14.4601369 ], [ 120.9563075, 14.4598205 ], [ 120.9567706, 14.4598879 ], [ 120.9569126, 14.4591465 ], [ 120.9570276, 14.4585752 ], [ 120.9570862, 14.458284 ], [ 120.9581648, 14.457932 ], [ 120.9583695, 14.4578037 ], [ 120.9585151, 14.4577322 ], [ 120.9586828, 14.4576606 ], [ 120.9590035, 14.4583785 ], [ 120.9594368, 14.4591307 ], [ 120.9596228, 14.4593921 ], [ 120.9597803, 14.459566 ], [ 120.9596906, 14.4606802 ] ] ] } },
{ "type": "Feature", "properties": { "adm4_name": "Zapote II", "adm4_ref_name": "Zapote II", "adm4_pcode": "PH0402103072", "adm3_name": "Bacoor City", "adm3_pcode": "PH0402103", "adm2_name": "Cavite", "adm2_pcode": "PH04021", "adm1_name": "Region IV-A (Calabarzon)", "adm1_pcode": "PH04", "adm0_name": "Philippines", "adm0_pcode": "PH", "valid_on": "2025-02-13", "valid_to": null, "area_sqkm": 0.06814908, "version": "v03", "lang": "en", "center_lat": 14.46525643, "center_lon": 120.96449798 }, "bbox": [ 120.963626, 14.4629686, 120.9657994, 14.4674113 ], "geometry": { "type": "Polygon", "coordinates": [ [ [ 120.9653072, 14.4658379 ], [ 120.9650974, 14.4674113 ], [ 120.9648724, 14.4673765 ], [ 120.9646409, 14.4673236 ], [ 120.963626, 14.4670097 ], [ 120.9638525, 14.4663937 ], [ 120.9638577, 14.4662754 ], [ 120.9638632, 14.4661521 ], [ 120.9638472, 14.466065 ], [ 120.9637139, 14.4656794 ], [ 120.9636393, 14.4653969 ], [ 120.9637257, 14.465116 ], [ 120.964216, 14.4642929 ], [ 120.9642565, 14.4641625 ], [ 120.9642865, 14.4639683 ], [ 120.9643239, 14.4637262 ], [ 120.9641755, 14.4636812 ], [ 120.9641769, 14.4636771 ], [ 120.9643244, 14.4632483 ], [ 120.9644363, 14.4631188 ], [ 120.9645482, 14.4629686 ], [ 120.9650828, 14.4633184 ], [ 120.9653643, 14.4635036 ], [ 120.9657994, 14.4637878 ], [ 120.9656468, 14.4640364 ], [ 120.9653645, 14.4644205 ], [ 120.965309, 14.4648924 ], [ 120.9653183, 14.4656513 ], [ 120.9653072, 14.4658379 ] ] ] } },
{ "type": "Feature", "properties": { "adm4_name": "Zapote III", "adm4_ref_name": "Zapote III", "adm4_pcode": "PH0402103073", "adm3_name": "Bacoor City", "adm3_pcode": "PH0402103", "adm2_name": "Cavite", "adm2_pcode": "PH04021", "adm1_name": "Region IV-A (Calabarzon)", "adm1_pcode": "PH04", "adm0_name": "Philippines", "adm0_pcode": "PH", "valid_on": "2025-02-13", "valid_to": null, "area_sqkm": 0.0703874, "version": "v03", "lang": "en", "center_lat": 14.46503474, "center_lon": 120.96564153 }, "bbox": [ 120.9650828, 14.4627178, 120.9678092, 14.4675551 ], "geometry": { "type": "Polygon", "coordinates": [ [ [ 120.9673988, 14.4672459 ], [ 120.9670895, 14.4675551 ], [ 120.9670784, 14.4675535 ], [ 120.9665589, 14.4674806 ], [ 120.9663677, 14.4674586 ], [ 120.9656111, 14.4674448 ], [ 120.9650974, 14.4674113 ], [ 120.9653072, 14.4658379 ], [ 120.9653183, 14.4656513 ], [ 120.965309, 14.4648924 ], [ 120.9653645, 14.4644205 ], [ 120.9656468, 14.4640364 ], [ 120.9657994, 14.4637878 ], [ 120.9653643, 14.4635036 ], [ 120.9650828, 14.4633184 ], [ 120.9653462, 14.4628842 ], [ 120.9654288, 14.4627178 ], [ 120.9659814, 14.4627461 ], [ 120.9660184, 14.4628332 ], [ 120.966075, 14.4630181 ], [ 120.9661729, 14.4631204 ], [ 120.9662034, 14.4632118 ], [ 120.9662077, 14.4632662 ], [ 120.9662295, 14.463301 ], [ 120.9666565, 14.4635134 ], [ 120.9666625, 14.4635164 ], [ 120.9663227, 14.4640356 ], [ 120.9661292, 14.4643905 ], [ 120.9660139, 14.4647576 ], [ 120.965951, 14.4651771 ], [ 120.9659615, 14.4655126 ], [ 120.9660034, 14.4657224 ], [ 120.966124, 14.4659111 ], [ 120.9663075, 14.466016 ], [ 120.9664936, 14.4660491 ], [ 120.9670573, 14.4660684 ], [ 120.9671989, 14.4661209 ], [ 120.9674308, 14.4662641 ], [ 120.9678092, 14.4665712 ], [ 120.9676085, 14.4669628 ], [ 120.9673988, 14.4672459 ] ] ] } },
{ "type": "Feature", "properties": { "adm4_name": "Zapote IV", "adm4_ref_name": "Zapote IV", "adm4_pcode": "PH0402103074", "adm3_name": "Bacoor City", "adm3_pcode": "PH0402103", "adm2_name": "Cavite", "adm2_pcode": "PH04021", "adm1_name": "Region IV-A (Calabarzon)", "adm1_pcode": "PH04", "adm0_name": "Philippines", "adm0_pcode": "PH", "valid_on": "2025-02-13", "valid_to": null, "area_sqkm": 0.04850767, "version": "v03", "lang": "en", "center_lat": 14.46239805, "center_lon": 120.96531301 }, "bbox": [ 120.9634106, 14.4613866, 120.9673567, 14.4635134 ], "geometry": { "type": "Polygon", "coordinates": [ [ [ 120.9667427, 14.4633786 ], [ 120.9666565, 14.4635134 ], [ 120.9662295, 14.463301 ], [ 120.9662077, 14.4632662 ], [ 120.9662034, 14.4632118 ], [ 120.9661729, 14.4631204 ], [ 120.966075, 14.4630181 ], [ 120.9660184, 14.4628332 ], [ 120.9659814, 14.4627461 ], [ 120.9654288, 14.4627178 ], [ 120.9653462, 14.4628842 ], [ 120.9650828, 14.4633184 ], [ 120.9645482, 14.4629686 ], [ 120.9641952, 14.4627368 ], [ 120.9638354, 14.462502 ], [ 120.9638216, 14.4624923 ], [ 120.9638187, 14.4624904 ], [ 120.9634106, 14.4622226 ], [ 120.9636915, 14.4617074 ], [ 120.9641054, 14.4613866 ], [ 120.9648216, 14.4616384 ], [ 120.9656576, 14.461874 ], [ 120.965827, 14.4619276 ], [ 120.9661488, 14.4620213 ], [ 120.9664894, 14.4621526 ], [ 120.9668049, 14.4623057 ], [ 120.9673567, 14.4626618 ], [ 120.9672308, 14.4628066 ], [ 120.9668633, 14.4632527 ], [ 120.9667427, 14.4633786 ] ] ] } },
{ "type": "Feature", "properties": { "adm4_name": "Zapote V", "adm4_ref_name": "Zapote V", "adm4_pcode": "PH0402103075", "adm3_name": "Bacoor City", "adm3_pcode": "PH0402103", "adm2_name": "Cavite", "adm2_pcode": "PH04021", "adm1_name": "Region IV-A (Calabarzon)", "adm1_pcode": "PH04", "adm0_name": "Philippines", "adm0_pcode": "PH", "valid_on": "2025-02-13", "valid_to": null, "area_sqkm": 0.67905889, "version": "v03", "lang": "en", "center_lat": 14.47073953, "center_lon": 120.96423525 }, "bbox": [ 120.9595159, 14.4659844, 120.9716139, 14.4755 ], "geometry": { "type": "Polygon", "coordinates": [ [ [ 120.9701869, 14.4753805 ], [ 120.9701566, 14.4755 ], [ 120.969998, 14.4753926 ], [ 120.9699405, 14.4754272 ], [ 120.9699305, 14.4754504 ], [ 120.9699045, 14.475448 ], [ 120.9698901, 14.475441 ], [ 120.9698799, 14.475441 ], [ 120.9698524, 14.475434 ], [ 120.9698336, 14.4754339 ], [ 120.9698016, 14.4754311 ], [ 120.9697537, 14.4754325 ], [ 120.9697392, 14.4754283 ], [ 120.9697117, 14.4754157 ], [ 120.9696711, 14.4754016 ], [ 120.9696091, 14.4753708 ], [ 120.9695357, 14.4753387 ], [ 120.9695012, 14.4753192 ], [ 120.9694383, 14.4752733 ], [ 120.9694084, 14.4752455 ], [ 120.9693899, 14.4752344 ], [ 120.9693785, 14.4752289 ], [ 120.9693413, 14.475222 ], [ 120.9693127, 14.475211 ], [ 120.9692758, 14.4751917 ], [ 120.9692545, 14.4751779 ], [ 120.9691878, 14.4751254 ], [ 120.9691494, 14.4751047 ], [ 120.9690899, 14.4750661 ], [ 120.9690505, 14.4750436 ], [ 120.9690124, 14.4750182 ], [ 120.9689869, 14.474989 ], [ 120.9689684, 14.4749767 ], [ 120.9689484, 14.474956 ], [ 120.9689155, 14.4749116 ], [ 120.9688897, 14.4748826 ], [ 120.9688683, 14.474866 ], [ 120.9688368, 14.4748453 ], [ 120.9688095, 14.4748204 ], [ 120.9687966, 14.4748121 ], [ 120.9687606, 14.4747802 ], [ 120.9687304, 14.4747594 ], [ 120.9686625, 14.4747065 ], [ 120.9686293, 14.4746772 ], [ 120.9685829, 14.4746296 ], [ 120.9685364, 14.4745932 ], [ 120.9684993, 14.474572 ], [ 120.9684921, 14.4745693 ], [ 120.9684764, 14.4745569 ], [ 120.9684578, 14.4745459 ], [ 120.9684162, 14.474524 ], [ 120.9683858, 14.4744988 ], [ 120.9683553, 14.474482 ], [ 120.9683306, 14.4744707 ], [ 120.9683029, 14.4744524 ], [ 120.9682389, 14.4744172 ], [ 120.9682112, 14.474396 ], [ 120.9681937, 14.4743847 ], [ 120.9681849, 14.4743819 ], [ 120.9681252, 14.4743396 ], [ 120.9680756, 14.4742986 ], [ 120.9680494, 14.4742746 ], [ 120.9679941, 14.4742393 ], [ 120.9679766, 14.4742295 ], [ 120.9678979, 14.4741943 ], [ 120.9677988, 14.4741435 ], [ 120.9677055, 14.4740842 ], [ 120.9676562, 14.4740503 ], [ 120.9676474, 14.4740461 ], [ 120.9676083, 14.4740094 ], [ 120.9675838, 14.4739826 ], [ 120.9675086, 14.4739207 ], [ 120.9675004, 14.4739067 ], [ 120.9674756, 14.4738783 ], [ 120.9674654, 14.4738642 ], [ 120.9674567, 14.4738585 ], [ 120.9674335, 14.4738359 ], [ 120.9674073, 14.4738147 ], [ 120.9673725, 14.4737949 ], [ 120.9673045, 14.4737511 ], [ 120.9672308, 14.473699 ], [ 120.967202, 14.4736821 ], [ 120.9671818, 14.4736639 ], [ 120.9671416, 14.4736358 ], [ 120.967087, 14.4736022 ], [ 120.9670669, 14.4735868 ], [ 120.9670483, 14.4735756 ], [ 120.9669952, 14.4735379 ], [ 120.9668673, 14.4734599 ], [ 120.9668372, 14.4734362 ], [ 120.9667856, 14.4734014 ], [ 120.966718, 14.4733652 ], [ 120.9666935, 14.4733555 ], [ 120.9666648, 14.4733415 ], [ 120.9666016, 14.4733067 ], [ 120.9665915, 14.4733026 ], [ 120.9665513, 14.4732789 ], [ 120.9665412, 14.4732747 ], [ 120.9665127, 14.4732511 ], [ 120.9664483, 14.4732431 ], [ 120.9664381, 14.4732361 ], [ 120.9664093, 14.4732208 ], [ 120.9663733, 14.4732054 ], [ 120.9663387, 14.4731929 ], [ 120.9662746, 14.4731652 ], [ 120.9662418, 14.4731542 ], [ 120.9662046, 14.4731361 ], [ 120.9661961, 14.4731334 ], [ 120.9660826, 14.4730665 ], [ 120.9660683, 14.4730609 ], [ 120.966044, 14.4730554 ], [ 120.9660339, 14.4730512 ], [ 120.966018, 14.4730387 ], [ 120.9659937, 14.4730331 ], [ 120.9659707, 14.4730247 ], [ 120.9659291, 14.473015 ], [ 120.9658816, 14.4729941 ], [ 120.9658325, 14.4729619 ], [ 120.9657791, 14.4729199 ], [ 120.9657603, 14.4729031 ], [ 120.9657458, 14.4728934 ], [ 120.965678, 14.4728709 ], [ 120.9656, 14.4728332 ], [ 120.9655379, 14.4728011 ], [ 120.9655047, 14.4727816 ], [ 120.9654557, 14.4727607 ], [ 120.9653795, 14.4727191 ], [ 120.9653292, 14.4726941 ], [ 120.9653077, 14.4726817 ], [ 120.9652877, 14.4726665 ], [ 120.9652662, 14.472654 ], [ 120.9652433, 14.4726444 ], [ 120.9651288, 14.4726043 ], [ 120.9650987, 14.4725974 ], [ 120.9650674, 14.4725837 ], [ 120.9650402, 14.472574 ], [ 120.9650274, 14.4725672 ], [ 120.9649775, 14.4725547 ], [ 120.9649646, 14.4725533 ], [ 120.9649264, 14.4725422 ], [ 120.9648869, 14.4725338 ], [ 120.964791, 14.4725241 ], [ 120.9647228, 14.4725062 ], [ 120.9646518, 14.4724842 ], [ 120.9646331, 14.4724801 ], [ 120.9644755, 14.4724665 ], [ 120.9644455, 14.4724624 ], [ 120.9643773, 14.4724639 ], [ 120.9642894, 14.4724612 ], [ 120.9642768, 14.4724599 ], [ 120.9642481, 14.4724489 ], [ 120.9642342, 14.4724491 ], [ 120.9642064, 14.4724454 ], [ 120.9641046, 14.4724497 ], [ 120.9640612, 14.4724546 ], [ 120.9640415, 14.4724549 ], [ 120.9640146, 14.4724525 ], [ 120.9639509, 14.4724521 ], [ 120.9638009, 14.4724672 ], [ 120.9637128, 14.4724715 ], [ 120.9636226, 14.472484 ], [ 120.9635527, 14.4725028 ], [ 120.9634928, 14.4725273 ], [ 120.9634708, 14.4725332 ], [ 120.963459, 14.4725347 ], [ 120.9634414, 14.4725406 ], [ 120.9633885, 14.472551 ], [ 120.9633708, 14.4725583 ], [ 120.9633295, 14.4725715 ], [ 120.9633044, 14.472576 ], [ 120.963266, 14.4725878 ], [ 120.9632303, 14.4726095 ], [ 120.9631872, 14.47263 ], [ 120.9631499, 14.4726505 ], [ 120.9631055, 14.4726806 ], [ 120.963042, 14.4727036 ], [ 120.9630031, 14.4727154 ], [ 120.9629768, 14.4727283 ], [ 120.9629226, 14.4727654 ], [ 120.9628815, 14.4727882 ], [ 120.9628418, 14.4728195 ], [ 120.9628198, 14.4728337 ], [ 120.9627933, 14.4728451 ], [ 120.9627522, 14.4728664 ], [ 120.9627184, 14.4728807 ], [ 120.9626831, 14.4728878 ], [ 120.9626714, 14.4728878 ], [ 120.9625935, 14.4728977 ], [ 120.9625435, 14.472902 ], [ 120.9624553, 14.4729162 ], [ 120.9624303, 14.4729219 ], [ 120.9623627, 14.472929 ], [ 120.9622716, 14.472929 ], [ 120.9622643, 14.4729304 ], [ 120.9622128, 14.4729318 ], [ 120.9621687, 14.4729275 ], [ 120.9621026, 14.4729176 ], [ 120.9620453, 14.4729033 ], [ 120.9619601, 14.4728706 ], [ 120.9619424, 14.4728663 ], [ 120.9618601, 14.4728307 ], [ 120.9618484, 14.4728236 ], [ 120.9618146, 14.4728108 ], [ 120.9617793, 14.4727895 ], [ 120.9617646, 14.4727752 ], [ 120.9617132, 14.472734 ], [ 120.9616779, 14.4726998 ], [ 120.9616544, 14.4726813 ], [ 120.9616338, 14.4726614 ], [ 120.9616045, 14.4726215 ], [ 120.9615986, 14.4726158 ], [ 120.9615927, 14.4726045 ], [ 120.9615736, 14.4725788 ], [ 120.9615604, 14.4725546 ], [ 120.9615545, 14.4725504 ], [ 120.9615337, 14.4725246 ], [ 120.9615087, 14.4725018 ], [ 120.9614837, 14.4724663 ], [ 120.9614632, 14.4724293 ], [ 120.961447, 14.4724051 ], [ 120.961425, 14.4723425 ], [ 120.9613941, 14.4722827 ], [ 120.9613868, 14.4722557 ], [ 120.9613868, 14.4722471 ], [ 120.9613838, 14.4722372 ], [ 120.9613721, 14.4722073 ], [ 120.9613633, 14.472193 ], [ 120.9613603, 14.4721845 ], [ 120.9613574, 14.4721703 ], [ 120.9613559, 14.4721447 ], [ 120.9613515, 14.472129 ], [ 120.961331, 14.4720863 ], [ 120.9613207, 14.4720721 ], [ 120.9613177, 14.4720607 ], [ 120.9613177, 14.4720536 ], [ 120.961328, 14.4719938 ], [ 120.961328, 14.4719454 ], [ 120.9613266, 14.4719284 ], [ 120.961328, 14.4719227 ], [ 120.961328, 14.4718942 ], [ 120.9613251, 14.4718473 ], [ 120.9613266, 14.4718316 ], [ 120.961331, 14.4718159 ], [ 120.9613354, 14.4718074 ], [ 120.9613369, 14.4717889 ], [ 120.9613354, 14.4717676 ], [ 120.9613369, 14.4717633 ], [ 120.9613457, 14.4716665 ], [ 120.9613634, 14.4716011 ], [ 120.9613634, 14.4715968 ], [ 120.9613767, 14.4715529 ], [ 120.9613796, 14.4715473 ], [ 120.9613826, 14.4715332 ], [ 120.9613945, 14.471502 ], [ 120.9613961, 14.4714791 ], [ 120.9614183, 14.4714204 ], [ 120.9614507, 14.4713575 ], [ 120.9614566, 14.4713348 ], [ 120.9614685, 14.4712679 ], [ 120.9614906, 14.4711913 ], [ 120.961495, 14.4711601 ], [ 120.9614936, 14.4711446 ], [ 120.9614878, 14.4711248 ], [ 120.9614631, 14.4710626 ], [ 120.96145, 14.4710428 ], [ 120.9614223, 14.4710132 ], [ 120.961415, 14.4710076 ], [ 120.9614048, 14.4710047 ], [ 120.9613815, 14.4709892 ], [ 120.9613523, 14.4709765 ], [ 120.9613086, 14.4709511 ], [ 120.9612838, 14.4709398 ], [ 120.9612356, 14.4709257 ], [ 120.9611594, 14.47091 ], [ 120.9610847, 14.4708888 ], [ 120.961048, 14.470883 ], [ 120.9610011, 14.4708688 ], [ 120.960979, 14.4708646 ], [ 120.9608954, 14.4708319 ], [ 120.9608764, 14.470822 ], [ 120.9608484, 14.4708149 ], [ 120.9607852, 14.4707935 ], [ 120.9607676, 14.470785 ], [ 120.9607442, 14.4707666 ], [ 120.9607084, 14.4707473 ], [ 120.9606895, 14.4707445 ], [ 120.960669, 14.4707346 ], [ 120.9606035, 14.4707163 ], [ 120.9605684, 14.4706993 ], [ 120.9605582, 14.4706965 ], [ 120.960529, 14.4706837 ], [ 120.9604281, 14.4706526 ], [ 120.9603562, 14.470627 ], [ 120.9602727, 14.4706057 ], [ 120.960236, 14.4705943 ], [ 120.9601452, 14.4705702 ], [ 120.9600895, 14.4705518 ], [ 120.9600573, 14.4705376 ], [ 120.9600295, 14.4705291 ], [ 120.9599987, 14.4705163 ], [ 120.9599268, 14.4704907 ], [ 120.9598857, 14.4704723 ], [ 120.95978, 14.4704381 ], [ 120.9597595, 14.4704282 ], [ 120.959711, 14.4704097 ], [ 120.9596493, 14.4703756 ], [ 120.9595727, 14.4703414 ], [ 120.9595159, 14.4703209 ], [ 120.9595914, 14.470119 ], [ 120.9601807, 14.4684971 ], [ 120.9602304, 14.4683605 ], [ 120.9604197, 14.4682003 ], [ 120.9606454, 14.4680838 ], [ 120.960711, 14.467909 ], [ 120.9608056, 14.4678143 ], [ 120.9610896, 14.4669114 ], [ 120.9612473, 14.4664033 ], [ 120.9618615, 14.4659844 ], [ 120.9621536, 14.4663659 ], [ 120.9625516, 14.4666006 ], [ 120.9627739, 14.466698 ], [ 120.9629273, 14.4667601 ], [ 120.963626, 14.4670097 ], [ 120.9646409, 14.4673236 ], [ 120.9648724, 14.4673765 ], [ 120.9650974, 14.4674113 ], [ 120.9656111, 14.4674448 ], [ 120.9663677, 14.4674586 ], [ 120.9665589, 14.4674806 ], [ 120.9670784, 14.4675535 ], [ 120.9670895, 14.4675551 ], [ 120.9673988, 14.4672459 ], [ 120.9676085, 14.4669628 ], [ 120.9678092, 14.4665712 ], [ 120.9681247, 14.4668926 ], [ 120.9686501, 14.4673623 ], [ 120.9691692, 14.4676899 ], [ 120.9694844, 14.4681843 ], [ 120.9695715, 14.4683878 ], [ 120.969608, 14.4685304 ], [ 120.9695647, 14.468895 ], [ 120.9693484, 14.4692967 ], [ 120.9689776, 14.4694574 ], [ 120.9687059, 14.4694941 ], [ 120.9680588, 14.4695815 ], [ 120.9677547, 14.4696864 ], [ 120.9675869, 14.4697755 ], [ 120.9675187, 14.4698961 ], [ 120.9674925, 14.4701111 ], [ 120.9675292, 14.4702946 ], [ 120.9676466, 14.4705225 ], [ 120.9681107, 14.4712187 ], [ 120.9685071, 14.4716151 ], [ 120.9689422, 14.4718665 ], [ 120.9691547, 14.4719568 ], [ 120.9693382, 14.471962 ], [ 120.9695224, 14.4718665 ], [ 120.9697351, 14.4716344 ], [ 120.9700252, 14.471296 ], [ 120.9704498, 14.4710182 ], [ 120.9704649, 14.4710148 ], [ 120.9706333, 14.4709763 ], [ 120.9710694, 14.4710446 ], [ 120.9714465, 14.4713154 ], [ 120.9715824, 14.4716212 ], [ 120.9716139, 14.4718047 ], [ 120.9715722, 14.4721759 ], [ 120.9713848, 14.4726509 ], [ 120.9710307, 14.4731718 ], [ 120.9705183, 14.4737713 ], [ 120.9703926, 14.4741677 ], [ 120.9703833, 14.4746816 ], [ 120.9703689, 14.4751047 ], [ 120.9701869, 14.4753805 ] ] ] } }
]
}
